userId,movieId,rating,timestamp
1,1,4.0,964982703
5,1,4.0,847434962
7,1,4.5,1106635946
15,1,2.5,1510577970
17,1,4.5,1305696483
18,1,3.5,1455209816
19,1,4.0,965705637
21,1,3.5,1407618878
27,1,3.0,962685262
31,1,5.0,850466616
32,1,3.0,856736119
33,1,3.0,939647444
40,1,5.0,832058959
43,1,5.0,848993983
44,1,3.0,869251860
45,1,4.0,951170182
46,1,5.0,834787906
50,1,3.0,1514238116
54,1,3.0,830247330
57,1,5.0,965796031
63,1,5.0,1443199669
64,1,4.0,1161520134
66,1,4.0,1104643957
68,1,2.5,1158531426
71,1,5.0,864737933
73,1,4.5,1464196374
76,1,0.5,1439165548
78,1,4.0,1252575124
82,1,2.5,1084467729
86,1,4.0,1344082549
89,1,3.0,1520408314
90,1,3.0,856353996
91,1,4.0,1112713037
93,1,3.0,942767337
96,1,5.0,964772990
98,1,4.5,1532457849
103,1,4.0,1431954238
107,1,4.0,829322340
112,1,3.0,1442535639
119,1,3.5,1435942468
121,1,4.0,847656180
124,1,4.0,1336584336
130,1,3.0,832589610
132,1,2.0,1157921785
134,1,3.0,832841103
135,1,4.0,1009691859
137,1,4.0,1204859907
140,1,3.0,942924980
141,1,4.0,1513130643
144,1,3.5,1137323419
145,1,5.0,832105242
151,1,5.0,855947195
153,1,2.0,1525548642
155,1,3.0,961861723
156,1,4.0,1106854640
159,1,4.5,1508640172
160,1,4.0,971115026
161,1,4.0,1176751765
166,1,5.0,1189980529
167,1,3.5,1154721923
169,1,4.5,1059427918
171,1,5.0,866904159
177,1,5.0,1435533535
178,1,4.0,1164354911
179,1,4.0,852114051
182,1,4.0,1063289621
185,1,4.0,1044311830
186,1,4.0,1031080831
191,1,4.0,829759809
193,1,2.0,1435856890
200,1,3.5,1229886312
201,1,5.0,939801780
202,1,4.0,974923506
206,1,5.0,850763267
213,1,3.5,1316196157
214,1,3.0,853937855
216,1,3.0,975211713
217,1,4.0,955942540
219,1,3.5,1194681084
220,1,5.0,1230055565
223,1,3.5,1226209758
226,1,3.5,1095662606
229,1,5.0,838144316
232,1,3.5,1076955621
233,1,3.0,1524781249
234,1,5.0,1004409347
239,1,4.0,1221158265
240,1,5.0,849122434
247,1,5.0,1467644119
249,1,4.0,1347317775
252,1,4.5,1498284904
254,1,4.5,1180446553
263,1,4.0,940384199
264,1,4.0,1136978964
266,1,2.0,945669542
269,1,5.0,850865423
270,1,5.0,853918728
273,1,5.0,835861234
274,1,4.0,1171410158
275,1,5.0,1049076484
276,1,4.0,858350384
277,1,4.0,861812794
279,1,3.0,1506394495
280,1,4.5,1348435273
282,1,4.5,1378495714
283,1,3.0,901227602
288,1,4.5,1054568869
290,1,4.0,975031464
291,1,4.0,1453051567
292,1,4.0,1219625000
293,1,3.0,1044870886
298,1,2.0,1447518257
304,1,5.0,881428344
307,1,4.0,1186160893
314,1,3.0,834398280
322,1,3.5,1217676206
323,1,3.5,1422640363
328,1,5.0,1494210665
330,1,4.0,1285904910
332,1,4.0,1352672340
334,1,3.5,1225477466
336,1,4.0,1122227329
337,1,4.0,860255715
339,1,4.0,1460183470
341,1,5.0,1439750939
347,1,5.0,847645986
350,1,4.0,864940931
353,1,5.0,831939685
357,1,5.0,1348610184
359,1,4.0,1198112023
364,1,5.0,869443366
367,1,5.0,997811550
372,1,3.0,874416443
373,1,3.0,846830172
378,1,4.5,1445347576
380,1,5.0,1493420345
381,1,3.5,1164383653
382,1,4.5,1515162628
385,1,4.0,834691642
389,1,5.0,857934174
391,1,3.0,1032388077
396,1,5.0,1111688626
399,1,4.0,1167220428
401,1,3.5,1510450550
411,1,5.0,835532155
412,1,2.0,939114353
414,1,4.0,961438127
420,1,4.0,1218207191
422,1,4.0,986173307
432,1,2.5,1316391457
434,1,4.0,1270604402
436,1,4.0,833529571
438,1,4.5,1105650469
443,1,4.0,1501722482
448,1,5.0,1019126661
451,1,5.0,854089165
453,1,5.0,1005966797
456,1,5.0,856883308
460,1,4.5,1359177505
462,1,1.5,1154037653
468,1,4.0,831400444
469,1,4.0,965336888
470,1,4.0,849224825
471,1,5.0,1496671820
474,1,4.0,978575760
476,1,4.0,835021447
477,1,4.0,1200939636
480,1,3.0,1179178004
483,1,4.0,1178293130
484,1,4.5,1342295949
488,1,4.5,1112382025
490,1,3.5,1328229305
492,1,4.0,863975949
500,1,4.0,1005527755
504,1,4.0,1063644695
509,1,4.0,1435992343
514,1,4.0,1533872400
517,1,4.0,1487954343
522,1,3.0,1253344674
524,1,4.0,851608466
525,1,4.0,1476475973
528,1,2.5,1391736605
529,1,3.0,855583216
533,1,5.0,1424753740
534,1,4.0,1459787997
541,1,3.0,835643027
544,1,3.0,850688537
550,1,4.0,1488728441
555,1,4.0,978746159
559,1,5.0,865095758
560,1,3.0,1469653413
561,1,4.0,1491094681
562,1,4.5,1368893997
567,1,3.5,1525286001
570,1,4.0,1181476989
572,1,4.0,945892484
573,1,5.0,1186722182
579,1,4.0,958881146
580,1,3.0,1167792349
584,1,5.0,834987643
587,1,5.0,953137847
590,1,4.0,1258420408
596,1,4.0,1535709666
597,1,4.0,941557863
599,1,3.0,1498524204
600,1,2.5,1237764347
601,1,4.0,1521467801
603,1,4.0,963178147
604,1,3.0,832079851
605,1,4.0,1277097561
606,1,2.5,1349082950
607,1,4.0,964744033
608,1,2.5,1117408267
609,1,3.0,847221025
610,1,5.0,1479542900
6,2,4.0,845553522
8,2,4.0,839463806
18,2,3.0,1455617462
19,2,3.0,965704331
20,2,3.0,1054038313
21,2,3.5,1419795031
27,2,4.0,962685711
51,2,4.5,1230932741
62,2,4.0,1528843890
68,2,2.5,1158532776
82,2,3.0,1084465035
91,2,3.0,1112713392
93,2,5.0,942946208
94,2,4.0,843406960
103,2,4.0,1431957270
104,2,3.0,1114809641
107,2,5.0,829322340
112,2,1.5,1513989948
117,2,3.0,844163002
122,2,4.0,1461561176
125,2,4.0,1474311709
135,2,3.0,1009692764
140,2,3.5,1085569813
144,2,3.0,1137323803
149,2,1.0,902084874
153,2,2.0,1525550601
160,2,4.0,971619578
169,2,4.0,1078284713
177,2,3.5,1435534109
186,2,4.0,1031087675
202,2,4.0,974923336
217,2,2.0,955942327
219,2,2.5,1194740185
221,2,3.5,1111177796
222,2,2.5,1391353926
226,2,3.0,1095662788
230,2,2.5,1196305107
232,2,4.0,1085351710
240,2,5.0,849122404
249,2,4.0,1353800871
259,2,2.0,1146845339
274,2,3.5,1171934785
276,2,4.0,858351189
284,2,4.0,832699451
288,2,2.0,978467973
294,2,3.0,966634189
298,2,0.5,1450452897
299,2,3.0,974620151
304,2,4.0,891173962
305,2,3.5,1460136227
307,2,2.5,1186161482
308,2,3.0,1421374418
318,2,3.5,1270753195
321,2,5.0,843212595
322,2,3.0,1217676495
323,2,4.0,1422640110
330,2,1.5,1285905277
347,2,3.0,847645925
353,2,4.0,831939875
357,2,3.0,1348611277
359,2,3.5,1198112829
373,2,3.0,846830111
380,2,5.0,1493420295
381,2,4.0,1166971855
395,2,3.0,841503884
411,2,4.0,835532398
414,2,3.0,961594981
425,2,3.0,1085477682
426,2,4.5,1451080838
432,2,4.0,1316391739
434,2,2.5,1271039378
436,2,4.0,833529751
446,2,3.0,843839379
447,2,5.0,836961067
448,2,3.0,1019125424
458,2,4.0,845653124
470,2,3.0,849224778
474,2,3.0,1046886814
475,2,4.5,1498031744
476,2,4.0,835021693
477,2,4.0,1200939962
480,2,3.0,1179178191
482,2,4.5,1105395956
483,2,4.0,1178293652
484,2,2.5,1342296219
489,2,2.5,1333101570
497,2,2.5,1429127190
501,2,3.0,844973419
512,2,3.0,841449636
517,2,3.0,1487954340
523,2,4.5,1503126180
525,2,3.5,1476480324
527,2,4.0,1033173338
534,2,4.5,1459787996
559,2,4.0,845476032
561,2,4.0,1491094318
563,2,2.5,1447185161
566,2,4.0,849005893
570,2,3.5,1181477805
573,2,4.5,1187044862
586,2,4.0,1529901723
590,2,2.5,1258420835
592,2,4.0,837350242
594,2,4.0,1109037094
599,2,2.5,1498514085
600,2,4.0,1237764627
602,2,4.0,840875851
604,2,5.0,832080293
605,2,3.5,1277176522
608,2,2.0,1117490786
1,3,4.0,964981247
6,3,5.0,845554296
19,3,3.0,965707636
32,3,3.0,856736172
42,3,4.0,996221045
43,3,5.0,848994405
44,3,3.0,869251910
51,3,4.0,1230932736
58,3,3.0,847719397
64,3,3.5,1161519668
68,3,2.0,1158533415
91,3,3.0,1112712323
100,3,3.5,1100183804
102,3,5.0,840635033
116,3,3.5,1337200325
117,3,3.0,844163663
150,3,3.0,854203124
151,3,3.0,855947242
169,3,5.0,1078284750
179,3,4.0,852114317
217,3,1.0,955944713
226,3,3.5,1095662861
240,3,4.0,849122858
269,3,4.0,850865480
270,3,3.0,853918793
288,3,4.0,975691635
289,3,2.5,1143424657
294,3,1.0,966596854
302,3,3.0,854472084
307,3,3.5,1186161652
308,3,0.5,1421374465
321,3,3.0,843212762
330,3,3.0,1285905545
337,3,4.0,860255784
368,3,3.0,971273951
410,3,4.0,990910830
414,3,4.0,961439278
448,3,3.0,1019128536
456,3,3.0,856883349
470,3,3.0,849370396
477,3,3.0,1200941177
480,3,2.5,1179178556
492,3,4.0,863976005
501,3,5.0,844973817
544,3,3.0,850688562
552,3,1.0,1111472953
555,3,5.0,978747454
588,3,3.0,839317471
590,3,3.0,1258416995
594,3,4.0,1108798921
599,3,1.5,1498505071
608,3,2.0,1117504413
6,5,5.0,845553938
31,5,3.0,850466642
43,5,5.0,848994281
45,5,3.0,959625102
58,5,4.0,847719151
66,5,4.0,1113190367
68,5,2.0,1158533624
84,5,3.0,857653289
103,5,4.0,1431957598
107,5,4.0,829322340
111,5,3.5,1517441319
117,5,3.0,844163754
120,5,4.0,860070029
121,5,3.0,847656405
147,5,4.5,1203267700
150,5,3.0,854203124
169,5,5.0,1078284788
170,5,3.0,840473290
181,5,3.0,845470124
200,5,4.0,1229876436
229,5,3.0,838143681
269,5,3.0,850865480
270,5,3.0,853918793
276,5,3.0,858350427
288,5,2.0,978622571
321,5,3.0,843212719
337,5,4.0,860255784
353,5,3.0,831939914
389,5,4.0,857934242
402,5,3.0,849598135
414,5,2.0,961437647
437,5,2.0,859721015
448,5,3.0,1019128415
451,5,3.0,854089243
456,5,3.0,856883349
458,5,3.0,845652992
470,5,3.0,849370453
474,5,1.5,1053021982
483,5,2.5,1327277284
489,5,2.0,1385823772
490,5,0.5,1324370305
492,5,3.0,863976004
501,5,3.0,844973535
509,5,1.5,1435992893
521,5,3.0,852713143
561,5,3.0,1491094488
590,5,2.0,1258421220
600,5,2.5,1237759452
604,5,3.0,832080355
6,7,4.0,845554264
14,7,3.0,835441989
19,7,2.0,965706657
31,7,4.0,850466642
32,7,4.0,856736173
33,7,1.0,939654896
42,7,3.0,996220162
43,7,5.0,848994392
45,7,3.0,951170390
51,7,4.0,1230932700
58,7,5.0,847719397
68,7,2.0,1230498124
71,7,3.0,864738008
84,7,3.0,857653289
90,7,4.0,856354037
95,7,3.0,1043340043
117,7,4.0,844163615
150,7,3.0,854203124
169,7,4.5,1078284741
177,7,1.0,1435534432
179,7,3.0,852115405
181,7,3.0,845470611
188,7,4.0,962559461
199,7,3.0,940544181
206,7,4.0,850763310
257,7,1.0,1141625546
262,7,3.0,840306238
270,7,3.0,853918793
276,7,4.0,858350645
280,7,4.5,1348532595
286,7,3.5,1119562096
304,7,4.0,881428370
314,7,4.0,834241492
337,7,3.0,860255784
350,7,3.0,864941017
411,7,3.0,835533471
414,7,3.0,961439170
451,7,3.0,854089243
470,7,3.0,849370453
474,7,3.0,978576381
489,7,4.0,1334587547
492,7,3.0,863976055
498,7,4.0,839197378
501,7,4.0,844973817
510,7,1.0,1141158812
513,7,3.0,1159980407
521,7,3.0,852713143
529,7,2.0,855583292
541,7,4.0,835644446
566,7,4.0,849006845
597,7,1.0,941558874
599,7,2.5,1498514161
600,7,3.5,1237851387
606,7,2.5,1171754710
6,11,4.0,845553489
8,11,4.0,839463806
33,11,2.0,939654896
35,11,4.0,830939577
38,11,5.0,841341447
42,11,5.0,996219314
43,11,4.0,848993928
45,11,3.0,951170225
56,11,4.0,835799366
57,11,3.0,965797264
68,11,4.5,1158531050
84,11,4.0,858771861
89,11,2.5,1520408449
94,11,3.0,843406930
100,11,4.0,1100184041
107,11,5.0,829322340
109,11,4.0,841108045
113,11,3.0,980051838
117,11,4.0,844162970
121,11,4.0,847656100
140,11,4.0,949667337
156,11,3.0,946799769
169,11,4.0,1059427956
174,11,5.0,848487132
177,11,3.0,1435890660
181,11,5.0,845469653
199,11,4.0,940543988
201,11,4.0,939227085
202,11,4.0,975013705
235,11,4.0,841422530
239,11,5.0,1221159019
263,11,4.0,941590364
290,11,4.0,974943069
304,11,5.0,891173135
314,11,5.0,834241810
322,11,4.0,1217676534
345,11,2.5,1342828883
347,11,4.0,847645925
353,11,4.0,831939792
357,11,3.5,1348612270
372,11,4.0,874415285
373,11,2.0,846830094
387,11,2.5,1117415000
404,11,4.0,838376006
410,11,3.0,990910298
411,11,4.0,835532370
414,11,5.0,1052148205
438,11,4.0,1105668426
446,11,4.0,843839379
455,11,4.0,836436201
469,11,3.0,965425831
474,11,2.5,1053021437
476,11,3.0,835021635
489,11,1.5,1334170648
500,11,1.0,1005528017
501,11,3.0,844973340
514,11,4.0,1533949297
530,11,4.0,843227087
541,11,4.0,835643146
566,11,5.0,849005826
570,11,3.5,1181477768
579,11,3.0,958879371
587,11,4.0,953138510
590,11,3.0,1258419975
594,11,5.0,1109036973
597,11,3.0,941558713
599,11,2.5,1498516445
602,11,3.0,840875825
606,11,2.5,1174349629
607,11,3.0,964744602
84,14,4.0,857653349
90,14,5.0,856354100
109,14,4.0,841109326
182,14,4.0,1063289654
206,14,4.0,850763367
270,14,5.0,853918850
302,14,4.0,854472122
337,14,3.0,860255866
372,14,4.0,874416949
385,14,3.0,834692097
437,14,3.0,859721080
470,14,4.0,849843318
474,14,3.0,1120827247
492,14,3.0,863976101
521,14,4.0,852713185
544,14,3.0,850688581
602,14,5.0,840875999
604,14,4.0,832081027
6,16,4.0,845553819
18,16,4.5,1461311583
28,16,2.5,1234570375
42,16,5.0,996218017
61,16,4.0,1145531659
64,16,5.0,1161528794
68,16,3.5,1158533018
88,16,4.5,1331421395
91,16,4.5,1112710867
100,16,4.5,1100185959
103,16,5.0,1450982615
105,16,4.5,1446749417
109,16,4.0,841108751
111,16,4.5,1518640768
112,16,4.5,1513990003
121,16,5.0,847656340
136,16,5.0,832449614
162,16,5.0,836511416
177,16,3.0,1435890664
181,16,3.0,845469893
182,16,5.0,1054783631
187,16,4.0,1161849621
191,16,4.0,829759809
195,16,4.0,974705903
201,16,4.0,939227554
226,16,4.5,1095662900
239,16,4.5,1221159148
240,16,3.0,849122640
257,16,3.5,1141625441
261,16,4.0,1404881583
266,16,5.0,944981193
274,16,4.5,1171493420
282,16,4.0,1378491787
287,16,2.0,1110229950
289,16,4.5,1143424648
298,16,4.0,1447597782
303,16,2.5,1053302761
305,16,4.5,1460136042
307,16,4.5,1186087665
310,16,1.0,1078647827
311,16,2.5,1057854247
312,16,4.0,1043177752
317,16,5.0,1430598211
330,16,3.5,1285905440
332,16,3.5,1352673555
337,16,4.0,860256120
339,16,4.5,1460794139
357,16,3.5,1348610125
362,16,4.0,1530640994
368,16,4.0,971275668
372,16,4.0,874415966
373,16,4.0,846830296
380,16,3.0,1494803499
385,16,3.0,834691914
386,16,4.0,842613849
405,16,4.0,1295916006
413,16,5.0,1484440002
414,16,3.0,961517557
427,16,4.0,1053068794
437,16,5.0,859721743
444,16,4.0,832678415
446,16,3.0,843839544
448,16,5.0,1019138531
453,16,3.0,972622830
462,16,3.5,1123893685
464,16,4.5,1287400356
474,16,4.0,1088426731
480,16,4.0,1179161099
482,16,2.0,1105396054
483,16,4.0,1178293782
501,16,3.0,844973535
510,16,1.0,1141158760
514,16,3.5,1533872553
553,16,5.0,1219558107
580,16,4.5,1167790725
585,16,5.0,1307417343
588,16,4.0,839316454
599,16,3.0,1498523389
602,16,3.0,840876085
603,16,4.0,963179585
608,16,4.5,1189471181
610,16,4.5,1479542171
6,17,4.0,845553559
31,17,3.0,850466616
33,17,4.0,939654828
38,17,3.0,841341494
40,17,5.0,832059273
54,17,3.0,830248246
68,17,3.5,1158531987
71,17,1.0,864737933
84,17,5.0,857653240
90,17,5.0,856353996
94,17,1.0,843406942
100,17,4.5,1100184147
112,17,0.5,1513989967
117,17,3.0,844163037
132,17,3.0,1157922698
144,17,4.0,1137323659
156,17,4.0,939884874
162,17,5.0,836510953
166,17,4.0,1190828781
173,17,4.0,843398078
182,17,4.0,1066428620
191,17,5.0,829759809
198,17,3.0,1034136028
206,17,5.0,850763267
214,17,3.0,853937855
227,17,3.5,1447210004
246,17,5.0,1354126066
262,17,3.0,840305810
263,17,5.0,940384427
266,17,1.0,944980787
270,17,4.0,853918728
275,17,5.0,1049079511
288,17,3.5,1054569627
301,17,4.0,1211378910
302,17,5.0,854472022
304,17,3.0,891174111
314,17,4.0,834398442
323,17,3.5,1422640288
337,17,4.0,860255716
346,17,4.0,1155066710
350,17,2.0,864940932
357,17,5.0,1348612178
389,17,4.0,857934174
404,17,4.0,838376049
412,17,5.0,939136944
414,17,4.0,961513829
437,17,4.0,859720978
445,17,3.5,1454621917
446,17,5.0,843839379
451,17,5.0,854089172
474,17,5.0,974668666
488,17,5.0,1112382176
489,17,4.5,1332773255
501,17,3.0,844973419
509,17,3.0,1435992515
517,17,0.5,1487953834
566,17,5.0,849006000
572,17,5.0,945888053
579,17,5.0,977364909
590,17,3.5,1258418302
594,17,4.0,1108972872
597,17,3.0,940362409
599,17,3.5,1498501103
600,17,3.5,1237712509
603,17,3.0,954482210
604,17,4.0,832080092
606,17,4.0,1171838026
4,21,3.0,986935199
5,21,4.0,847435238
6,21,2.0,845553382
8,21,4.0,839463564
28,21,3.0,1242290535
32,21,4.0,856737002
33,21,4.0,939715904
35,21,5.0,830939505
38,21,3.0,841341362
40,21,4.0,832059053
42,21,4.0,996219086
45,21,4.0,1091306011
54,21,3.0,839921390
57,21,3.0,965796969
58,21,4.0,847718718
66,21,4.0,1113190363
84,21,4.0,858772111
91,21,4.0,1112712052
94,21,3.0,843406846
102,21,3.0,835876107
109,21,3.0,841107538
112,21,2.0,1513989975
115,21,4.0,970756771
117,21,4.0,844162913
135,21,3.0,1009691915
140,21,4.0,949666898
156,21,5.0,946799679
181,21,2.0,845469555
182,21,2.5,1054782030
191,21,4.0,829759809
199,21,4.0,940372914
216,21,3.0,975212544
219,21,3.5,1199581468
229,21,4.0,836942097
235,21,4.0,841422461
239,21,4.0,1221158640
242,21,3.0,834073178
262,21,3.0,840305713
266,21,4.0,945669287
273,21,5.0,835860782
275,21,5.0,1049076555
284,21,3.0,832699760
288,21,4.0,975693063
294,21,3.0,966595514
301,21,4.0,1211378459
302,21,4.0,854473184
304,21,4.0,896268435
307,21,2.5,1189457112
308,21,1.0,1421374404
314,21,3.0,834398026
321,21,3.0,843212550
356,21,3.5,1229140823
368,21,3.0,975828964
372,21,3.0,874416570
373,21,1.0,846830035
379,21,2.0,847397556
380,21,2.0,1493422718
385,21,5.0,835118614
386,21,4.0,842610304
404,21,3.0,838375894
410,21,3.0,990910575
411,21,4.0,835532191
414,21,4.0,961438199
438,21,3.5,1105666251
444,21,4.0,832670075
446,21,3.0,843839290
448,21,2.0,1019124231
453,21,3.0,972621787
458,21,5.0,845653030
462,21,4.0,1121923492
470,21,3.0,849075545
474,21,4.0,1119232784
480,21,2.5,1179161927
486,21,4.0,839537017
489,21,2.5,1333101507
501,21,3.0,844973340
524,21,3.0,852404913
555,21,4.0,978746440
565,21,3.0,846533399
566,21,4.0,849005643
572,21,5.0,945890765
587,21,4.0,953138653
588,21,3.0,839316350
592,21,3.0,837350081
597,21,5.0,941559030
599,21,4.0,1498499235
602,21,4.0,840875720
603,21,5.0,963177624
608,21,3.5,1147210949
6,22,5.0,845553875
42,22,5.0,996219167
58,22,3.0,847719108
64,22,3.5,1161559916
91,22,3.5,1112712292
99,22,4.0,829828005
121,22,3.0,847656357
140,22,3.0,951163606
160,22,1.0,971437089
181,22,3.0,845469972
217,22,3.0,955943052
226,22,2.0,1095662268
274,22,3.5,1171759024
297,22,2.0,900871989
307,22,2.0,1186162078
314,22,3.0,834398622
323,22,3.0,1422640551
325,22,3.0,1039397193
353,22,5.0,831939991
368,22,3.0,971276062
373,22,3.0,846830333
386,22,3.0,842613867
411,22,3.0,835532644
414,22,3.0,961518227
428,22,2.5,1111487500
429,22,4.0,828124615
474,22,3.0,1046896006
489,22,3.5,1333022826
504,22,3.5,1063644469
514,22,3.0,1533947171
541,22,4.0,835643333
580,22,4.0,1167861702
584,22,4.0,834988132
588,22,3.0,839317568
602,22,3.0,840876417
604,22,3.0,832080546
6,25,3.0,845553695
14,25,4.0,835441394
31,25,2.0,850466616
32,25,4.0,856736119
33,25,3.0,939646902
36,25,2.5,1100803583
64,25,3.5,1161521571
68,25,3.5,1158531974
84,25,5.0,860396793
90,25,5.0,856353996
91,25,2.0,1112713314
95,25,5.0,1044744590
108,25,4.0,1042838964
109,25,5.0,841108589
112,25,2.5,1513989973
113,25,1.0,980051660
118,25,2.0,944924731
121,25,4.0,847656224
144,25,3.0,1136813341
150,25,4.0,854203072
156,25,4.0,1106854805
171,25,5.0,866904159
178,25,4.5,1164355401
181,25,1.0,845469842
182,25,4.5,1054783186
187,25,3.0,1161872627
191,25,5.0,829759809
195,25,4.0,1008558673
198,25,4.0,1034136139
199,25,5.0,940372513
201,25,5.0,939227591
206,25,5.0,850763267
214,25,2.0,853937855
235,25,5.0,841422634
262,25,3.0,840305912
265,25,1.0,965318357
269,25,5.0,850865423
270,25,4.0,853918728
275,25,3.0,1049079449
282,25,4.0,1378490653
290,25,4.0,974942930
302,25,5.0,854472022
305,25,3.0,1518197993
308,25,1.0,1421374411
330,25,4.5,1285905238
337,25,4.0,860255716
353,25,4.0,831939875
372,25,4.0,874415164
373,25,5.0,846830207
385,25,3.0,834691845
386,25,2.0,842613763
389,25,4.0,857934175
391,25,5.0,1030827466
402,25,3.0,849598104
405,25,4.0,1299377952
414,25,3.0,961517140
432,25,4.5,1315243647
437,25,4.0,859720978
446,25,3.0,843839504
451,25,5.0,854089175
462,25,3.0,1154037817
464,25,4.0,1287400227
474,25,3.5,1127143175
501,25,2.0,844973487
521,25,5.0,852713083
524,25,3.0,851608466
552,25,3.0,1112151250
566,25,2.0,849006116
570,25,4.0,1181477537
580,25,4.0,1167789966
588,25,3.0,839316993
589,25,5.0,856038816
602,25,4.0,840875998
603,25,4.0,954482181
604,25,3.0,832080316
607,25,3.0,963078417
6,26,4.0,845555362
32,26,4.0,856736347
40,26,4.0,832059937
68,26,3.0,1158534106
117,26,4.0,844163712
182,26,4.0,1063648819
262,26,3.0,840309913
314,26,4.0,834398961
470,26,3.0,849843245
474,26,3.5,1136942664
483,26,4.0,1215898801
488,26,2.5,1112382126
599,26,2.5,1498518655
33,28,5.0,939654815
100,28,4.5,1100184447
177,28,2.5,1435536420
246,28,4.5,1354126962
262,28,5.0,840310932
474,28,4.5,1165540007
509,28,3.5,1436031727
594,28,4.5,1108973143
603,28,5.0,953925191
605,28,4.0,1277094943
606,28,3.5,1173049970
23,29,4.0,1107341574
43,29,5.0,848994937
66,29,4.5,1099187646
91,29,4.0,1112711719
95,29,5.0,1043340522
132,29,2.0,1157924165
171,29,5.0,866904396
182,29,4.0,1054779789
187,29,4.0,1161849623
202,29,4.0,974923156
221,29,4.5,1119984574
246,29,5.0,1353864666
253,29,4.5,1286643322
260,29,4.0,1109409486
267,29,4.0,997136080
268,29,5.0,940182766
274,29,4.0,1238050945
287,29,4.5,1110231627
295,29,5.0,1320064417
313,29,4.0,1030474666
318,29,3.5,1413627585
323,29,3.5,1422640570
325,29,4.0,1039398353
330,29,3.0,1285903982
387,29,3.5,1094875272
391,29,5.0,1030826859
440,29,4.5,1237569069
469,29,4.0,965335401
474,29,3.5,1053021379
483,29,5.0,1181495581
521,29,3.0,852713417
555,29,4.0,978841345
576,29,3.5,1358151482
599,29,3.5,1498500987
600,29,4.5,1237713604
602,29,2.0,840876620
603,29,2.0,963177361
606,29,4.5,1179419005
3,31,0.5,1306463578
6,31,3.0,845553819
28,31,2.5,1234334920
40,31,4.0,832059371
47,31,3.0,1496205717
58,31,4.0,847719088
68,31,3.5,1158535464
84,31,3.0,860398679
104,31,4.0,1049135743
109,31,3.0,841108623
117,31,3.0,844163204
131,31,3.0,1349838570
159,31,3.5,1508641164
162,31,4.0,836511596
181,31,3.0,845469893
203,31,3.5,1390094511
240,31,4.0,849122640
282,31,4.5,1378488783
307,31,1.5,1186162274
314,31,3.0,834241586
337,31,5.0,860256120
362,31,4.0,1530642798
372,31,2.0,874416808
387,31,2.5,1094939853
411,31,4.0,835532539
414,31,3.0,961518520
426,31,5.0,1451080848
437,31,4.0,859721815
447,31,4.0,836961195
464,31,4.0,1287400817
474,31,3.0,1060105936
479,31,3.0,1039362413
483,31,2.0,1181495275
518,31,1.0,1056907629
534,31,3.5,1459788707
561,31,2.5,1491094481
599,31,2.0,1498511120
608,31,3.0,1117504582
4,32,2.0,945173447
6,32,4.0,845553426
8,32,3.0,839463624
14,32,4.0,835441168
18,32,4.0,1455209840
19,32,4.0,965703646
23,32,3.5,1107341750
24,32,3.5,1458942033
28,32,3.5,1234335329
32,32,4.0,856736119
33,32,3.0,939647370
39,32,3.0,974787510
45,32,4.5,1121724503
46,32,4.0,834788094
50,32,3.0,1523740563
54,32,3.0,830247417
57,32,4.0,965798685
58,32,5.0,847718745
61,32,4.5,1145532647
63,32,3.0,1443199999
64,32,4.0,1161520763
66,32,5.0,1093747471
72,32,4.5,1217324825
78,32,3.5,1252575140
80,32,4.0,1377308186
81,32,5.0,845299983
90,32,4.0,856353996
91,32,4.0,1112711273
94,32,5.0,843406866
95,32,4.0,1043340522
105,32,3.5,1446571805
109,32,4.0,841107643
112,32,5.0,1442535842
115,32,5.0,958574098
117,32,3.0,844162955
120,32,3.0,860069973
122,32,5.0,1461561526
132,32,3.0,1329983726
133,32,4.0,843491488
135,32,5.0,1009691695
144,32,4.0,1137323444
146,32,5.0,1312508179
149,32,4.0,902085272
150,32,5.0,854203071
160,32,5.0,971113953
166,32,4.0,1189038252
171,32,5.0,866904158
174,32,3.0,848487101
179,32,4.0,852114116
182,32,4.0,1054779785
191,32,5.0,829759809
195,32,4.0,974709650
198,32,5.0,1034135531
201,32,4.0,939833041
202,32,4.0,974925068
206,32,3.0,850763267
219,32,3.5,1194686177
220,32,4.5,1230055680
221,32,5.0,1111177792
222,32,3.0,1391353917
226,32,4.0,1095662618
227,32,4.5,1447210296
235,32,4.0,841422499
237,32,5.0,1411233598
239,32,5.0,1221159452
242,32,5.0,834073281
247,32,3.0,1467661273
249,32,5.0,1346752537
254,32,4.5,1180446451
259,32,5.0,1146845633
264,32,1.0,1136979041
265,32,4.0,965316504
266,32,4.0,945751855
269,32,4.0,850865423
270,32,4.0,853918727
271,32,4.0,1234302161
273,32,5.0,835861257
274,32,4.0,1171409321
275,32,5.0,1049078728
277,32,5.0,861812794
282,32,4.0,1378497758
284,32,5.0,832699723
288,32,5.0,975692000
292,32,2.0,1019516667
298,32,4.0,1450369288
302,32,3.0,854472021
303,32,3.5,1053303318
304,32,4.0,881427991
305,32,5.0,1460222250
307,32,3.5,1186160917
312,32,4.0,1043176620
313,32,4.0,1030475177
314,32,3.0,839857723
317,32,4.0,1430361493
318,32,4.5,1263848497
323,32,2.5,1422640375
325,32,4.0,1039396494
330,32,5.0,1285904958
332,32,2.5,1352671273
337,32,4.0,860255715
339,32,3.0,1460518918
345,32,3.5,1342827269
347,32,3.0,847645812
350,32,4.0,864940930
353,32,5.0,831939731
354,32,4.0,1200870157
364,32,3.0,869443366
372,32,4.0,874415441
373,32,4.0,846830055
375,32,5.0,1225314381
376,32,5.0,1364994049
377,32,4.5,1340342216
380,32,5.0,1493494899
381,32,3.5,1200824503
385,32,4.0,838323677
386,32,3.0,842610360
387,32,3.5,1094876449
389,32,4.0,857934174
391,32,4.0,1030826859
398,32,5.0,1311207513
405,32,4.5,1295910764
414,32,5.0,961514667
420,32,3.5,1218047864
424,32,3.5,1457901858
425,32,4.0,1085477320
434,32,3.5,1270604323
437,32,4.0,859720977
438,32,4.0,1105666143
445,32,5.0,1454622049
446,32,4.0,843839327
448,32,2.0,1019132949
449,32,4.0,1053200119
451,32,5.0,854089163
453,32,5.0,972621444
456,32,3.0,856883308
462,32,3.5,1121921239
464,32,3.5,1275548714
468,32,4.0,831400500
469,32,5.0,965335350
470,32,3.0,849075682
474,32,4.0,1081177409
476,32,4.0,835021513
477,32,4.5,1200939654
480,32,4.0,1179177844
483,32,5.0,1178213437
486,32,5.0,839537271
489,32,3.5,1333023575
492,32,3.0,863975946
501,32,3.0,844973340
509,32,4.0,1435998135
512,32,5.0,841449445
513,32,4.0,1159980466
520,32,3.5,1326608236
521,32,3.0,852713082
524,32,3.0,851608466
529,32,5.0,855583215
544,32,3.0,850688537
553,32,5.0,1219564918
555,32,4.0,978841464
559,32,3.0,845475965
560,32,3.5,1469647882
561,32,3.5,1491091981
565,32,5.0,846533428
566,32,4.0,849005720
570,32,4.0,1181477032
580,32,5.0,1167790855
587,32,5.0,953141417
590,32,3.0,1258420444
596,32,3.5,1535709749
599,32,3.0,1498519822
600,32,4.5,1237858629
602,32,3.0,840875779
603,32,3.0,963179615
604,32,4.0,832079958
606,32,4.0,1173653921
608,32,3.5,1117336682
610,32,4.5,1479543331
5,34,4.0,847434881
6,34,4.0,845553354
8,34,5.0,839463546
18,34,2.5,1455617533
19,34,4.0,965705661
20,34,4.0,1054038093
26,34,3.0,836950483
27,34,5.0,962685351
33,34,3.0,939646940
40,34,5.0,832059080
43,34,5.0,848993816
63,34,3.0,1443201169
64,34,4.5,1161520212
68,34,1.0,1158531735
82,34,2.0,1084467775
84,34,4.0,858772153
93,34,5.0,942767143
94,34,4.0,843406765
95,34,4.0,1071803856
96,34,5.0,964773008
103,34,4.0,1431957104
109,34,3.0,841107487
111,34,2.5,1516153818
115,34,2.0,957760059
117,34,3.0,844163454
126,34,3.0,845925854
132,34,1.5,1157921395
136,34,2.0,832449299
140,34,4.0,942910010
142,34,4.0,838932132
144,34,3.0,1137323545
156,34,4.0,939853183
160,34,5.0,971619022
169,34,4.0,1059427862
170,34,5.0,840472895
174,34,4.0,848487060
179,34,5.0,840907679
181,34,5.0,845469500
185,34,2.0,1044311830
191,34,4.0,829760897
198,34,4.0,1034137414
200,34,2.5,1229877775
201,34,5.0,939801740
216,34,5.0,975212451
217,34,4.0,955943345
220,34,4.5,1230055796
223,34,1.0,1226209953
229,34,5.0,836942064
230,34,2.0,1196304670
234,34,3.0,1004409582
235,34,4.0,841422446
240,34,5.0,849122277
255,34,1.0,1005717433
263,34,4.0,940384374
273,34,4.0,835860782
274,34,4.0,1171756208
275,34,5.0,1049078728
288,34,4.0,975693063
290,34,4.0,974942304
292,34,3.5,1219625047
305,34,3.0,1460136295
323,34,2.5,1422640415
328,34,5.0,1494210549
330,34,3.0,1285905096
331,34,2.0,1537157568
347,34,4.0,847645761
349,34,5.0,834750842
353,34,5.0,831939731
354,34,3.5,1200870571
357,34,4.0,1348611388
359,34,2.5,1198112136
367,34,3.0,997811126
372,34,4.0,874415934
373,34,4.0,846830015
377,34,4.0,1340347654
379,34,5.0,847397499
380,34,4.0,1493420018
381,34,3.5,1164877286
386,34,4.0,842610286
391,34,3.0,1032389962
394,34,3.0,838994398
395,34,3.0,841503656
404,34,4.0,838375864
411,34,4.0,835532191
412,34,5.0,939114265
414,34,5.0,961438127
425,34,3.5,1114173653
430,34,3.0,963889406
434,34,3.5,1270604933
436,34,5.0,833529621
446,34,5.0,843839272
453,34,4.0,972622496
455,34,4.0,836436023
457,34,2.0,993610564
470,34,4.0,849075432
474,34,4.5,1081177349
476,34,4.0,835021494
477,34,4.0,1200939719
480,34,4.0,1179178044
488,34,3.0,1112382292
489,34,2.0,1333101391
498,34,3.0,839197341
507,34,5.0,838964683
509,34,3.5,1435998986
514,34,4.0,1533872519
517,34,5.0,1487954303
525,34,3.0,1476480775
527,34,5.0,1033173966
534,34,4.0,1459793302
559,34,5.0,845475917
560,34,2.5,1469647264
561,34,2.5,1491095062
563,34,2.0,1441846213
565,34,4.0,846533367
567,34,2.5,1525288053
570,34,3.5,1181477210
579,34,3.0,958880089
580,34,2.5,1167673463
584,34,3.0,834987730
593,34,4.0,1181008004
596,34,4.0,1535827362
597,34,4.0,940362281
600,34,2.0,1237711536
602,34,1.0,840875700
603,34,4.0,963179273
604,34,4.0,832079958
607,34,3.0,963079238
608,34,3.5,1117491662
5,36,4.0,847435292
6,36,5.0,845553726
11,36,4.0,902155135
18,36,4.0,1455617478
32,36,4.0,856736172
33,36,5.0,939715317
44,36,4.0,869251910
51,36,3.0,1230929322
58,36,4.0,847718991
64,36,4.0,1161521343
70,36,5.0,1355198746
84,36,5.0,857653289
90,36,4.0,856354037
91,36,3.0,1112712316
103,36,4.0,1431957252
109,36,5.0,841143673
112,36,0.5,1513989966
117,36,3.0,844163102
142,36,4.0,838933753
150,36,4.0,854203123
162,36,5.0,836511416
171,36,4.0,866904192
182,36,4.5,1063289589
191,36,5.0,829759809
195,36,4.0,1008558588
198,36,5.0,1034136028
199,36,4.0,940372656
206,36,5.0,850763310
229,36,4.0,838147251
235,36,4.0,841422650
243,36,4.0,837155409
262,36,5.0,840305940
263,36,4.0,940384427
265,36,4.0,965316145
270,36,5.0,853918793
290,36,4.0,975031318
301,36,4.5,1211378851
302,36,4.0,854472084
304,36,1.0,881428195
308,36,1.0,1421374415
323,36,3.5,1422640290
337,36,4.0,860255783
357,36,3.5,1348610447
372,36,3.0,874414994
378,36,4.0,1445347078
402,36,3.0,849598135
404,36,3.0,838376195
414,36,3.0,961516989
425,36,3.0,1085477524
432,36,3.5,1316391708
437,36,4.0,859721015
462,36,3.5,1123891148
469,36,3.0,965846167
470,36,4.0,849370395
474,36,5.0,979180034
488,36,4.5,1112382199
492,36,4.0,863976004
501,36,3.0,844973487
521,36,4.0,852713143
559,36,4.0,845476089
588,36,2.0,839316709
589,36,5.0,856038894
590,36,3.5,1258420766
602,36,3.0,840876228
603,36,4.0,953925157
606,36,3.5,1171820699
607,36,4.0,964744413
21,38,2.5,1419795113
217,38,2.0,955945548
448,38,3.0,1019227804
474,38,1.0,1089387538
5,39,3.0,847434961
8,39,3.0,839463644
12,39,4.0,1247264471
14,39,3.0,835441186
32,39,3.0,856737205
33,39,5.0,939654896
35,39,3.0,830939546
38,39,3.0,841341384
45,39,3.0,951170338
46,39,3.0,834788093
56,39,4.0,835799274
57,39,3.0,965796392
58,39,5.0,847718745
64,39,4.0,1161520967
68,39,4.0,1158532000
91,39,1.5,1112713319
94,39,1.0,843406866
95,39,4.0,1043339476
102,39,3.0,835876151
104,39,4.0,1048587379
109,39,3.0,841107584
111,39,4.0,1516153474
112,39,0.5,1513989927
113,39,3.0,980051704
117,39,3.0,844162955
121,39,4.0,847656062
132,39,3.0,1157921453
144,39,3.5,1137323676
156,39,1.0,939842934
167,39,2.0,1154723333
169,39,3.5,1059428140
174,39,4.0,848487101
176,39,3.0,840108930
177,39,4.0,1435890554
181,39,3.0,845469625
191,39,1.0,829760897
200,39,5.0,1229886362
216,39,3.0,975212451
224,39,5.0,971812919
226,39,3.0,1095662724
230,39,3.0,1196304844
232,39,3.0,1182909940
235,39,3.0,841422477
240,39,5.0,849122324
242,39,3.0,834073303
263,39,4.0,941590574
266,39,2.0,945669397
275,39,4.0,1049076538
280,39,4.0,1348532012
283,39,1.0,901228254
284,39,3.0,832786975
286,39,3.5,1119562094
294,39,2.0,966595276
307,39,2.0,1186161053
308,39,3.0,1421374380
313,39,4.0,1030555731
314,39,3.0,834398364
328,39,2.0,1494210780
347,39,4.0,847645812
353,39,1.0,831939750
357,39,4.5,1348612128
367,39,4.0,997812337
370,39,3.5,1159162930
372,39,3.0,874417086
386,39,3.0,842610325
387,39,2.5,1095040527
409,39,4.0,968979119
414,39,4.0,961438265
434,39,3.0,1270606827
446,39,3.0,843839306
458,39,4.0,845653086
468,39,5.0,831400519
469,39,2.0,965425327
470,39,3.0,849075682
474,39,3.5,1129579520
480,39,2.5,1179177930
484,39,4.5,1342296074
486,39,3.0,839537186
489,39,3.5,1332772964
500,39,1.0,1005527926
506,39,5.0,1424487595
507,39,3.0,838964728
509,39,4.0,1435992749
512,39,4.0,841449426
525,39,4.5,1476477672
555,39,4.0,978746326
559,39,3.0,845475987
561,39,3.0,1491091334
564,39,3.5,1478453734
566,39,4.0,849005720
570,39,3.0,1181477492
577,39,3.0,945964946
583,39,5.0,1481474136
584,39,1.0,834987810
592,39,4.0,837350111
594,39,4.5,1115885611
596,39,4.0,1535827547
597,39,4.0,941558116
599,39,3.0,1498525783
600,39,3.0,1237858693
602,39,5.0,840875757
603,39,5.0,954482276
604,39,3.0,832079983
608,39,3.0,1117415401
311,40,3.5,1057854804
544,40,5.0,850688776
6,41,4.0,845554962
9,41,3.0,1044656650
59,41,5.0,953609923
91,41,4.0,1112716937
117,41,4.0,844163693
182,41,4.5,1054781875
268,41,4.0,940181204
314,41,3.0,834398878
337,41,3.0,860255992
372,41,4.0,874415991
467,41,4.0,919671922
470,41,3.0,849843245
474,41,3.5,1089386983
593,41,4.0,1181007216
599,41,2.5,1498518847
6,43,4.0,845555607
33,43,2.0,939716739
288,43,3.0,976122034
437,43,3.0,859721556
470,43,3.0,849370292
474,43,3.5,1081177921
521,43,4.0,852713446
599,43,3.0,1519347048
4,45,3.0,986935047
6,45,3.0,845553907
64,45,3.5,1161564506
84,45,4.0,858772239
109,45,3.0,841108914
132,45,2.5,1157923125
156,45,4.0,946799570
181,45,3.0,845470124
182,45,3.0,1075764933
217,45,2.0,955943999
229,45,3.0,838143681
250,45,4.0,1121217522
266,45,2.0,945669246
275,45,2.0,1049076616
316,45,4.5,1111493212
385,45,3.0,837949548
386,45,3.0,842613904
387,45,2.5,1094877493
396,45,3.0,1111688518
414,45,3.0,961438476
446,45,3.0,843839593
469,45,4.0,965425742
474,45,4.0,1014924369
476,45,3.0,835022455
479,45,3.0,1039367502
501,45,3.0,844973535
502,45,3.5,1111757345
536,45,5.0,832840081
597,45,5.0,941559030
599,45,2.5,1498516640
602,45,5.0,840876055
603,45,4.0,963179538
6,46,4.0,845554551
40,46,4.0,832059892
84,46,3.0,858771890
113,46,3.0,980051838
201,46,1.0,939227085
240,46,3.0,849123161
268,46,1.0,940180773
304,46,5.0,911720227
411,46,2.0,835533337
414,46,2.0,961514407
474,46,3.0,1081178156
489,46,3.5,1333658594
594,46,4.5,1108973615
600,46,3.0,1237851925
606,46,4.0,1171757334
1,47,5.0,964983815
4,47,2.0,945173425
6,47,4.0,845553317
8,47,4.0,839463546
13,47,5.0,987895819
14,47,5.0,835441133
15,47,3.5,1510571970
16,47,3.5,1377477814
17,47,4.0,1307262715
18,47,4.5,1455050013
19,47,3.0,965710720
26,47,4.0,836950431
28,47,3.0,1235975946
39,47,3.0,974789632
41,47,3.5,1458939486
42,47,4.0,996218105
43,47,4.0,848993793
47,47,3.0,1496209354
54,47,3.0,839921084
56,47,5.0,835799219
58,47,5.0,847718657
62,47,4.5,1521489234
63,47,4.0,1443201084
64,47,4.5,1161520185
66,47,5.0,1093747353
68,47,4.0,1158531489
72,47,4.5,1217324851
75,47,2.0,1158968272
76,47,3.5,1439168120
81,47,3.0,845299983
82,47,3.5,1084467783
91,47,4.5,1112712832
94,47,2.0,843406765
102,47,5.0,835876045
104,47,0.5,1053336550
105,47,5.0,1446571714
109,47,3.0,841107393
110,47,4.5,1175330162
112,47,5.0,1442535846
116,47,3.5,1337199584
117,47,4.0,844162892
121,47,3.0,847656010
122,47,4.5,1461561420
123,47,4.5,1447291940
126,47,5.0,845925822
129,47,3.5,1167376335
131,47,4.0,1349840567
132,47,4.0,1157921243
133,47,4.0,843491396
134,47,4.0,832841168
135,47,5.0,1009691144
136,47,5.0,832449299
140,47,4.0,942842215
141,47,3.0,1513130660
142,47,4.0,838934238
144,47,4.5,1137323517
152,47,5.0,1450867741
156,47,3.5,1106854709
160,47,5.0,971115962
166,47,4.0,1188774624
171,47,5.0,866905267
176,47,5.0,840109138
177,47,4.5,1435533571
178,47,4.5,1164355292
179,47,4.0,840907616
181,47,3.0,845469500
182,47,4.0,1054781315
187,47,4.0,1161850486
191,47,4.0,829760898
192,47,3.0,835129031
198,47,5.0,1034136177
199,47,3.0,940372883
200,47,4.0,1229885752
204,47,5.0,1327182956
217,47,2.0,955942953
219,47,3.5,1194686017
220,47,3.0,1230055738
222,47,4.0,1391350444
223,47,3.0,1226209770
226,47,5.0,1160003508
227,47,5.0,1447209787
230,47,3.0,1196304391
232,47,4.5,1241823324
233,47,3.5,1524781264
239,47,5.0,1221158250
241,47,4.0,1447540959
242,47,5.0,834073178
247,47,4.0,1467644262
249,47,5.0,1346757700
251,47,5.0,1470677268
254,47,4.5,1180447550
260,47,4.5,1109408487
261,47,4.0,1404881499
268,47,3.0,940180858
274,47,4.0,1171172762
284,47,3.0,832695534
286,47,5.0,1119562911
288,47,3.5,1054568985
294,47,2.0,966597476
297,47,4.0,900871748
298,47,4.0,1447518037
301,47,4.5,1211377521
302,47,5.0,854473264
305,47,4.0,1460135569
307,47,4.0,1186160966
313,47,5.0,1030476272
314,47,1.0,834398302
317,47,5.0,1430361508
318,47,4.0,1433139531
322,47,4.0,1217676246
326,47,4.0,1419880411
328,47,4.5,1494211964
330,47,3.0,1285904519
332,47,4.0,1352672211
334,47,2.0,1234629901
336,47,4.5,1122227343
337,47,5.0,860256118
339,47,4.5,1460186377
346,47,3.5,1172693170
347,47,3.0,847645738
351,47,4.5,1326027964
352,47,5.0,1493931953
353,47,5.0,831939731
354,47,4.0,1200870867
362,47,4.5,1530640109
368,47,4.0,971275475
369,47,3.5,1237083091
370,47,3.5,1159162973
372,47,5.0,874417240
373,47,5.0,846829997
379,47,3.0,847397459
380,47,5.0,1493494893
381,47,2.0,1166980226
386,47,3.0,842610286
387,47,4.5,1094876919
391,47,3.0,1030944178
400,47,5.0,1498870391
402,47,3.0,849654599
403,47,5.0,1225243620
404,47,3.0,838375864
411,47,4.0,835532191
412,47,3.0,939114573
414,47,4.0,961681857
415,47,4.0,1382470301
417,47,5.0,1532134167
419,47,4.0,1321659049
424,47,5.0,1457842442
425,47,4.5,1085477391
426,47,0.5,1451081886
432,47,4.0,1315244565
433,47,3.0,1506823900
434,47,4.0,1270603499
437,47,4.0,859721361
441,47,4.5,1451166486
444,47,4.0,832670399
445,47,4.5,1454622061
446,47,4.0,843839250
448,47,4.0,1019132386
452,47,5.0,1019581177
453,47,5.0,972622637
462,47,4.0,1154037716
464,47,5.0,1275549635
468,47,5.0,831400545
469,47,4.0,965336711
470,47,3.0,849075299
474,47,4.0,979180247
477,47,4.0,1200939679
480,47,4.5,1179177656
483,47,3.5,1178215187
484,47,4.0,1342228947
486,47,3.0,839537220
489,47,3.0,1333101316
498,47,3.0,839197341
505,47,5.0,1298780253
507,47,3.0,838964683
512,47,5.0,841449359
514,47,4.0,1533872325
517,47,2.0,1487958109
524,47,5.0,851608960
525,47,3.5,1476476493
534,47,4.0,1459787998
540,47,4.5,1179109020
541,47,1.0,835643038
542,47,5.0,1163386913
551,47,4.5,1505548073
560,47,4.0,1469648029
561,47,4.5,1491091954
565,47,4.0,846533338
570,47,3.5,1181477162
573,47,5.0,1186589586
574,47,5.0,834634527
580,47,5.0,1167791127
584,47,5.0,834987730
588,47,3.0,839316278
590,47,3.0,1258420506
597,47,4.0,940361541
599,47,4.0,1498499364
600,47,4.0,1237852430
601,47,4.0,1521467863
602,47,5.0,840875668
606,47,3.0,1171927423
608,47,4.5,1117162426
610,47,5.0,1479545853
1,50,5.0,964982931
5,50,4.0,847434881
6,50,1.0,845553381
7,50,4.5,1106635993
8,50,5.0,839463644
16,50,4.0,1377476781
17,50,4.5,1305697013
18,50,5.0,1455049343
23,50,4.0,1107163741
24,50,4.0,1458942023
28,50,3.5,1234337966
29,50,3.5,1308007653
32,50,5.0,856737002
33,50,5.0,939646733
35,50,5.0,830939598
38,50,5.0,841341362
39,50,5.0,974788030
41,50,3.0,1459367479
42,50,5.0,996217838
45,50,5.0,951756750
46,50,5.0,834788094
54,50,3.0,830248246
57,50,5.0,965796686
58,50,5.0,847718718
60,50,3.0,1393542060
61,50,4.5,1145532639
63,50,5.0,1443199758
64,50,3.0,1161528982
66,50,4.0,1104644110
68,50,3.0,1158531764
69,50,5.0,1021646926
72,50,4.5,1217324720
80,50,4.5,1377308037
84,50,4.0,857653594
88,50,5.0,1331421330
91,50,4.5,1112712816
96,50,5.0,964773008
103,50,4.0,1431955220
105,50,5.0,1446571713
109,50,4.0,841107584
112,50,5.0,1442535839
117,50,4.0,844162933
122,50,5.0,1461561151
124,50,4.5,1336412889
131,50,4.0,1349840171
132,50,4.0,1157920377
133,50,3.0,843491446
140,50,3.0,942840991
142,50,5.0,838934155
145,50,5.0,832105428
152,50,4.5,1450572430
156,50,4.0,940001349
160,50,4.0,971113158
162,50,4.0,836511263
166,50,5.0,1188774404
174,50,3.0,848487075
177,50,4.0,1435523529
178,50,4.5,1163673981
182,50,4.5,1054781309
187,50,4.5,1161849680
191,50,5.0,829760898
195,50,5.0,974705671
197,50,3.0,947462391
198,50,5.0,1034136008
199,50,4.0,940372419
202,50,4.0,974924628
211,50,4.0,1350912267
215,50,5.0,1260908668
217,50,3.0,955942801
219,50,5.0,1194685882
220,50,5.0,1230054959
221,50,4.5,1118246575
222,50,3.0,1391346849
228,50,4.5,1363222968
233,50,4.0,1472587568
237,50,2.5,1410631753
239,50,4.5,1221158083
241,50,4.0,1447536935
246,50,4.5,1353869486
247,50,5.0,1467643861
249,50,4.0,1364546154
254,50,4.5,1180564704
260,50,5.0,1109410623
261,50,4.0,1404881245
262,50,3.0,840305713
266,50,4.0,944980462
268,50,5.0,940180799
274,50,4.0,1171408986
275,50,4.0,1049078044
278,50,5.0,1193753316
279,50,3.5,1506394189
280,50,4.5,1348434052
282,50,4.5,1378489751
287,50,3.5,1110230077
290,50,4.0,975031748
294,50,3.0,966597387
295,50,5.0,1320064969
296,50,5.0,1532993858
297,50,5.0,900871748
298,50,3.5,1447516828
301,50,4.5,1211377304
305,50,5.0,1460134079
307,50,4.5,1186160949
308,50,2.5,1421373873
309,50,4.5,1126451972
313,50,5.0,1030476169
314,50,4.0,847175449
317,50,5.0,1430361374
322,50,4.0,1217675827
323,50,4.5,1422640061
326,50,2.0,1322867550
327,50,4.5,1234788095
328,50,4.0,1494206971
329,50,2.0,1523468332
330,50,5.0,1285904637
331,50,5.0,1537157516
332,50,4.0,1352671786
335,50,5.0,1261542414
336,50,5.0,1120568496
337,50,3.0,860256158
338,50,4.5,1530148314
343,50,4.5,1202061253
346,50,4.0,1125857414
348,50,5.0,1378850183
352,50,5.0,1493931911
354,50,4.5,1200869832
356,50,3.5,1229142733
357,50,5.0,1348610163
362,50,3.5,1530637009
363,50,4.0,1502584540
368,50,4.0,971275320
370,50,4.5,1159161956
372,50,5.0,874414678
373,50,5.0,846830055
380,50,4.0,1493420347
381,50,4.5,1168576731
382,50,5.0,1515160611
385,50,3.0,834691694
386,50,3.0,842610344
387,50,4.5,1094876246
391,50,4.0,1030827636
394,50,5.0,838994626
396,50,4.0,1111688630
400,50,5.0,1498870285
411,50,3.0,835532221
414,50,5.0,961681714
415,50,4.5,1382469955
418,50,4.5,1461865740
419,50,4.0,1321854706
424,50,5.0,1457842255
425,50,4.5,1085477355
432,50,3.0,1315243055
433,50,5.0,1506823884
435,50,4.0,1366676016
437,50,4.0,859721362
444,50,5.0,832670838
446,50,4.0,843839306
448,50,4.0,1064741727
449,50,4.5,1053199959
453,50,5.0,972621262
455,50,3.0,836436049
462,50,3.5,1154037688
469,50,4.0,965336630
470,50,3.0,849075545
472,50,5.0,1345843346
474,50,4.0,979179872
480,50,3.5,1179160287
482,50,4.0,1105396885
483,50,4.5,1204405320
495,50,4.0,1458634563
497,50,3.0,1429127291
501,50,3.0,844973340
510,50,4.0,1141160526
512,50,5.0,841449402
515,50,4.5,1513678307
522,50,4.5,1253430096
524,50,2.0,851608781
525,50,4.5,1476476363
541,50,5.0,835643052
553,50,4.0,1219557525
555,50,5.0,978819462
560,50,4.0,1469647239
561,50,4.5,1491090860
562,50,4.0,1368894758
565,50,5.0,846533399
566,50,5.0,849005642
567,50,1.0,1525282012
568,50,5.0,1243576177
569,50,3.0,849190709
573,50,5.0,1248841981
580,50,5.0,1167789884
587,50,5.0,953141366
588,50,5.0,839316659
590,50,4.5,1264910688
593,50,4.5,1181007737
595,50,5.0,938807286
596,50,3.5,1535709301
597,50,5.0,940362491
599,50,3.5,1498500777
601,50,5.0,1441639169
602,50,5.0,840875720
606,50,4.5,1171234887
608,50,4.5,1117491010
610,50,4.0,1493844757
4,52,3.0,964622786
32,52,3.0,856736227
57,52,3.0,969753586
84,52,5.0,857653318
90,52,5.0,856354072
109,52,3.0,841109666
120,52,3.0,860070065
150,52,4.0,854203163
156,52,3.5,1106855391
179,52,4.0,852115696
191,52,5.0,829759809
270,52,4.0,853918850
314,52,3.0,845285951
372,52,4.0,874416234
402,52,3.0,849598217
410,52,4.0,990910213
411,52,2.0,835533198
414,52,3.0,961438413
437,52,4.0,859721046
462,52,3.0,1123890939
474,52,4.0,1004131663
492,52,3.0,863976101
521,52,4.0,852713185
597,52,4.0,941559030
599,52,3.0,1498525392
600,52,3.5,1237715563
602,52,3.0,840876566
603,52,1.0,963178236
4,58,3.0,964538444
5,58,5.0,847435238
7,58,3.0,1106635520
23,58,3.0,1107164183
32,58,5.0,856736227
33,58,4.0,939646784
74,58,5.0,1207502891
90,58,5.0,856354071
91,58,2.0,1112710933
132,58,2.0,1157919923
150,58,3.0,854203163
156,58,4.0,1106855269
191,58,4.0,829759809
198,58,5.0,1034137364
202,58,4.0,975013724
206,58,5.0,850763367
221,58,4.5,1111176234
267,58,5.0,959807857
270,58,4.0,853918849
302,58,5.0,854472122
304,58,4.0,899026578
310,58,4.5,1078647847
325,58,4.0,1039395583
330,58,5.0,1285904454
359,58,4.5,1198113196
391,58,4.0,1030827343
410,58,4.0,990807791
425,58,3.5,1085490369
427,58,2.0,1053071377
444,58,5.0,832679295
467,58,5.0,919672099
474,58,3.5,1126533613
521,58,4.0,852713185
559,58,4.0,865095758
587,58,5.0,953141592
603,58,3.0,954482414
606,58,3.5,1181771144
6,62,4.0,845553660
27,62,5.0,962684909
28,62,3.5,1242290542
31,62,4.0,850466616
32,62,3.0,856736119
35,62,5.0,830939748
38,62,3.0,841341570
40,62,5.0,832059339
45,62,4.0,1091306047
47,62,3.0,1496205312
58,62,3.0,847718910
68,62,3.5,1158531021
71,62,4.0,864737933
84,62,4.0,857653240
100,62,4.0,1100185952
107,62,5.0,829322340
109,62,5.0,841108564
112,62,4.0,1513989987
117,62,4.0,844163122
121,62,5.0,847656203
136,62,5.0,832449522
140,62,4.5,1055092420
150,62,3.0,854203072
151,62,4.0,855947196
156,62,2.0,1106854830
159,62,3.0,1508641179
162,62,5.0,836510953
169,62,5.0,1078284604
174,62,1.0,848487212
181,62,4.0,845469756
196,62,4.5,1460954240
199,62,1.0,941295529
200,62,3.0,1229886642
202,62,3.0,975013683
206,62,4.0,850763267
214,62,3.0,853937855
235,62,5.0,841422615
243,62,5.0,837155394
270,62,5.0,853918728
274,62,3.0,1171492326
276,62,5.0,858350385
277,62,2.0,861812794
287,62,2.0,1110231040
292,62,3.0,1293563062
304,62,5.0,881427812
307,62,3.0,1186161410
314,62,4.0,836234560
323,62,2.5,1422640114
330,62,3.0,1285905259
337,62,3.0,860255716
356,62,4.5,1229142896
357,62,3.0,1348612191
372,62,3.0,874415902
381,62,4.5,1263494357
385,62,3.0,836844635
389,62,5.0,857934174
404,62,4.0,838376141
411,62,5.0,835532559
414,62,4.0,961517885
437,62,3.0,859720978
438,62,4.0,1105649800
455,62,4.0,836436499
458,62,5.0,845652560
470,62,3.0,849224778
474,62,2.5,1053021366
480,62,3.5,1179178063
482,62,5.0,1105396550
492,62,4.0,863975954
498,62,5.0,839197444
501,62,3.0,844973487
514,62,4.0,1533949200
522,62,3.0,1253345769
525,62,3.5,1476480183
529,62,3.0,855583216
544,62,5.0,850688537
572,62,4.0,945890338
580,62,2.0,1167790047
600,62,2.5,1237713038
603,62,1.0,963180075
604,62,4.0,832080293
6,92,4.0,845555454
19,92,2.0,965712048
91,92,2.0,1112716903
151,92,1.0,855948256
414,92,2.0,961518731
474,92,3.5,1087832141
604,92,3.0,832080615
606,92,3.5,1171365342
474,96,3.5,1053020997
1,101,5.0,964980868
103,101,4.0,1431969655
221,101,4.5,1111178274
249,101,3.0,1388146126
260,101,2.0,1109408704
274,101,3.5,1250200353
275,101,5.0,1049076601
287,101,4.0,1110231576
307,101,4.5,1186087030
313,101,5.0,1030557466
356,101,3.5,1229139373
414,101,4.0,961438199
448,101,3.5,1076328586
454,101,3.0,1279476562
474,101,3.5,1081862489
480,101,5.0,1179160947
500,101,1.0,1005527980
510,101,4.0,1141159388
567,101,3.0,1525287210
597,101,5.0,940361171
599,101,2.5,1498515741
600,101,4.5,1237851915
603,101,4.0,963178236
6,104,4.0,845554349
18,104,2.5,1455748792
19,104,2.0,965706185
40,104,1.0,832059697
42,104,4.0,996219699
44,104,4.0,869251955
45,104,5.0,950724870
57,104,2.0,972174279
64,104,3.0,1161528801
68,104,4.5,1158532958
82,104,3.5,1084468090
89,104,4.0,1520408740
91,104,1.5,1112713462
100,104,3.5,1100183809
103,104,4.0,1431957331
107,104,3.0,829322340
109,104,2.0,842224863
111,104,3.5,1518640683
112,104,4.0,1513989997
122,104,4.0,1461562198
140,104,3.0,949667320
141,104,3.5,1513130895
151,104,5.0,855947306
167,104,4.0,1154718729
169,104,5.0,1078284796
177,104,2.5,1435890651
179,104,4.0,852114156
182,104,3.0,1055155108
196,104,3.5,1460954519
198,104,3.0,1034207438
200,104,4.5,1229887243
214,104,3.0,853937922
216,104,2.0,975212514
219,104,3.5,1200977947
221,104,2.5,1111176006
225,104,5.0,949111497
226,104,5.0,1095662881
232,104,3.5,1182908245
239,104,3.5,1221159059
240,104,5.0,849122986
249,104,3.5,1353801000
270,104,1.0,853918850
274,104,3.5,1171934885
276,104,5.0,858350672
277,104,4.0,861812866
279,104,3.5,1506395518
280,104,3.0,1348532384
283,104,4.0,901228470
284,104,5.0,832695327
298,104,3.5,1447584503
307,104,3.0,1186161576
310,104,2.0,1078649269
325,104,2.0,1039395952
327,104,5.0,1234789713
330,104,0.5,1285905407
334,104,3.5,1237060406
337,104,5.0,860255830
356,104,3.0,1232430472
365,104,3.5,1488333416
380,104,3.0,1493420135
381,104,3.5,1165975914
387,104,2.0,1095040613
389,104,4.0,857934308
414,104,4.0,961438762
419,104,4.0,1321757450
423,104,3.0,1155285432
428,104,3.0,1111623768
438,104,4.0,1105649487
441,104,3.5,1449070905
448,104,3.0,1221250916
453,104,4.0,1005967193
456,104,3.0,856883383
474,104,2.0,978576279
477,104,4.0,1200940046
478,104,2.0,1121467327
480,104,3.0,1179178373
484,104,4.0,1342368965
491,104,2.5,1523814260
492,104,4.0,863976055
495,104,4.5,1458635979
498,104,5.0,839197433
500,104,4.0,1005528065
510,104,3.0,1141159085
521,104,3.0,852713185
529,104,3.0,855583362
534,104,4.0,1459787997
546,104,4.0,973588258
552,104,3.0,1111472958
555,104,5.0,978746676
559,104,3.0,845476382
564,104,3.0,1478452443
573,104,5.0,1187044894
583,104,3.0,1481474437
590,104,3.5,1258416985
597,104,5.0,941558713
599,104,2.5,1498516461
600,104,3.0,1237857215
604,104,3.0,832081105
608,104,3.0,1117504401
19,107,2.0,965706886
20,107,3.5,1054038320
22,107,4.5,1268330607
40,107,4.0,832059716
43,107,5.0,848994703
45,107,4.0,950726248
57,107,3.0,965797786
92,107,5.0,1294941385
103,107,3.5,1431968291
141,107,3.5,1513132255
151,107,3.0,855947372
177,107,3.0,1435535166
294,107,3.0,966634119
314,107,3.0,834428630
337,107,3.0,860255992
357,107,3.0,1348627093
380,107,5.0,1493667822
414,107,3.0,961438502
448,107,4.0,1019125396
474,107,3.0,1046886514
477,107,3.0,1201023050
508,107,2.0,1268297485
517,107,1.0,1487956132
525,107,3.5,1476478476
559,107,3.0,845476830
608,107,3.0,1117504903
1,110,4.0,964982176
5,110,4.0,847434880
6,110,5.0,845553283
8,110,3.0,839463527
11,110,5.0,902154266
14,110,5.0,835441107
17,110,4.5,1305696470
18,110,4.5,1455050170
28,110,3.5,1234515793
30,110,5.0,1500370456
33,110,5.0,939648134
34,110,0.5,1162049056
38,110,5.0,841341295
40,110,4.0,832059053
42,110,4.0,996217933
43,110,3.0,848993747
45,110,5.0,950741520
46,110,5.0,834788016
49,110,4.0,1493093005
54,110,3.0,830247832
56,110,4.0,835799188
57,110,4.0,965799491
58,110,5.0,847718580
59,110,2.0,953609098
62,110,4.5,1521822303
63,110,2.5,1443199850
64,110,4.0,1161520230
66,110,5.0,1093747481
68,110,2.5,1158531496
72,110,4.5,1217324791
81,110,3.0,845299756
82,110,4.5,1084467714
83,110,4.0,1332840449
91,110,4.0,1112712339
93,110,5.0,942947377
94,110,5.0,843406748
96,110,5.0,964772750
103,110,4.5,1431957016
104,110,1.0,1090595910
105,110,3.5,1446571835
107,110,5.0,832003811
109,110,5.0,841106621
110,110,3.5,1175329878
112,110,3.5,1442535826
115,110,3.0,958574203
117,110,5.0,844162850
121,110,4.0,847655980
124,110,3.5,1336584326
125,110,4.5,1474311613
126,110,4.0,845925785
128,110,5.0,899032847
129,110,4.0,1167375621
130,110,5.0,832589660
131,110,2.5,1349840503
133,110,3.0,843491209
134,110,5.0,832841168
135,110,4.0,1009692826
136,110,5.0,832449274
137,110,4.0,1204859490
140,110,4.0,942903980
141,110,3.5,1513129871
144,110,4.5,1137323396
159,110,3.0,1508640168
160,110,4.0,971112675
164,110,5.0,999708154
165,110,4.0,1046741213
167,110,3.5,1154721971
170,110,4.0,840380988
173,110,3.0,843397958
176,110,5.0,840108930
178,110,4.0,1164355046
179,110,5.0,840907561
181,110,3.0,845469438
182,110,3.5,1054780923
183,110,5.0,992331285
187,110,3.0,1161863869
191,110,3.0,829760897
192,110,3.0,835128955
196,110,3.5,1460954199
198,110,3.0,1034136119
200,110,4.5,1229886082
202,110,4.0,974918508
203,110,5.0,1390094654
208,110,4.0,940639310
217,110,2.0,955935806
222,110,4.0,1391350258
223,110,3.5,1226209973
227,110,3.5,1447209812
229,110,5.0,836942019
232,110,4.5,1182908701
233,110,3.0,1524781255
235,110,4.0,841422410
239,110,4.5,1221148034
240,110,5.0,849122195
244,110,5.0,975075995
247,110,4.0,1467644232
249,110,5.0,1346841413
254,110,4.0,1180446383
263,110,4.0,940384545
264,110,2.5,1136978677
265,110,3.0,965316446
266,110,5.0,945670079
267,110,4.0,959806612
274,110,4.5,1171410141
279,110,4.0,1506394381
283,110,5.0,901227664
284,110,5.0,832699616
286,110,5.0,1119562267
287,110,1.5,1110230585
288,110,5.0,975691339
292,110,2.5,1265679516
296,110,5.0,1532993855
298,110,3.0,1447518054
301,110,1.5,1211377341
302,110,4.0,854473187
304,110,5.0,891172978
307,110,3.5,1186087165
308,110,1.0,1421373815
312,110,4.0,1043177124
314,110,4.0,834241459
317,110,5.0,1430364906
319,110,4.5,1461351712
322,110,3.5,1217676197
323,110,2.0,1422640359
326,110,5.0,1322251233
328,110,1.0,1494207220
330,110,3.5,1285904111
332,110,3.5,1352673472
335,110,4.0,1261542354
336,110,4.0,1122227307
337,110,5.0,860256119
340,110,5.0,848666415
344,110,4.5,1420497375
347,110,3.0,847645690
353,110,3.0,831939713
357,110,4.0,1348611162
362,110,4.0,1530640073
366,110,4.0,1445546522
368,110,4.0,971274692
372,110,4.0,874415284
373,110,4.0,846829968
374,110,5.0,849089153
376,110,3.5,1364993995
379,110,5.0,847397381
380,110,4.0,1493419805
386,110,3.0,842610269
387,110,3.5,1095040466
390,110,4.0,1250339216
391,110,5.0,1030945408
393,110,4.0,1430505977
394,110,5.0,838994356
395,110,4.0,841503580
399,110,3.0,1167220367
403,110,5.0,1225243634
404,110,4.0,838375832
405,110,4.0,1295913228
411,110,4.0,835532155
414,110,5.0,961512475
419,110,4.0,1321659432
423,110,4.0,1155285864
425,110,4.0,1085477194
427,110,4.0,1053071562
428,110,2.5,1111523269
432,110,4.0,1315245004
433,110,3.0,1506823887
434,110,4.5,1270604574
437,110,4.0,859721362
438,110,4.5,1105666133
439,110,3.5,1436943893
443,110,4.5,1501722477
444,110,4.0,832670075
445,110,5.0,1454621998
447,110,5.0,836960849
450,110,5.0,974704570
452,110,5.0,1013394732
453,110,5.0,972621723
455,110,4.0,836436000
457,110,5.0,993610382
458,110,5.0,845651761
463,110,4.5,1145460295
464,110,5.0,1275548911
468,110,4.0,831400500
469,110,5.0,965333863
470,110,5.0,849075143
474,110,3.0,1137180852
479,110,2.0,1039360660
480,110,5.0,1179160978
483,110,4.0,1178292986
485,110,3.0,837943384
486,110,5.0,839537186
489,110,4.5,1332772116
493,110,5.0,1001562412
494,110,5.0,1001666439
498,110,5.0,839197320
507,110,3.0,838964648
512,110,5.0,841449335
513,110,4.0,1159980717
517,110,1.5,1487953160
522,110,4.0,1253344666
524,110,3.0,851608745
528,110,5.0,1391736104
532,110,5.0,1025523258
536,110,5.0,832839862
541,110,5.0,835643027
549,110,3.0,1464282652
551,110,3.5,1504317349
555,110,5.0,978840250
559,110,4.0,845475880
560,110,4.0,1469652439
561,110,5.0,1491090875
562,110,4.0,1368893870
566,110,5.0,849005345
570,110,3.5,1181476971
573,110,5.0,1186589227
574,110,5.0,834634504
577,110,4.0,945966190
579,110,5.0,958881746
580,110,4.5,1167789859
584,110,5.0,834987672
586,110,5.0,1529899907
588,110,5.0,839316241
590,110,4.0,1258420384
592,110,5.0,837349998
593,110,3.0,1181007627
594,110,5.0,1109036538
597,110,5.0,940420585
599,110,3.5,1498501202
600,110,2.0,1237759135
602,110,5.0,840875647
603,110,1.0,963177645
604,110,3.0,832079938
605,110,3.0,1277097540
606,110,3.5,1172969333
607,110,5.0,963078901
608,110,4.0,1117162428
609,110,3.0,847220990
610,110,4.5,1479545829
16,111,4.5,1377477446
17,111,4.0,1326943208
18,111,4.0,1458516249
40,111,5.0,832059116
41,111,2.0,1459367437
46,111,4.0,834788094
50,111,4.0,1534178790
51,111,5.0,1230929314
59,111,5.0,953608356
63,111,3.0,1443199818
64,111,4.0,1161521289
66,111,4.5,1099187536
74,111,5.0,1207500396
76,111,3.0,1439166428
91,111,4.0,1112713352
103,111,4.5,1431957192
105,111,4.5,1446571897
107,111,4.0,832003891
110,111,4.0,1175330211
113,111,4.0,980087884
122,111,5.0,1461561504
131,111,4.0,1349840160
137,111,5.0,1204863636
145,111,4.0,832105479
152,111,5.0,1450867646
156,111,4.0,1106854888
160,111,5.0,971195906
168,111,4.5,1306801971
171,111,5.0,866905308
182,111,4.5,1054780398
187,111,4.5,1161849811
191,111,5.0,829759809
195,111,2.0,994276257
199,111,3.0,940372348
221,111,5.0,1118246754
242,111,4.0,834073303
249,111,4.5,1346757621
251,111,4.5,1470676898
260,111,5.0,1109409075
265,111,3.0,965316145
273,111,4.0,835861270
274,111,3.0,1171409239
275,111,3.0,1049078088
282,111,4.0,1514068400
285,111,5.0,1451151304
288,111,3.5,1232897523
290,111,5.0,975030622
292,111,2.0,1265680159
297,111,3.0,900871829
298,111,3.0,1447518023
307,111,3.5,1186161426
312,111,5.0,1043177445
317,111,5.0,1430597309
325,111,5.0,1039395609
328,111,2.0,1494210396
330,111,3.5,1285904588
332,111,4.0,1352671838
339,111,4.0,1460518498
346,111,4.0,1094646949
348,111,5.0,1378850748
354,111,4.0,1200870694
357,111,3.5,1348611104
362,111,5.0,1530640247
368,111,3.0,971275360
372,111,3.0,874416234
373,111,5.0,846830279
387,111,4.5,1094876158
391,111,5.0,1032388078
405,111,4.5,1298419980
409,111,5.0,969059983
410,111,3.0,990807684
411,111,4.0,835532253
414,111,5.0,961516639
415,111,4.5,1382470177
418,111,4.5,1461866063
419,111,4.0,1321659216
424,111,4.0,1457902773
434,111,5.0,1271039079
444,111,5.0,832671475
445,111,3.0,1454622227
450,111,4.0,974705774
454,111,3.5,1284801892
455,111,3.0,836436083
462,111,5.0,1121922577
465,111,5.0,959895977
468,111,3.0,831400545
469,111,5.0,965662075
474,111,4.0,994819405
480,111,4.5,1179178077
489,111,3.0,1333101521
497,111,5.0,1432417922
532,111,4.0,1025523322
570,111,3.0,1181477646
572,111,4.0,945889997
580,111,4.0,1167673449
585,111,4.5,1307581719
589,111,5.0,856043304
590,111,4.0,1260379976
599,111,3.5,1498500979
603,111,5.0,953926758
604,111,4.0,832079983
606,111,3.5,1171831405
608,111,3.0,1147544014
610,111,5.0,1479542162
90,116,5.0,856354268
474,116,3.5,1053021622
544,116,5.0,850688776
555,116,3.0,980124922
609,116,3.0,847221025
42,122,3.0,996221451
84,122,3.0,858772698
95,122,3.5,1105400745
99,122,4.0,829828005
109,122,3.0,841109220
136,122,3.0,832449883
181,122,3.0,845470529
217,122,2.0,955944832
222,122,2.5,1391353786
249,122,3.0,1354225894
353,122,3.0,831940167
387,122,2.5,1094939839
411,122,2.0,835533021
414,122,2.0,961438911
448,122,2.0,1019128536
474,122,1.0,974669063
6,140,3.0,845555024
32,140,3.0,856736262
68,140,3.5,1269122528
84,140,4.0,857653387
107,140,4.0,829322340
191,140,3.0,829759809
206,140,4.0,850763402
270,140,3.0,853918942
389,140,5.0,857934552
438,140,3.5,1105667333
456,140,4.0,856883417
474,140,2.5,1053021739
492,140,3.0,863976201
521,140,3.0,852713251
594,140,4.5,1108973651
606,140,3.0,1173396091
28,147,2.5,1242289858
47,147,3.5,1496205843
84,147,4.0,858771818
261,147,4.5,1404880987
301,147,4.0,1211376829
307,147,2.0,1186085932
387,147,2.5,1154367947
414,147,4.0,961517665
424,147,3.5,1457901610
480,147,4.0,1179160762
503,147,5.0,1335214520
568,147,3.0,1243575917
588,147,3.0,839317076
599,147,2.5,1519137306
606,147,4.0,1173570342
5,150,3.0,847434748
6,150,4.0,845553110
7,150,4.5,1106635925
8,150,4.0,839463422
11,150,5.0,902154266
14,150,4.0,835440977
17,150,3.5,1305696497
26,150,3.0,836950245
29,150,4.0,1362016794
33,150,3.0,939647816
35,150,5.0,830939391
37,150,5.0,845239388
38,150,4.0,841341161
40,150,5.0,832058854
42,150,5.0,996217989
43,150,5.0,848993627
45,150,5.0,1007484259
47,150,3.0,1496206707
52,150,4.0,1468051525
54,150,3.0,830247106
57,150,3.0,972172393
58,150,4.0,847718380
63,150,3.0,1443201072
68,150,3.0,1158531364
70,150,4.0,1355198045
72,150,4.0,1217324795
73,150,2.0,1464196379
78,150,4.0,1252575119
80,150,4.0,1377308715
81,150,3.0,845299424
84,150,5.0,857653693
91,150,3.5,1112712023
93,150,5.0,942947377
94,150,4.0,843406616
96,150,5.0,964773108
99,150,5.0,829828005
102,150,3.0,835875691
103,150,4.0,1431957022
107,150,5.0,832003609
109,150,3.0,841106309
112,150,4.0,1442535835
116,150,1.0,1337199701
117,150,4.0,844162743
121,150,3.0,847655899
126,150,4.0,845925577
130,150,4.0,832589516
133,150,3.0,843490780
136,150,2.0,832449136
137,150,3.5,1204859352
140,150,5.0,942842394
141,150,3.5,1513130652
142,150,5.0,838931920
144,150,3.0,1137323392
145,150,3.0,832105148
156,150,4.0,1106854622
159,150,4.0,1508641167
160,150,5.0,971620081
162,150,4.0,836488864
167,150,4.0,1154722124
169,150,4.5,1078284469
170,150,3.0,840380831
173,150,4.0,843397856
174,150,5.0,848486904
176,150,4.0,840108527
177,150,4.0,1435533543
179,150,4.0,840907313
182,150,2.5,1055157599
191,150,2.0,829760897
192,150,5.0,835128552
195,150,4.0,974709770
196,150,5.0,1460954092
199,150,4.0,940372782
200,150,4.0,1229885978
201,150,4.0,939227808
202,150,4.0,975013015
219,150,4.0,1194932007
220,150,5.0,1230055657
226,150,4.5,1130137555
227,150,4.0,1447210328
229,150,5.0,836941256
230,150,2.0,1196304464
232,150,4.5,1101397575
233,150,2.0,1524781261
235,150,5.0,841422308
240,150,4.0,849122058
242,150,3.0,834073039
247,150,3.0,1467661242
249,150,2.5,1346755246
254,150,4.0,1180446349
263,150,4.0,940384675
264,150,4.0,1136978697
265,150,4.0,965317882
267,150,5.0,960330096
273,150,3.0,835798985
276,150,5.0,858351214
282,150,4.5,1378490387
283,150,5.0,901227857
284,150,2.0,832695048
286,150,4.0,1119562848
288,150,3.0,976120962
290,150,4.0,974942273
297,150,3.0,900872083
304,150,5.0,880915486
307,150,2.0,1186411488
314,150,4.0,834241286
317,150,3.0,1430366041
321,150,4.0,843212359
322,150,4.0,1217677389
323,150,3.5,1422640367
327,150,4.5,1234788741
328,150,3.0,1494211119
330,150,3.0,1285904887
332,150,3.5,1352673605
336,150,4.0,1122227547
339,150,4.0,1460182140
340,150,5.0,848666338
347,150,4.0,847645537
354,150,4.0,1200870197
357,150,3.5,1348610242
359,150,3.5,1198111999
361,150,3.0,1204045255
367,150,4.0,997811490
369,150,3.0,1237081911
372,150,3.0,874415328
373,150,2.0,846829840
374,150,3.0,849089035
376,150,5.0,1364933598
377,150,5.0,1340345170
379,150,5.0,847397201
381,150,3.5,1164876696
382,150,4.0,1515162557
383,150,4.0,943571045
385,150,5.0,834691537
391,150,4.0,1032390066
394,150,3.0,838994123
411,150,5.0,835531951
414,150,4.0,961517162
415,150,4.0,1382470263
423,150,5.0,1155285857
425,150,3.0,1085477188
426,150,3.5,1451081002
428,150,2.0,1111489662
429,150,5.0,828124615
434,150,5.0,1270604631
436,150,4.0,833529409
437,150,4.0,859721362
438,150,4.0,1105650458
446,150,3.0,843839122
447,150,4.0,836960590
448,150,3.0,1019137611
455,150,3.0,836435811
458,150,5.0,845651602
460,150,4.5,1359178152
468,150,5.0,831400406
470,150,3.0,849074736
474,150,4.5,1100119714
476,150,4.0,835021273
477,150,4.0,1200940406
480,150,3.5,1179160667
483,150,2.0,1178293393
485,150,5.0,837943215
486,150,5.0,839536920
488,150,3.5,1112382786
489,150,3.5,1333023417
495,150,4.5,1458635325
498,150,5.0,839197204
507,150,3.0,838964550
512,150,4.0,841449202
513,150,4.5,1159980647
514,150,4.0,1533948837
524,150,5.0,851608745
525,150,4.0,1476480166
528,150,4.0,1391736830
530,150,4.0,843226673
536,150,5.0,832839783
555,150,4.0,978748797
557,150,4.5,1452874576
559,150,3.0,845475789
560,150,4.0,1469648079
562,150,3.0,1368893697
565,150,3.0,846533209
566,150,3.0,849005096
570,150,4.0,1181476644
572,150,4.0,945889951
573,150,3.0,1186722115
574,150,4.0,834634383
584,150,5.0,834987019
588,150,3.0,839316050
589,150,4.0,856043430
590,150,4.5,1258416681
592,150,5.0,837349827
593,150,3.0,1181008132
594,150,3.5,1109036542
596,150,3.5,1535827366
599,150,2.5,1498518425
600,150,2.0,1237710443
602,150,4.0,840875508
605,150,5.0,1277096909
607,150,5.0,963079343
608,150,2.0,1117162618
609,150,3.0,847220802
5,153,3.0,847434802
6,153,3.0,845553146
8,153,2.0,839463451
11,153,3.0,902154593
14,153,2.0,835441012
19,153,2.0,965707889
26,153,3.0,836950286
32,153,3.0,856737123
37,153,3.0,845239426
38,153,3.0,841341195
40,153,3.0,832058897
42,153,2.0,996255744
43,153,5.0,848993662
46,153,4.0,834787678
56,153,4.0,835799081
57,153,2.0,969753973
58,153,3.0,847718434
63,153,1.0,1443201088
64,153,2.5,1161520389
68,153,3.0,1158531596
81,153,3.0,845299505
82,153,3.0,1084465021
91,153,2.0,1112711306
93,153,4.0,942946445
94,153,3.0,843406644
99,153,5.0,829828005
102,153,3.0,835875790
107,153,3.0,832003644
109,153,3.0,841106402
115,153,3.0,957647972
117,153,3.0,844162770
118,153,2.0,944923703
126,153,4.0,845925615
130,153,4.0,832589546
133,153,1.0,843490845
134,153,4.0,832841003
135,153,1.0,1009692987
136,153,3.0,832449165
144,153,3.0,1137323495
145,153,3.0,832105183
153,153,0.5,1525552655
155,153,3.0,961861424
160,153,3.0,971115686
162,153,4.0,836511231
166,153,2.5,1189037942
170,153,3.0,840472759
173,153,3.0,843397881
174,153,3.0,848486928
176,153,3.0,840108593
177,153,3.0,1435890489
179,153,3.0,840907370
182,153,3.5,1055150878
191,153,1.0,829760897
197,153,2.0,947462092
201,153,4.0,939226657
210,153,3.5,1527266231
217,153,2.0,955941233
219,153,2.5,1194931838
226,153,4.0,1095662628
229,153,3.0,836941325
230,153,3.5,1196304414
234,153,5.0,1004408585
235,153,3.0,841422330
240,153,3.0,849122096
242,153,2.0,834073077
243,153,4.0,837155068
259,153,4.0,1146845627
274,153,3.5,1171934629
284,153,3.0,832695146
288,153,2.0,978466567
292,153,3.0,1265680404
294,153,3.0,966596725
298,153,2.0,1453033369
304,153,3.0,891173670
307,153,2.0,1186411478
314,153,2.0,834241349
318,153,3.0,1275475349
321,153,5.0,843212390
323,153,2.0,1422640395
330,153,3.0,1285905011
340,153,4.0,848666356
347,153,3.0,847645591
353,153,3.0,831939590
357,153,2.5,1348611273
373,153,3.0,846829862
374,153,4.0,849089070
379,153,3.0,847397247
380,153,3.0,1493667398
385,153,3.0,834693538
386,153,2.0,842610183
387,153,3.0,1094938517
394,153,3.0,838994173
414,153,2.0,961439358
432,153,3.5,1316391541
437,153,1.0,859721584
438,153,3.0,1105666167
446,153,1.0,843839149
447,153,4.0,836960630
448,153,2.5,1118166852
452,153,4.0,1019581098
458,153,5.0,845651650
468,153,3.0,831400427
470,153,4.0,849074824
474,153,3.0,1046881303
476,153,3.0,835021342
480,153,1.0,1179177736
483,153,2.0,1181494702
486,153,5.0,839536954
489,153,3.0,1334169992
498,153,3.0,839196963
507,153,3.0,838964572
509,153,2.0,1436027234
524,153,3.0,851609297
534,153,3.5,1459787996
541,153,3.0,835642942
555,153,3.0,978749155
559,153,3.0,845475828
565,153,2.0,846533245
569,153,5.0,849190609
570,153,2.5,1181477153
573,153,1.5,1186722291
574,153,3.0,834634408
580,153,2.0,1167674840
584,153,3.0,834987064
587,153,3.0,953140530
590,153,2.5,1258416677
592,153,3.0,837349868
596,153,2.5,1535711533
597,153,3.0,941729824
599,153,2.0,1498511246
602,153,4.0,840875538
603,153,1.0,963177510
604,153,3.0,832079796
605,153,4.0,1277097287
607,153,3.0,963080497
608,153,2.5,1117408484
610,153,3.0,1479544720
6,160,5.0,845553457
46,160,4.0,834788146
56,160,3.0,835799274
57,160,1.0,969754090
64,160,2.5,1161519628
68,160,2.5,1158533372
71,160,3.0,864739211
91,160,2.0,1112713458
94,160,3.0,843406895
99,160,2.0,829828005
102,160,3.0,835876194
107,160,4.0,832003891
116,160,4.0,1337200317
117,160,3.0,844162955
129,160,3.5,1167377871
134,160,3.0,832841215
136,160,3.0,832449345
174,160,3.0,848487116
191,160,1.0,829760897
192,160,4.0,835129148
201,160,4.0,941212999
217,160,3.0,955941308
226,160,3.0,1095662829
240,160,4.0,849122346
321,160,4.0,843212741
347,160,3.0,847645839
353,160,2.0,831939750
368,160,2.0,975830276
373,160,1.0,846830073
380,160,3.0,1493423480
386,160,3.0,842610344
395,160,4.0,841503793
411,160,3.0,835532253
414,160,1.0,961515392
425,160,3.0,1085477763
428,160,1.5,1111523942
446,160,3.0,843839327
447,160,2.0,836960918
468,160,2.0,831400545
474,160,1.0,1047055195
480,160,2.5,1179178519
483,160,3.5,1178293850
484,160,4.5,1342296643
489,160,1.0,1334171163
495,160,3.0,1458636521
512,160,4.0,841449426
534,160,3.5,1459788743
555,160,2.0,978842115
559,160,2.0,845475987
570,160,2.5,1181478331
584,160,5.0,834987810
592,160,3.0,837350111
594,160,5.0,1108975463
599,160,2.5,1498514053
600,160,2.5,1237857208
602,160,3.0,840875757
608,160,2.5,1117504410
6,161,3.0,845553253
19,161,2.0,965710914
28,161,3.0,1242032929
33,161,3.0,939716218
38,161,4.0,841341249
42,161,3.0,996218708
43,161,4.0,848993747
46,161,3.0,834787826
54,161,3.0,830247358
56,161,4.0,835799140
58,161,4.0,847718580
81,161,3.0,845299756
83,161,3.5,1333843500
84,161,3.0,858771702
91,161,3.5,1112711269
94,161,4.0,843406732
99,161,3.0,829828005
102,161,3.0,835875943
107,161,4.0,832003700
109,161,3.0,841106509
112,161,1.5,1513989954
116,161,4.5,1337199965
117,161,3.0,844162832
121,161,3.0,847655980
126,161,3.0,845925732
130,161,4.0,832589610
134,161,4.0,832841103
135,161,5.0,1009691186
136,161,4.0,832449222
140,161,4.0,949667232
142,161,5.0,838932766
145,161,4.0,832105242
170,161,4.0,840380930
174,161,3.0,848486984
176,161,4.0,840108983
177,161,3.5,1435533737
178,161,4.5,1164355385
179,161,5.0,840907462
181,161,4.0,845469438
182,161,3.0,1054782902
191,161,2.0,829760897
195,161,4.0,974705986
199,161,3.5,1060289068
202,161,4.0,974924911
235,161,3.0,841422371
240,161,4.0,849122194
242,161,4.0,834073121
243,161,5.0,837155121
288,161,3.0,979163888
292,161,4.0,1323631927
297,161,2.0,900872237
308,161,1.0,1421374403
314,161,2.0,834241586
321,161,3.0,843212458
323,161,4.0,1422640265
340,161,4.0,848666415
349,161,4.0,834750699
353,161,5.0,831939685
368,161,4.0,971274866
372,161,4.0,874415062
374,161,4.0,849089153
376,161,5.0,1364993850
379,161,4.0,847397381
386,161,3.0,842610246
404,161,4.0,838375784
411,161,4.0,835532066
414,161,3.0,961512495
425,161,3.5,1085477450
429,161,5.0,828124615
436,161,4.0,833529549
448,161,4.0,1019137754
455,161,4.0,836435930
458,161,5.0,845651737
468,161,2.0,831400464
470,161,3.0,849075143
474,161,3.5,1053020992
476,161,4.0,835021420
480,161,3.5,1179178010
485,161,5.0,837943320
486,161,5.0,839537112
489,161,3.0,1385823494
498,161,5.0,839197289
512,161,4.0,841449281
514,161,4.0,1533948998
524,161,5.0,851608781
530,161,3.0,843226836
541,161,5.0,835642985
552,161,2.5,1111473069
559,161,3.0,845475880
566,161,4.0,849005345
570,161,3.0,1181477445
572,161,3.0,946482678
574,161,4.0,834634464
584,161,5.0,834987172
586,161,4.5,1529901379
588,161,4.0,839316184
589,161,3.0,856045612
590,161,4.0,1258420680
592,161,4.0,837349924
599,161,3.5,1498797906
600,161,1.0,1237851095
602,161,4.0,840875594
609,161,3.0,847220937
4,162,5.0,945078571
57,162,4.0,972172280
95,162,5.0,1043340311
182,162,3.5,1054781357
191,162,5.0,829760897
221,162,4.5,1119984613
245,162,3.0,951182566
260,162,4.5,1109409478
275,162,5.0,1049078271
318,162,3.5,1333827211
387,162,4.0,1157086667
412,162,4.0,939114868
414,162,4.0,1000734091
462,162,4.0,1130434078
474,162,3.5,1150143102
514,162,4.0,1537799250
603,162,5.0,954482046
23,175,3.0,1107162721
109,175,5.0,841109499
124,175,4.0,1336409774
132,175,3.0,1157982515
191,175,5.0,829760897
274,175,3.0,1226390171
307,175,3.5,1189457547
387,175,4.0,1094939806
414,175,4.0,961518394
415,175,4.0,1382469687
419,175,4.0,1321853539
424,175,4.5,1457901657
437,175,5.0,859721662
484,175,4.5,1342366279
503,175,4.5,1335214491
585,175,3.5,1307416442
588,175,4.0,839317272
599,175,2.5,1498517973
603,175,5.0,963180153
606,175,3.5,1171810709
6,185,3.0,845553283
8,185,5.0,839463509
19,185,2.0,965704056
26,185,3.0,836950403
35,185,5.0,830939521
42,185,4.0,996220893
43,185,4.0,848993747
45,185,3.0,950741023
46,185,4.0,834787906
56,185,3.0,835799162
57,185,2.0,965798952
58,185,3.0,847718579
64,185,3.0,1161520635
68,185,3.0,1158532023
82,185,3.0,1084467840
91,185,2.0,1112713300
94,185,2.0,843406732
107,185,4.0,832003754
112,185,2.0,1513989947
117,185,3.0,844162832
126,185,3.0,845925732
129,185,3.5,1167376444
130,185,3.0,832589634
133,185,2.0,843491209
136,185,3.0,832449254
140,185,3.0,1085569703
156,185,3.0,1106853925
160,185,1.0,971114512
167,185,1.5,1154718963
169,185,4.0,1078284569
170,185,3.0,840472895
174,185,5.0,848486984
177,185,2.5,1435533725
179,185,4.0,840907561
181,185,4.0,845469472
182,185,3.0,1126562322
186,185,4.0,1031080255
192,185,5.0,835128912
198,185,4.0,1034138131
201,185,3.0,941211804
219,185,2.0,1237238892
227,185,3.0,1447189660
229,185,4.0,836941791
232,185,3.0,1218167110
240,185,4.0,849122194
242,185,3.0,834073137
274,185,3.0,1171428455
284,185,1.0,832699656
286,185,4.0,1119563004
297,185,1.0,900874537
301,185,4.0,1211378536
304,185,4.0,891173670
305,185,4.0,1490211204
307,185,2.5,1227538428
308,185,1.0,1421374401
314,185,2.0,834241545
340,185,3.0,848666415
347,185,3.0,847645690
353,185,4.0,831939699
354,185,3.5,1200870520
368,185,2.0,971277008
369,185,3.5,1237082966
373,185,3.0,846829949
374,185,3.0,849089153
376,185,4.0,1364994299
379,185,4.0,847397381
380,185,3.0,1493420292
381,185,3.0,1164877341
386,185,1.0,842610246
394,185,3.0,838994311
404,185,4.0,838375811
411,185,4.0,835532100
414,185,2.0,961515354
429,185,5.0,828124616
432,185,4.5,1316391649
438,185,2.0,1105666240
444,185,3.0,832669862
448,185,2.5,1206217384
458,185,5.0,845651761
468,185,3.0,831400500
469,185,3.0,965335837
470,185,3.0,849075143
474,185,3.0,1069686436
476,185,3.0,835021447
479,185,1.0,1039362088
480,185,1.0,1179177954
482,185,4.0,1105396893
485,185,5.0,837943350
489,185,0.5,1334170387
498,185,3.0,839197307
510,185,0.5,1141159094
512,185,3.0,841449335
514,185,3.0,1533946543
524,185,3.0,851608818
555,185,3.0,978841950
559,185,3.0,845475896
561,185,2.0,1491094546
569,185,4.0,849190739
570,185,2.5,1181477457
573,185,3.5,1186722546
574,185,2.0,834634481
584,185,5.0,834987643
586,185,3.5,1529902031
588,185,1.0,839316215
589,185,3.0,856045612
592,185,3.0,837349966
599,185,2.5,1498514270
600,185,2.5,1237713026
602,185,3.0,840875647
604,185,4.0,832079869
608,185,3.0,1117415385
609,185,3.0,847220937
40,199,3.0,832060204
391,199,4.0,1032648830
474,199,4.5,1107193580
603,199,5.0,953926672
4,215,5.0,945079078
41,215,2.0,1458939048
105,215,4.0,1447579944
182,215,4.0,1055157049
191,215,4.0,829760897
198,215,5.0,1034138495
200,215,1.0,1229878061
221,215,4.5,1111178241
227,215,4.0,1447210595
241,215,5.0,1447536409
275,215,5.0,1049079037
280,215,4.5,1348534146
382,215,4.0,1515161097
385,215,3.0,838323748
414,215,4.0,961513678
474,215,3.5,1087158195
476,215,4.0,835022085
490,215,4.0,1324374039
526,215,5.0,1502132362
599,215,4.5,1498539255
602,215,3.0,840876123
603,215,5.0,954482557
606,215,4.0,1173483991
610,215,5.0,1479542540
1,216,5.0,964981208
6,216,4.0,845554099
19,216,2.0,965707746
22,216,4.0,1268726081
40,216,1.0,832059493
45,216,5.0,950724820
58,216,3.0,847719308
68,216,3.5,1261623484
103,216,4.0,1431957990
109,216,2.0,841108967
136,216,5.0,832449683
151,216,4.0,855948920
169,216,3.5,1059427285
177,216,2.0,1435534883
217,216,1.0,955944662
226,216,5.0,1095663306
240,216,5.0,849122831
274,216,3.5,1171785593
280,216,3.5,1348532978
284,216,4.0,832786827
298,216,3.0,1449757372
307,216,4.0,1186086542
310,216,2.0,1078649290
353,216,3.0,831940012
356,216,3.0,1228072586
365,216,3.5,1489796972
369,216,3.5,1237081593
373,216,3.0,846830457
380,216,3.0,1494035850
411,216,3.0,835532839
414,216,3.0,961439379
428,216,3.0,1111623970
435,216,5.0,1366675921
438,216,3.0,1106189341
448,216,3.0,1034506007
474,216,1.0,1072654034
477,216,4.0,1200946408
484,216,4.5,1342298038
495,216,4.0,1458636085
498,216,5.0,839197392
500,216,4.0,1005527406
510,216,3.0,1141159400
555,216,3.0,978747041
561,216,2.5,1491094342
583,216,4.0,1481474353
590,216,2.0,1258422557
599,216,2.5,1498516455
600,216,3.0,1237715516
608,216,2.5,1117504726
4,222,1.0,945629040
6,222,4.0,845554024
12,222,5.0,1247263465
35,222,4.0,830939893
38,222,3.0,841341785
58,222,5.0,847719271
100,222,4.0,1100184420
113,222,4.0,980051734
138,222,5.0,1222676038
304,222,3.0,936219523
353,222,1.0,831939970
414,222,4.0,961514135
429,222,4.0,828124615
437,222,4.0,859721815
458,222,5.0,845652931
474,222,4.0,974669033
1,223,3.0,964980985
9,223,4.0,1044656650
18,223,4.0,1455617470
19,223,3.0,965705917
33,223,4.0,939648134
38,223,5.0,841341650
40,223,5.0,832059371
42,223,5.0,996218735
45,223,5.0,1007995016
58,223,3.0,847719088
64,223,3.0,1161521597
66,223,3.5,1093747608
68,223,1.0,1158531005
84,223,5.0,857653693
88,223,4.5,1331421399
91,223,3.0,1112711488
100,223,3.5,1100185924
101,223,4.0,968440895
102,223,5.0,835877270
109,223,3.0,841108665
112,223,1.5,1513989951
125,223,5.0,1474295267
133,223,3.0,843491446
135,223,5.0,1009691897
144,223,4.0,1136811763
156,223,4.0,946799354
167,223,5.0,1154721696
177,223,2.5,1435533774
182,223,4.5,1054784091
185,223,4.0,1044311144
187,223,4.5,1161849704
191,223,5.0,829760897
199,223,3.0,944513494
215,223,3.5,1260909311
217,223,4.0,955943943
219,223,4.0,1194686730
220,223,5.0,1230055143
225,223,5.0,949111208
226,223,5.0,1095662774
235,223,4.0,841422667
247,223,3.0,1467665659
255,223,2.0,1005717313
263,223,1.0,940384517
266,223,4.0,944940274
273,223,5.0,835860849
274,223,4.0,1171756019
284,223,5.0,832786477
287,223,2.5,1110231023
298,223,4.0,1447584437
305,223,4.0,1512203859
307,223,4.0,1186161445
308,223,1.0,1421374410
313,223,5.0,1030557688
317,223,4.0,1430366031
318,223,4.5,1233955777
325,223,3.0,1039395636
330,223,4.5,1285905257
342,223,5.0,1042821962
353,223,5.0,831939914
356,223,3.5,1229140093
357,223,3.5,1348612168
370,223,4.5,1159162033
372,223,4.0,874414916
380,223,4.0,1494278665
384,223,4.0,996440857
386,223,3.0,842613794
387,223,4.0,1094877235
391,223,4.0,1030825064
409,223,4.0,968978133
411,223,4.0,835532559
414,223,5.0,961436616
415,223,4.0,1382470378
424,223,3.5,1457844055
428,223,4.0,1111487769
437,223,5.0,859722193
438,223,3.5,1105829426
446,223,4.0,843839575
448,223,4.0,1059407171
457,223,5.0,993610877
462,223,4.0,1154037292
469,223,3.0,965425699
474,223,3.5,1089386951
477,223,4.0,1200939941
480,223,1.5,1179161213
483,223,3.5,1178293610
495,223,4.0,1458635676
522,223,5.0,1253345772
525,223,3.5,1476477499
534,223,4.0,1465036485
558,223,4.0,1035416048
560,223,4.0,1469657652
562,223,4.0,1368893897
580,223,3.5,1168085202
585,223,4.5,1307417422
588,223,5.0,839317085
591,223,4.0,970524802
594,223,4.0,1109037031
597,223,3.0,941558145
599,223,3.5,1498500829
600,223,2.5,1237715120
603,223,3.0,953925989
604,223,4.0,832080333
606,223,4.5,1171322828
608,223,2.5,1117491315
6,224,3.0,845553794
28,224,3.0,1234334917
32,224,4.0,856737388
38,224,4.0,841341598
40,224,4.0,832059339
57,224,4.0,965797175
58,224,3.0,847719065
66,224,5.0,1113190336
84,224,4.0,858772029
113,224,3.0,980051862
117,224,4.0,844163122
162,224,4.0,836511595
174,224,3.0,848487300
182,224,3.0,1055157991
191,224,4.0,829760897
235,224,3.0,841422634
246,224,3.5,1355956356
262,224,3.0,840305925
263,224,4.0,941591735
273,224,5.0,835860849
284,224,3.0,832786529
304,224,5.0,891173384
314,224,3.0,834398546
359,224,3.5,1198113804
373,224,3.0,846830279
385,224,4.0,834693485
404,224,3.0,838376141
405,224,3.5,1295932380
411,224,1.0,835532508
414,224,4.0,961513997
446,224,4.0,843839544
453,224,5.0,1005967174
474,224,3.5,1100292192
476,224,4.0,835022226
541,224,4.0,835643266
566,224,4.0,849006887
580,224,3.5,1167861761
602,224,3.0,840876123
604,224,3.0,832080293
606,224,4.0,1171361082
6,230,5.0,845553966
33,230,3.0,939715955
40,230,5.0,832059458
51,230,2.5,1230928814
84,230,3.0,857653794
109,230,3.0,841108877
117,230,3.0,844163734
181,230,3.0,845470070
191,230,4.0,829760897
262,230,4.0,840306040
265,230,4.0,965318594
290,230,3.0,974943209
307,230,3.0,1186162419
323,230,3.0,1422640640
325,230,4.0,1039396049
349,230,3.0,834751321
368,230,3.0,971275863
373,230,4.0,846830364
411,230,4.0,835532728
414,230,3.0,961517975
434,230,2.5,1270602435
474,230,3.5,1100292191
599,230,2.0,1519183528
602,230,4.0,840876228
4,232,5.0,964622684
5,232,4.0,847435292
33,232,4.0,939648134
84,232,5.0,857653693
110,232,3.5,1175329437
275,232,4.0,1049076567
391,232,2.0,1032389024
397,232,4.5,1181966557
474,232,4.0,1181348325
488,232,1.5,1112382297
536,232,2.0,832840090
597,232,5.0,941557914
603,232,5.0,963178147
606,232,5.0,1171327224
1,235,4.0,964980908
4,235,2.0,945173513
8,235,3.0,839464076
18,235,4.5,1455529905
19,235,4.0,965705784
35,235,4.0,830939733
38,235,4.0,841341515
40,235,4.0,832059293
57,235,5.0,965796869
61,235,4.0,1145531647
84,235,3.0,858772064
91,235,4.5,1112711256
100,235,1.0,1100183797
109,235,3.0,841108410
117,235,3.0,844163082
132,235,3.0,1157919810
136,235,4.0,832449454
156,235,4.0,946799400
171,235,4.0,866905664
177,235,3.0,1435534289
182,235,4.5,1054780422
187,235,4.5,1161849733
191,235,5.0,829760897
195,235,5.0,974709939
197,235,3.0,947461020
202,235,4.0,974912792
235,235,4.0,841422568
246,235,4.0,1355956294
260,235,4.0,1109408249
266,235,4.0,945669162
273,235,5.0,835860827
275,235,5.0,1049076508
284,235,3.0,832786349
288,235,5.0,975693028
289,235,4.0,1143424651
290,235,4.0,974938908
305,235,4.5,1460563751
307,235,3.0,1186161612
318,235,3.5,1415647860
325,235,5.0,1039399069
330,235,1.5,1285905483
372,235,2.0,874415560
373,235,4.0,846830191
385,235,2.0,834691757
387,235,3.5,1094876454
390,235,4.0,1250341953
409,235,5.0,968979078
410,235,3.0,990909699
411,235,3.0,835532398
414,235,4.0,961438151
436,235,3.0,833529729
444,235,5.0,832672088
446,235,3.0,843839441
462,235,2.5,1154038040
474,235,4.0,1083589261
480,235,3.0,1179161589
483,235,2.0,1204277397
513,235,4.5,1159980374
520,235,3.5,1326609630
524,235,4.0,851609487
552,235,4.0,1111472950
566,235,2.0,849006071
587,235,4.0,953138131
589,235,4.0,856043305
597,235,4.0,941558002
599,235,3.5,1498501034
602,235,4.0,840875901
603,235,4.0,963178147
604,235,3.0,832080111
606,235,3.5,1182292420
6,237,4.0,845553875
35,237,3.0,830939834
38,237,3.0,841341680
84,237,4.0,858772479
100,237,4.0,1100186727
102,237,3.0,835877307
117,237,3.0,844163156
121,237,4.0,847656357
191,237,1.0,829760897
229,237,4.0,838143622
284,237,5.0,832787106
321,237,3.0,843212741
353,237,4.0,831939914
411,237,3.0,835532614
429,237,4.0,828124616
446,237,3.0,843839522
474,237,3.5,1053021443
559,237,4.0,845476218
584,237,5.0,834988106
599,237,2.0,1519342967
600,237,1.0,1237857199
604,237,3.0,832080333
32,246,4.0,856737338
38,246,5.0,841341715
70,246,4.5,1355198793
79,246,5.0,975281661
84,246,4.0,857653639
109,246,3.0,841108799
121,246,3.0,847656374
137,246,5.0,1204863842
140,246,3.0,949666758
177,246,3.0,1435534768
191,246,5.0,829760897
202,246,5.0,975015786
235,246,4.0,841422708
245,246,4.0,951182758
275,246,5.0,1049078254
290,246,5.0,975030699
310,246,4.0,1078647871
353,246,5.0,831939897
357,246,4.5,1348610492
385,246,5.0,834691874
411,246,5.0,835532614
437,246,5.0,859721399
474,246,4.0,1079359162
480,246,3.5,1179162223
488,246,4.0,1112381815
589,246,5.0,856043304
597,246,5.0,940362409
602,246,3.0,840876228
603,246,4.0,954482018
4,247,3.0,986848894
5,247,5.0,847435337
51,247,5.0,1230928802
68,247,2.5,1261623443
84,247,4.0,858771772
132,247,3.0,1157923560
177,247,3.0,1435891198
182,247,4.5,1054783240
187,247,4.0,1161849767
287,247,5.0,1110231301
312,247,4.0,1043177460
346,247,4.0,1133799697
385,247,3.0,842892541
414,247,4.0,1033148925
416,247,4.0,1187496829
437,247,4.0,859721635
462,247,5.0,1196233072
474,247,4.0,1054557462
479,247,3.0,1039392522
489,247,4.0,1333232267
600,247,4.5,1237715494
6,248,5.0,845554263
45,248,2.0,951170651
58,248,3.0,847719411
66,248,3.0,1113190892
84,248,2.0,860398847
99,248,3.0,829828006
136,248,3.0,832449755
181,248,2.0,845470611
217,248,3.0,955945151
240,248,5.0,849122951
243,248,4.0,837155592
273,248,4.0,835860928
284,248,4.0,832786436
436,248,3.0,833530089
489,248,3.5,1333658981
541,248,3.0,835643551
599,248,1.5,1519330797
33,249,3.0,939716778
53,249,5.0,1237748109
58,249,5.0,847719464
109,249,4.0,842793725
117,249,4.0,844163543
165,249,4.0,1046741234
182,249,4.0,1066072076
288,249,4.0,976121315
314,249,3.0,834399100
372,249,4.0,874416571
373,249,5.0,846830536
385,249,3.0,834692037
411,249,2.0,835532965
414,249,4.0,961514186
474,249,4.0,974669033
480,249,4.0,1179162338
489,249,3.0,1333234564
603,249,2.0,963180195
6,252,4.0,845553619
8,252,3.0,839463856
19,252,3.0,965706507
32,252,3.0,856737082
35,252,4.0,830940246
38,252,2.0,841341494
40,252,4.0,832059273
42,252,4.0,996220225
45,252,4.0,951170509
68,252,3.0,1230498298
91,252,2.5,1112713801
99,252,5.0,829828006
109,252,3.0,841108346
117,252,4.0,844163019
121,252,3.0,847656203
136,252,5.0,832449422
161,252,4.0,1176498559
240,252,3.0,849122506
273,252,3.0,835860812
281,252,3.0,1182999673
284,252,4.0,832786477
304,252,4.0,914400399
307,252,1.5,1186162086
310,252,2.5,1078647890
314,252,4.0,834398414
321,252,4.0,843212697
376,252,3.5,1364932658
411,252,3.0,835532370
414,252,3.0,961439009
429,252,5.0,828124616
455,252,3.0,836436201
458,252,4.0,845653102
474,252,2.0,1046887638
476,252,4.0,835021636
477,252,4.0,1200943067
566,252,4.0,849006044
584,252,4.0,834987890
587,252,4.0,953140266
594,252,5.0,1108973713
599,252,2.0,1519181428
600,252,2.0,1237715486
602,252,3.0,840875876
608,252,3.5,1117491631
6,257,5.0,845554176
42,257,3.0,996215225
99,257,5.0,829828006
140,257,3.0,967048906
181,257,4.0,845470321
244,257,3.0,975073808
368,257,3.0,971276863
411,257,3.0,835532864
414,257,2.0,961682276
429,257,4.0,828124616
436,257,3.0,833530019
447,257,3.0,836962019
474,257,3.0,1047043563
584,257,5.0,834988281
1,260,5.0,964981680
4,260,5.0,945079259
7,260,5.0,1106635933
15,260,5.0,1510571946
16,260,3.0,1377476936
17,260,5.0,1305696468
18,260,4.0,1455049368
19,260,4.0,965704248
21,260,4.5,1417378080
25,260,5.0,1535470429
27,260,4.0,962686637
28,260,4.0,1234338579
30,260,5.0,1500370339
32,260,5.0,856736227
39,260,5.0,974787510
42,260,5.0,996261559
44,260,5.0,869251910
45,260,5.0,950726388
51,260,5.0,1230931614
52,260,4.0,1468051102
57,260,5.0,965798203
59,260,4.0,953610660
62,260,4.5,1521488893
63,260,5.0,1443199688
64,260,3.5,1161520007
66,260,2.5,1093747550
68,260,5.0,1158531191
69,260,5.0,1021643144
71,260,3.0,864737969
72,260,5.0,1217324775
73,260,2.0,1464196535
75,260,5.0,1158989756
76,260,4.0,1439165601
77,260,5.0,1535107459
78,260,3.5,1252575114
79,260,5.0,975281842
82,260,3.5,1084463958
84,260,4.0,857653693
86,260,4.5,1344082545
90,260,5.0,856354072
91,260,4.5,1112712846
93,260,5.0,942946932
95,260,5.0,1043340455
96,260,5.0,964772681
103,260,4.0,1431954922
104,260,3.0,1049044730
105,260,4.0,1446572093
112,260,5.0,1442535777
113,260,4.0,980087884
114,260,3.5,1485387458
115,260,5.0,959800922
120,260,5.0,860070065
122,260,5.0,1461561351
123,260,4.5,1447269141
124,260,4.0,1336423436
128,260,5.0,899033269
129,260,4.0,1167375413
131,260,2.5,1349840250
132,260,2.0,1157920586
135,260,4.0,1009693267
137,260,4.0,1204859469
139,260,4.0,1453923975
140,260,4.0,942842304
141,260,4.0,1513129794
149,260,4.0,902084798
152,260,3.0,1450867564
155,260,4.0,961889079
156,260,1.0,939842538
160,260,5.0,971113925
166,260,4.5,1188926253
167,260,4.0,1154721952
171,260,4.0,866904192
177,260,2.5,1435524019
180,260,4.5,1270237876
182,260,3.5,1120879576
186,260,4.0,1031079382
187,260,4.0,1161849967
193,260,5.0,1435857223
195,260,4.0,974707220
198,260,5.0,1034137711
199,260,4.0,1022970258
200,260,5.0,1229886006
201,260,5.0,939226374
202,260,4.0,974912002
205,260,4.5,1519900208
210,260,5.0,1473705468
211,260,4.5,1350913284
212,260,2.5,1505400094
215,260,4.5,1260908665
217,260,5.0,955941874
219,260,5.0,1194685947
220,260,5.0,1230055647
223,260,3.5,1226209871
224,260,2.0,971812185
226,260,4.5,1095662595
227,260,3.5,1447189626
228,260,4.5,1363222887
231,260,4.0,1433089449
232,260,4.5,1218164802
234,260,5.0,1004407958
239,260,5.0,1221148002
246,260,5.0,1354146995
247,260,4.0,1467643884
248,260,3.5,1534591638
249,260,5.0,1346757993
254,260,4.0,1180446182
256,260,4.0,1446579713
262,260,4.0,840306238
265,260,5.0,965314715
266,260,4.0,945670679
267,260,5.0,959815004
268,260,4.0,940173779
274,260,3.0,1171409999
275,260,4.0,1049078271
276,260,5.0,858350672
277,260,4.0,861812827
279,260,5.0,1506394310
282,260,4.0,1378496939
288,260,5.0,976137780
290,260,5.0,974939497
292,260,4.0,1039914974
294,260,5.0,966633760
298,260,4.0,1447516841
302,260,5.0,854473264
303,260,3.5,1053303081
304,260,5.0,881232527
305,260,5.0,1460134084
307,260,3.5,1186160883
308,260,2.5,1421373674
312,260,5.0,1043175564
313,260,3.0,1030474666
314,260,5.0,852051195
317,260,4.0,1430361444
318,260,3.0,1237233430
323,260,4.5,1422640069
328,260,5.0,1494206980
330,260,4.0,1285904564
334,260,4.0,1225478632
337,260,5.0,860255830
343,260,3.0,1202060817
344,260,5.0,1420495238
348,260,4.5,1378850273
350,260,4.0,864940972
352,260,4.0,1493931941
354,260,4.0,1200870112
357,260,4.0,1348611022
361,260,2.0,1204045245
362,260,4.5,1530640059
363,260,2.0,1502584358
364,260,4.0,869443424
365,260,3.0,1488333364
367,260,5.0,997810956
368,260,4.0,975828806
369,260,3.5,1237082658
370,260,2.0,1159162949
372,260,4.0,874414749
376,260,4.0,1364933330
380,260,5.0,1493419753
381,260,3.5,1200824545
382,260,5.0,1515160692
385,260,4.0,865023897
387,260,4.5,1118029794
389,260,5.0,857934308
391,260,5.0,1032387863
399,260,5.0,1167220356
400,260,5.0,1498870148
407,260,4.0,1424349164
408,260,4.0,1472537293
409,260,4.0,967912821
410,260,3.0,990727962
414,260,5.0,961514667
415,260,4.0,1382470256
416,260,3.0,1187496455
422,260,5.0,986173117
425,260,3.0,1085477202
428,260,3.5,1111523276
432,260,3.5,1316391483
434,260,5.0,1270604737
437,260,5.0,859721045
438,260,5.0,1105650450
441,260,5.0,1449070465
443,260,4.0,1501722465
445,260,5.0,1454621690
448,260,5.0,1019124071
450,260,5.0,974705741
452,260,5.0,1013394673
453,260,4.0,972621703
456,260,5.0,856883383
457,260,5.0,993610795
459,260,4.0,1520233064
461,260,0.5,1505935283
462,260,4.0,1140399826
464,260,5.0,1275548679
466,260,1.5,1439885060
469,260,4.0,965333666
474,260,4.0,975173633
475,260,5.0,1498029369
477,260,4.5,1200939628
479,260,4.0,1039360623
480,260,4.5,1179160262
483,260,4.5,1327276785
487,260,4.0,1428574154
492,260,4.0,863976004
493,260,5.0,1001562629
494,260,5.0,1001666564
497,260,2.0,1429127353
500,260,4.0,1005527309
509,260,4.0,1435992290
513,260,5.0,1159980693
514,260,5.0,1533871727
515,260,5.0,1513602000
516,260,5.0,994624788
517,260,3.5,1487957618
522,260,5.0,1253344662
524,260,5.0,851609016
525,260,4.0,1476475805
527,260,5.0,1033173453
529,260,5.0,855583422
531,260,5.0,1032961819
534,260,4.5,1459787998
540,260,5.0,1179108620
548,260,3.5,1488825015
549,260,2.0,1464282588
551,260,3.5,1505548034
555,260,5.0,978841221
557,260,3.0,1452797284
559,260,5.0,865095758
560,260,4.0,1469647797
561,260,4.5,1491090699
567,260,2.0,1525288368
570,260,3.5,1181476632
572,260,5.0,945888912
573,260,5.0,1186589669
577,260,5.0,945965658
580,260,4.0,1167860858
582,260,4.0,1446792609
586,260,4.5,1529899127
590,260,5.0,1258416665
591,260,5.0,970524685
593,260,5.0,1181007473
596,260,4.0,1535627138
597,260,5.0,940420585
599,260,5.0,1498533468
600,260,4.0,1237714798
602,260,5.0,840875999
603,260,4.0,953926816
605,260,5.0,1277097531
606,260,4.5,1171324078
607,260,3.0,963078880
608,260,3.5,1117162625
610,260,5.0,1479543007
5,261,4.0,847435238
6,261,4.0,845553695
12,261,4.5,1247263357
33,261,4.0,939715904
35,261,5.0,830939733
43,261,5.0,848994079
45,261,3.0,959624314
58,261,4.0,847718960
68,261,2.0,1230498595
84,261,4.0,857653843
100,261,4.5,1100185932
117,261,3.0,844163061
132,261,4.0,1157923139
140,261,4.0,949667125
162,261,5.0,836511337
191,261,4.0,829760898
200,261,3.5,1229888190
304,261,4.0,891173910
372,261,3.0,874416748
398,261,3.5,1311207257
404,261,3.0,838376103
406,261,4.0,1296959195
411,261,3.0,835532418
414,261,4.0,961437526
429,261,5.0,828124616
436,261,3.0,833529750
455,261,4.0,836436244
458,261,3.0,845652560
470,261,3.0,849224825
474,261,4.0,979180620
476,261,5.0,835021800
480,261,4.0,1179162690
484,261,4.0,1342297621
489,261,4.0,1333022921
514,261,2.5,1534048178
536,261,5.0,832839938
566,261,5.0,849006113
584,261,5.0,834987933
600,261,3.0,1237707795
603,261,4.0,963176178
604,261,4.0,832080111
606,261,3.5,1171757325
6,262,5.0,845554551
20,262,4.5,1054038142
43,262,5.0,848994574
87,262,4.0,1270703101
117,262,3.0,844163663
177,262,4.0,1435535871
240,262,3.0,849123161
263,262,4.0,940384764
273,262,4.0,839575105
280,262,4.0,1348531999
325,262,4.0,1039396364
357,262,4.0,1348627634
381,262,4.0,1168800704
414,262,4.0,961681228
436,262,4.0,833530252
473,262,3.5,1169351236
474,262,4.0,979180182
484,262,4.0,1342227803
509,262,4.5,1436027600
599,262,2.5,1519145391
600,262,3.0,1237857429
23,272,4.0,1107162524
32,272,5.0,856737123
33,272,4.0,939716778
40,272,5.0,832059417
57,272,3.0,972172467
66,272,3.5,1113190319
84,272,5.0,857653843
96,272,5.0,964773550
109,272,3.0,841108751
117,272,4.0,844163156
121,272,1.0,847656374
127,272,3.0,1263527148
137,272,4.0,1204858999
162,272,5.0,836511416
191,272,5.0,829760898
262,272,5.0,840305983
314,272,3.0,834398583
322,272,3.5,1217677446
323,272,3.5,1422640615
372,272,3.0,874416280
377,272,4.0,1340341951
385,272,3.0,834691862
404,272,3.0,838376221
411,272,2.0,835532588
437,272,5.0,859721840
455,272,4.0,836436499
474,272,3.5,1104518799
488,272,4.5,1112381948
517,272,1.0,1488399245
536,272,5.0,832840002
604,272,4.0,832080355
6,273,3.0,845553875
19,273,1.0,965705240
38,273,2.0,841341680
40,273,1.0,832059458
66,273,3.5,1113190315
74,273,3.5,1207499102
109,273,3.0,841108711
117,273,3.0,844163156
134,273,3.0,832841687
136,273,3.0,832449614
182,273,3.5,1075802498
240,273,4.0,849122663
262,273,5.0,840305973
288,273,2.0,976124938
314,273,4.0,834398602
323,273,1.5,1422640621
373,273,5.0,846830316
404,273,3.0,838376221
414,273,2.0,961518708
425,273,3.5,1085490918
444,273,4.0,832678415
446,273,1.0,843839544
474,273,2.5,1090873643
483,273,3.5,1181495496
505,273,3.0,1298779467
559,273,3.0,845476170
594,273,3.0,1108951263
604,273,3.0,832080545
6,277,5.0,845553844
12,277,3.0,1247263371
43,277,5.0,848994222
58,277,5.0,847719065
84,277,3.0,860397382
103,277,4.0,1450982770
117,277,4.0,844163204
136,277,3.0,832449595
140,277,3.0,949667152
162,277,5.0,836511595
169,277,4.5,1059427194
170,277,3.0,840473151
172,277,4.5,1238715964
181,277,4.0,845469893
226,277,3.0,1095662343
230,277,1.0,1196304123
240,277,3.0,849122640
280,277,3.0,1347604610
337,277,4.0,860256120
349,277,3.0,834751177
357,277,4.0,1348627089
372,277,3.0,874415164
385,277,3.0,834693582
396,277,1.0,1111688562
404,277,3.0,838376177
406,277,3.0,1296959212
414,277,2.0,961518753
419,277,0.5,1318337802
447,277,4.0,836961218
474,277,2.0,975173058
476,277,3.0,835021927
517,277,5.0,1487955694
590,277,3.0,1258422344
592,277,3.0,837354148
599,277,1.5,1498504462
600,277,2.0,1237708403
604,277,4.0,832080355
608,277,2.5,1117408431
6,279,3.0,845555436
429,279,3.0,828124616
58,280,5.0,847719231
117,280,3.0,844163543
136,280,5.0,832449705
162,280,5.0,836684249
337,280,4.0,860256159
353,280,5.0,831940050
372,280,3.0,874416992
373,280,4.0,846830424
411,280,4.0,835532774
414,280,4.0,961518040
458,280,5.0,845652668
474,280,3.0,1004131763
602,280,3.0,840876260
6,282,3.0,845553522
8,282,3.0,839463767
14,282,5.0,835441239
32,282,4.0,856737338
38,282,3.0,841341447
46,282,3.0,834788227
58,282,4.0,847718851
66,282,4.0,1093144035
68,282,2.0,1158534484
94,282,3.0,843406930
99,282,4.0,829828006
117,282,3.0,844163002
121,282,3.0,847656113
136,282,5.0,832449365
170,282,4.0,840381134
174,282,5.0,848487152
191,282,3.0,829760898
226,282,3.5,1095662956
229,282,4.0,838144399
240,282,1.0,849122404
263,282,4.0,940384910
273,282,4.0,835861286
323,282,2.0,1422640524
373,282,4.0,846830111
385,282,3.0,834691717
411,282,4.0,835532346
414,282,2.5,1082914167
429,282,4.0,828124616
446,282,2.0,843839360
455,282,3.0,836436146
470,282,3.0,849224777
474,282,3.0,1060105525
480,282,3.0,1179179113
570,282,3.0,1181476033
584,282,5.0,834987866
589,282,4.0,856043430
599,282,2.0,1498511326
600,282,2.5,1237713576
602,282,2.0,840875825
606,282,4.0,1171236810
6,288,2.0,845553283
14,288,4.0,835441107
18,288,4.0,1455617466
26,288,3.0,836950431
41,288,3.0,1459367592
42,288,5.0,996220487
43,288,3.0,848993793
46,288,3.0,834787967
54,288,3.0,830247887
56,288,3.0,835799188
58,288,3.0,847718617
76,288,4.0,1439168262
81,288,3.0,845299800
91,288,3.5,1112711287
94,288,2.0,843406748
99,288,3.0,829828006
102,288,4.0,835876045
109,288,5.0,841106621
112,288,4.0,1513989961
117,288,2.0,844162850
121,288,4.0,847655996
122,288,5.0,1461562373
125,288,5.0,1474294680
126,288,1.0,845925822
132,288,4.0,1157922712
133,288,2.0,843491249
134,288,4.0,832841168
135,288,3.0,1009691292
140,288,2.0,973800087
144,288,4.0,1137323728
156,288,4.0,1106854843
160,288,5.0,971115276
174,288,3.0,848487003
179,288,4.0,840907561
182,288,4.5,1054783872
187,288,3.0,1180734881
191,288,3.0,829760898
192,288,3.0,835128955
219,288,2.0,1194932062
229,288,4.0,836942020
239,288,5.0,1221158725
266,288,1.0,945670160
274,288,4.5,1171428405
297,288,4.0,900872375
304,288,1.0,891173801
305,288,3.5,1516132540
307,288,4.0,1203528213
308,288,1.0,1421374407
317,288,2.0,1430598394
318,288,5.0,1292695020
321,288,3.0,843212474
330,288,5.0,1285905235
332,288,3.5,1352672548
340,288,4.0,848666436
342,288,3.0,1042821145
353,288,3.0,831939713
368,288,3.0,971276675
373,288,3.0,846829968
385,288,1.0,834691642
386,288,1.0,842610269
387,288,4.0,1095040535
405,288,5.0,1295914153
411,288,3.0,835532155
414,288,3.0,961516204
417,288,4.0,1529375079
419,288,1.5,1321659222
424,288,4.0,1457846167
444,288,3.0,839310842
446,288,4.0,843839232
447,288,5.0,836960849
448,288,3.0,1019124575
455,288,2.0,836436000
462,288,3.5,1154037845
465,288,3.0,959896430
468,288,2.0,831400500
469,288,2.0,965334440
470,288,3.0,849075299
480,288,2.5,1179178157
486,288,2.0,839536984
512,288,5.0,841449335
541,288,1.0,835643027
560,288,3.5,1469649265
584,288,1.0,834987672
588,288,3.0,839316241
597,288,3.0,941730541
599,288,3.0,1498615482
602,288,3.0,840875647
603,288,4.0,953925861
604,288,5.0,832079938
606,288,4.0,1171756877
608,288,3.0,1117504348
609,288,3.0,847220990
5,290,5.0,847435311
28,290,3.0,1234570350
109,290,3.0,841189922
171,290,5.0,866905820
178,290,3.5,1163673713
187,290,4.0,1161849794
229,290,4.0,836942200
262,290,4.0,840311075
410,290,5.0,990807742
414,290,5.0,961516863
437,290,5.0,859721495
532,290,3.0,1025570521
602,290,3.0,840876032
603,290,4.0,953925049
6,293,3.0,845553660
15,293,3.0,1510571962
16,293,4.0,1377477870
17,293,3.5,1307262308
18,293,4.5,1455050049
19,293,4.0,965710720
21,293,3.0,1436989949
23,293,4.0,1107341697
28,293,4.5,1234338073
33,293,4.0,939716559
41,293,4.0,1458933717
52,293,4.0,1468051256
58,293,5.0,847718937
61,293,4.5,1145532599
62,293,5.0,1521488906
63,293,3.5,1443199772
64,293,4.0,1161521544
66,293,4.0,1093747362
67,293,5.0,1501273898
68,293,4.0,1158532453
82,293,3.5,1084467974
91,293,4.0,1112711284
95,293,4.5,1069614359
99,293,5.0,829828006
102,293,3.0,835876384
104,293,4.0,1110558303
105,293,5.0,1446571797
113,293,5.0,980051638
117,293,3.0,844163082
119,293,5.0,1435943240
123,293,3.5,1447291133
131,293,4.0,1349840551
132,293,4.0,1157922745
135,293,4.0,1009691164
136,293,1.0,832449475
140,293,5.0,942843185
160,293,1.0,971112795
166,293,4.5,1188774465
181,293,3.0,845469756
182,293,4.5,1054780295
191,293,5.0,829760898
197,293,5.0,947461684
199,293,3.5,1105715925
201,293,3.0,940350410
202,293,5.0,974912991
204,293,4.5,1327183178
212,293,3.0,1490114772
219,293,4.0,1194685979
222,293,3.0,1391350440
237,293,4.0,1411233582
239,293,4.5,1221159154
246,293,4.0,1354127167
247,293,4.0,1467644257
249,293,5.0,1346757717
251,293,5.0,1470676722
254,293,4.5,1180447547
256,293,5.0,1446580005
274,293,4.5,1171409188
294,293,3.0,966597447
297,293,4.0,900872113
298,293,3.5,1447597770
302,293,3.0,854473232
304,293,4.0,918413027
305,293,3.5,1460135877
308,293,1.0,1421374386
313,293,4.0,1030555572
314,293,3.0,848675283
317,293,5.0,1430364888
318,293,3.5,1312876259
319,293,5.0,1461351748
325,293,3.0,1039399105
326,293,4.5,1322252436
328,293,3.5,1494210791
331,293,4.0,1537157564
332,293,3.0,1352673496
334,293,3.5,1225478596
336,293,5.0,1122227437
346,293,4.0,1125859259
353,293,5.0,831939875
362,293,4.5,1530640194
368,293,4.0,971275431
370,293,3.5,1159161974
372,293,4.0,874415440
380,293,5.0,1493419784
386,293,3.0,842613723
387,293,4.5,1094876347
391,293,5.0,1030827248
393,293,5.0,1430505916
396,293,5.0,1111688614
400,293,5.0,1498870424
402,293,3.0,849601504
405,293,4.0,1295914570
407,293,3.0,1424349633
414,293,5.0,961517011
424,293,4.0,1457845787
425,293,5.0,1114174063
432,293,3.5,1335139434
434,293,4.5,1270603658
436,293,3.0,833529729
445,293,4.0,1454622226
447,293,5.0,836961106
449,293,4.0,1053200117
464,293,5.0,1275549621
469,293,4.0,965336739
473,293,4.0,1169352590
474,293,3.5,1079099410
480,293,4.5,1179178211
483,293,4.0,1181494891
486,293,5.0,839537372
489,293,4.5,1332773372
523,293,5.0,1503125936
525,293,4.0,1476477960
532,293,3.0,1025570482
541,293,3.0,835643161
546,293,3.0,973588464
549,293,5.0,1464282636
551,293,4.5,1505548068
553,293,4.0,1230773504
555,293,5.0,978840381
560,293,4.5,1469647274
561,293,4.0,1491094655
570,293,3.5,1181477740
573,293,5.0,1186804237
580,293,5.0,1167783708
584,293,3.0,834987912
592,293,4.0,837350260
599,293,5.0,1498456035
602,293,3.0,840875901
603,293,2.0,954482255
604,293,3.0,832080193
606,293,4.5,1171387841
608,293,4.0,1117490629
610,293,5.0,1479542783
1,296,3.0,964982967
4,296,1.0,945173350
5,296,5.0,847434748
6,296,2.0,845553110
8,296,4.0,839463422
10,296,1.0,1455303387
14,296,3.0,835440978
15,296,4.0,1510571877
16,296,3.0,1377477302
17,296,5.0,1305696455
18,296,4.0,1455050745
21,296,3.5,1500701533
23,296,3.5,1107163773
24,296,4.0,1458942020
26,296,4.0,836950245
28,296,4.5,1234338046
29,296,3.5,1362016789
32,296,5.0,856737001
33,296,5.0,939717613
37,296,5.0,845239388
38,296,3.0,841341163
39,296,5.0,974789540
40,296,5.0,832058854
41,296,5.0,1458933695
42,296,5.0,996214107
43,296,3.0,848993627
45,296,5.0,1007483989
50,296,4.0,1500573696
54,296,3.0,830247106
56,296,4.0,835799034
57,296,3.0,972172502
58,296,5.0,847718380
62,296,4.5,1521488575
63,296,5.0,1443201070
64,296,4.5,1161520143
66,296,5.0,1093747506
67,296,4.5,1501273753
68,296,2.0,1180916156
69,296,5.0,1021644176
72,296,4.5,1217324757
74,296,5.0,1207499596
76,296,4.5,1439165672
78,296,4.0,1252574962
81,296,3.0,845299424
84,296,4.0,857653593
91,296,4.5,1112711264
94,296,4.0,843406616
96,296,5.0,964772972
99,296,5.0,829828006
100,296,3.5,1100184820
102,296,5.0,835875691
103,296,5.0,1431954439
105,296,5.0,1446571768
107,296,3.0,832003609
109,296,5.0,841106309
110,296,4.5,1175330118
115,296,5.0,944954937
117,296,4.0,844162744
118,296,4.0,944924487
119,296,4.0,1436563596
121,296,4.0,847655899
122,296,5.0,1461561354
123,296,4.0,1447291797
124,296,4.5,1336423393
125,296,4.5,1474141538
126,296,1.0,845925577
130,296,4.0,832589516
131,296,4.0,1349840345
132,296,4.0,1329983943
133,296,3.0,843490780
134,296,4.0,832840929
135,296,4.0,1009693583
136,296,1.0,832449136
137,296,3.0,1204859460
140,296,4.0,942843185
141,296,4.0,1513130625
142,296,5.0,838931920
144,296,4.0,1136812638
145,296,4.0,832105148
152,296,4.5,1450572451
153,296,3.0,1525548640
156,296,5.0,939884874
159,296,0.5,1508640157
160,296,5.0,971113194
162,296,3.0,836488867
166,296,4.5,1188774591
167,296,3.0,1154723095
168,296,4.5,1306802051
170,296,2.0,840380834
171,296,5.0,866905241
173,296,1.0,843397856
174,296,3.0,848486904
176,296,3.0,840108527
177,296,5.0,1435530409
178,296,4.5,1164355189
179,296,4.0,840907314
181,296,2.0,845469280
182,296,5.0,1054781290
187,296,4.5,1161849333
191,296,5.0,829760898
192,296,3.0,835128552
193,296,4.0,1435857247
195,296,5.0,974709531
197,296,5.0,947461923
198,296,5.0,1034135986
199,296,4.0,940372462
200,296,5.0,1229886402
201,296,5.0,939833199
202,296,4.0,974912566
203,296,5.0,1390095442
204,296,4.5,1327183210
210,296,0.5,1473705619
211,296,4.5,1350913106
212,296,3.5,1490114859
215,296,3.5,1260909003
217,296,2.0,955942837
219,296,4.0,1198522553
220,296,5.0,1230054991
221,296,5.0,1118246719
222,296,4.0,1391350322
223,296,3.0,1226209786
226,296,4.5,1159219398
227,296,4.5,1447189845
229,296,5.0,836941258
231,296,4.0,1433089540
232,296,5.0,1241823280
233,296,4.0,1448816239
235,296,4.0,841422308
239,296,5.0,1221158165
240,296,2.0,849122058
241,296,4.5,1447536332
242,296,5.0,834073039
246,296,4.0,1354145949
247,296,4.0,1467644035
249,296,4.0,1346757687
251,296,5.0,1470676717
254,296,5.0,1180446396
260,296,4.5,1109410729
261,296,5.0,1404881509
262,296,3.0,840305552
263,296,3.0,940384165
266,296,5.0,945670764
273,296,4.0,835798985
274,296,5.0,1171493995
275,296,5.0,1049078586
279,296,5.0,1506394205
282,296,4.0,1378490071
284,296,4.0,832695048
285,296,4.0,1449625911
286,296,5.0,1119562836
288,296,5.0,978647227
290,296,5.0,975031374
292,296,3.0,990062598
294,296,4.0,966597447
295,296,5.0,1320064918
296,296,4.5,1532993850
298,296,4.5,1447584408
301,296,4.5,1211377348
302,296,5.0,854473183
304,296,5.0,891173194
305,296,5.0,1460135173
307,296,4.5,1186088034
309,296,3.5,1166068318
313,296,5.0,1030476374
314,296,1.0,834241286
317,296,5.0,1430361439
318,296,4.5,1267471863
322,296,5.0,1217676115
323,296,4.0,1422640352
325,296,5.0,1039395929
326,296,4.0,1322867713
328,296,5.0,1494211888
330,296,4.0,1285904473
331,296,5.0,1537157527
332,296,4.0,1352671943
334,296,4.0,1225478742
335,296,5.0,1261542334
336,296,5.0,1122227568
338,296,4.5,1530148321
339,296,2.5,1460868473
340,296,4.0,848666338
343,296,4.5,1202061332
346,296,3.5,1125857435
348,296,5.0,1378850640
349,296,4.0,834750311
351,296,4.5,1325979182
352,296,5.0,1493931922
353,296,5.0,831939568
354,296,4.5,1200870076
357,296,4.5,1348609971
359,296,4.0,1193179224
362,296,5.0,1530637210
363,296,5.0,1502584547
368,296,5.0,975827507
370,296,5.0,1159161996
372,296,4.0,874416907
373,296,5.0,846829840
374,296,5.0,849089035
379,296,2.0,847397202
380,296,5.0,1493420341
382,296,5.0,1515160642
384,296,5.0,996441209
385,296,4.0,834691537
386,296,5.0,842610161
387,296,5.0,1094876289
391,296,5.0,1030827757
395,296,3.0,841503394
399,296,5.0,1167220327
400,296,5.0,1498870341
402,296,5.0,849601250
403,296,5.0,1225243673
404,296,3.0,838375694
405,296,4.5,1295912262
409,296,5.0,969059543
410,296,2.0,990807684
411,296,5.0,835531951
413,296,5.0,1484439565
414,296,5.0,961516693
415,296,5.0,1382470083
416,296,4.0,1187496460
417,296,5.0,1530156600
418,296,4.5,1461865706
419,296,5.0,1321659004
420,296,4.0,1218041106
423,296,4.5,1155285837
424,296,4.5,1457842438
425,296,4.0,1085477156
426,296,3.5,1451081883
427,296,4.5,1053071490
428,296,4.5,1111487740
432,296,2.5,1315244535
433,296,5.0,1506823837
434,296,5.0,1270603222
437,296,5.0,859722193
441,296,5.0,1449070650
443,296,4.0,1501722467
444,296,5.0,832668242
445,296,4.0,1454621792
446,296,4.0,843839122
447,296,5.0,836960591
448,296,5.0,1019132316
453,296,5.0,972621220
454,296,4.0,1279480116
458,296,4.0,845651603
462,296,2.5,1123890816
463,296,4.0,1145460490
464,296,4.5,1275549518
468,296,3.0,831400406
469,296,5.0,965336630
470,296,3.0,849074737
471,296,4.0,1496671827
474,296,4.0,979179939
476,296,3.0,835021274
477,296,4.5,1200939617
480,296,4.0,1179177639
483,296,5.0,1178213426
486,296,5.0,839536920
489,296,4.0,1333101247
490,296,4.0,1334940348
498,296,4.0,839197204
503,296,5.0,1335219269
504,296,4.0,1064451554
509,296,3.5,1436101835
512,296,5.0,841449203
513,296,4.5,1159980578
514,296,4.0,1533945044
522,296,5.0,1253343461
526,296,4.0,1502132896
528,296,4.0,1391735987
540,296,5.0,1179108599
542,296,3.5,1163386827
551,296,3.5,1504925815
552,296,4.0,1111473067
553,296,5.0,1219557512
555,296,4.0,978840045
558,296,3.0,1035415412
559,296,3.0,845475789
560,296,4.0,1469647859
561,296,4.5,1491092060
562,296,5.0,1368894104
565,296,5.0,846533209
566,296,4.0,849005100
568,296,4.5,1253767257
569,296,5.0,849190587
573,296,5.0,1186589250
574,296,3.0,834634383
575,296,5.0,926510724
580,296,5.0,1167789886
583,296,4.0,1481474161
584,296,3.0,834987020
585,296,5.0,1307418531
587,296,5.0,953141880
588,296,5.0,839316050
589,296,5.0,856045408
590,296,4.5,1258420369
592,296,4.0,837349829
599,296,5.0,1498456867
600,296,4.5,1237712505
602,296,5.0,840875508
603,296,5.0,953925131
604,296,5.0,832079767
605,296,2.0,1277097498
606,296,5.0,1171231349
607,296,3.0,963079311
608,296,5.0,1117162592
609,296,4.0,847220802
610,296,5.0,1479545817
5,300,3.0,847435337
23,300,3.0,1107342187
26,300,3.0,836950431
28,300,2.0,1242288446
33,300,3.0,939648134
35,300,4.0,830939505
38,300,4.0,841341323
40,300,5.0,832059012
43,300,3.0,848993816
46,300,3.0,834788016
58,300,5.0,847718674
84,300,5.0,858771743
109,300,3.0,841107487
112,300,0.5,1513989999
117,300,4.0,844162870
121,300,3.0,847656027
126,300,2.0,845925854
130,300,3.0,832589634
133,300,3.0,843491793
135,300,4.0,1009693815
136,300,3.0,832449254
145,300,3.0,832105394
156,300,3.5,1106854847
162,300,3.0,836511263
174,300,2.0,848487060
179,300,3.0,840907616
191,300,4.0,829760898
195,300,4.0,1008558588
199,300,4.0,940372390
202,300,4.0,974912821
229,300,3.0,838144346
235,300,5.0,841422428
242,300,5.0,834073153
262,300,3.0,840305673
263,300,3.0,940384910
275,300,3.0,1049079480
290,300,4.0,975032059
305,300,3.5,1518198010
318,300,4.5,1340476608
323,300,2.5,1422640120
325,300,4.0,1039398710
330,300,4.0,1285905284
357,300,3.0,1348611695
372,300,5.0,874414869
373,300,3.0,846830015
386,300,3.0,842610304
387,300,3.0,1154681852
391,300,4.0,1032389866
411,300,3.0,835532155
412,300,4.0,939136944
414,300,4.0,961517346
429,300,4.0,828124616
437,300,5.0,859721399
444,300,3.0,832669863
446,300,3.0,843839272
448,300,4.0,1019137717
453,300,5.0,972622883
455,300,4.0,836436000
458,300,3.0,845651860
462,300,2.5,1154037858
468,300,4.0,831400480
470,300,4.0,849075432
474,300,4.0,979180247
476,300,4.0,835021470
480,300,4.5,1179178032
485,300,3.0,837943384
498,300,4.0,839197341
512,300,4.0,841449359
530,300,3.0,843226909
536,300,4.0,832839848
565,300,4.0,846533367
566,300,3.0,849005614
572,300,4.0,945890267
574,300,3.0,834634504
584,300,3.0,834987672
588,300,4.0,839316278
589,300,3.0,856043369
599,300,3.5,1498501285
602,300,5.0,840875667
603,300,2.0,963179517
604,300,3.0,832080799
33,307,5.0,939715286
40,307,5.0,832059644
64,307,3.5,1161531272
74,307,5.0,1207499251
79,307,4.0,975281591
96,307,1.0,964773216
105,307,4.5,1446572181
132,307,4.0,1157978985
182,307,4.5,1054780622
191,307,5.0,829760898
193,307,3.5,1436558775
199,307,2.0,940372513
202,307,3.0,974912616
339,307,3.5,1461051766
346,307,3.5,1094645884
390,307,4.5,1250274313
440,307,4.0,1237568823
474,307,4.5,1100119745
489,307,4.5,1332706038
490,307,4.5,1334940331
508,307,1.0,1268297492
554,307,5.0,944902251
603,307,4.0,963179293
606,307,4.5,1171327290
33,308,4.0,939716559
40,308,5.0,832059658
74,308,5.0,1207501263
105,308,4.5,1446572583
132,308,2.0,1157979712
182,308,3.5,1054780612
191,308,5.0,829760898
202,308,4.0,975012920
301,308,4.0,1211376464
339,308,4.0,1461797376
390,308,5.0,1250274475
391,308,5.0,1032389260
414,308,4.0,961516693
474,308,4.0,1054071868
489,308,3.5,1333234505
490,308,4.0,1328145027
526,308,3.5,1502132664
567,308,2.5,1525287779
603,308,4.0,963179359
606,308,4.0,1171327301
1,316,3.0,964982310
5,316,2.0,847434832
6,316,5.0,845553174
19,316,2.0,965703785
24,316,3.5,1458941812
27,316,4.0,962685941
28,316,4.0,1277002153
29,316,4.0,1362016849
35,316,3.0,830939438
37,316,5.0,845239442
40,316,3.0,832058930
42,316,2.0,996219275
43,316,4.0,848993693
45,316,4.0,950740601
46,316,4.0,834787757
51,316,4.5,1230931604
56,316,3.0,835799115
57,316,3.0,965798870
64,316,3.0,1161520309
68,316,3.5,1158531378
81,316,4.0,845299563
91,316,4.0,1112713249
93,316,5.0,942946445
94,316,4.0,843406685
99,316,2.0,829828007
107,316,3.0,832003678
117,316,3.0,844162811
121,316,3.0,847655945
126,316,1.0,845925656
129,316,4.5,1167375456
130,316,3.0,832589583
134,316,4.0,832841046
136,316,2.0,832449197
145,316,2.0,832105216
149,316,4.0,902084966
160,316,2.0,971114356
173,316,3.0,843397907
174,316,5.0,848486943
176,316,4.0,840108739
179,316,3.0,840907418
181,316,3.0,845469403
182,316,2.5,1120879601
186,316,4.0,1031080124
191,316,1.0,829760898
192,316,4.0,835128831
198,316,5.0,1034135137
217,316,3.0,955940625
219,316,2.5,1200977858
220,316,2.0,1230055774
226,316,2.5,1097545271
239,316,4.0,1221158141
240,316,4.0,849122130
242,316,3.0,834073098
244,316,3.0,975093513
248,316,3.5,1534591935
264,316,3.5,1136979048
265,316,5.0,965315113
266,316,3.0,946768550
274,316,3.5,1171934639
284,316,4.0,832695208
294,316,3.0,966634162
305,316,3.0,1518197885
312,316,3.0,1043176952
313,316,4.0,1030474889
314,316,2.0,834241835
321,316,4.0,843212439
323,316,2.5,1422640409
330,316,4.5,1285905025
332,316,3.0,1352673407
334,316,3.0,1234629922
340,316,4.0,848666375
344,316,3.5,1420496788
347,316,3.0,847645635
353,316,3.0,831939669
355,316,4.0,974965550
356,316,4.0,1232430002
368,316,2.0,975829531
372,316,5.0,874416615
374,316,3.0,849089103
379,316,3.0,847397292
380,316,5.0,1494278656
381,316,3.5,1165975719
386,316,3.0,842610228
387,316,3.5,1095040482
394,316,2.0,838994211
395,316,3.0,841503488
404,316,3.0,838375745
408,316,3.5,1470332601
411,316,4.0,835532031
414,316,3.0,961515271
425,316,3.5,1085477351
429,316,3.0,828124616
434,316,3.5,1270604886
436,316,2.0,833529522
438,316,3.5,1105664330
446,316,4.0,843839191
447,316,3.0,836960662
448,316,3.0,1028110820
452,316,5.0,1019580826
453,316,3.0,972622184
455,316,3.0,836435894
458,316,4.0,845651670
469,316,3.0,965334440
470,316,3.0,849074900
474,316,3.5,1053021158
477,316,3.0,1200939711
480,316,4.0,1179177651
482,316,5.0,1105396880
485,316,3.0,837943293
486,316,3.0,839537094
489,316,3.0,1333101362
494,316,3.0,1001666423
498,316,2.0,839197282
507,316,3.0,838964592
512,316,3.0,841449258
520,316,4.0,1326609086
524,316,3.0,851609469
534,316,3.5,1459787997
541,316,5.0,835642969
555,316,4.0,978841730
559,316,3.0,845475863
560,316,4.0,1469657593
561,316,4.5,1491095581
566,316,4.0,849005257
569,316,4.0,849190633
570,316,3.5,1181477202
573,316,4.0,1186722532
574,316,4.0,834634443
577,316,2.0,945965886
580,316,4.0,1167792723
584,316,3.0,834987145
586,316,4.0,1529901366
588,316,2.0,839316145
592,316,4.0,837349901
594,316,4.0,1109036682
599,316,3.0,1498521582
602,316,3.0,840875558
604,316,4.0,832079820
607,316,3.0,963080385
608,316,3.0,1117415383
6,317,4.0,845553457
8,317,3.0,839463644
20,317,3.5,1054038283
38,317,3.0,841341362
40,317,4.0,832059080
43,317,4.0,848993903
45,317,3.0,951170669
51,317,3.5,1230932640
56,317,4.0,835799253
58,317,3.0,847718786
64,317,3.5,1161529277
68,317,2.5,1158533037
76,317,0.5,1439168918
82,317,2.5,1084467976
94,317,3.0,843406866
103,317,4.0,1431957402
107,317,4.0,832003891
117,317,3.0,844163454
130,317,3.0,832589692
136,317,3.0,832449299
140,317,4.0,949667371
141,317,3.5,1513131947
169,317,5.0,1078284717
171,317,4.0,866905664
174,317,3.0,848487116
177,317,4.5,1435534302
179,317,5.0,840907726
181,317,3.0,845469583
186,317,5.0,1031087700
192,317,3.0,835129031
217,317,2.0,955944192
219,317,3.0,1194740802
226,317,3.0,1095662500
232,317,3.5,1218169414
234,317,5.0,1004409682
240,317,5.0,849122346
242,317,3.0,834073178
262,317,3.0,840305713
274,317,3.0,1171756213
288,317,3.0,978470241
294,317,2.0,966596327
321,317,5.0,843212522
328,317,2.0,1494210813
330,317,0.5,1285905480
347,317,4.0,847645839
355,317,3.0,974966225
368,317,3.0,971273035
380,317,4.0,1493422855
381,317,3.5,1165975927
387,317,0.5,1118562900
395,317,3.0,841503726
428,317,1.0,1111623445
429,317,5.0,828124616
436,317,3.0,833529621
438,317,3.5,1105762808
446,317,3.0,843839306
455,317,3.0,836436023
468,317,3.0,831400519
474,317,2.0,1046886834
476,317,3.0,835021494
477,317,2.0,1200941809
480,317,2.5,1179178522
483,317,4.5,1178293779
491,317,4.0,1526673130
495,317,4.5,1458636288
510,317,1.0,1141158733
512,317,3.0,841449402
523,317,4.0,1503126249
525,317,3.5,1476480351
552,317,2.0,1112151213
559,317,3.0,845475965
583,317,4.0,1481474333
584,317,4.0,834987730
590,317,3.0,1258416947
592,317,4.0,837350080
594,317,4.0,1109037119
599,317,2.0,1498510689
600,317,0.5,1237759435
604,317,3.0,832079958
605,317,3.5,1277176505
608,317,3.0,1117408445
2,318,3.0,1445714835
5,318,3.0,847434880
6,318,5.0,845553200
8,318,5.0,839463489
11,318,4.0,902155070
14,318,3.0,835441042
15,318,5.0,1510571866
16,318,4.0,1377476766
17,318,5.0,1305696465
18,318,5.0,1455049328
22,318,5.0,1268726193
24,318,4.5,1458941989
28,318,3.5,1234338000
29,318,4.5,1307907071
30,318,5.0,1500370344
32,318,5.0,856737003
33,318,4.0,939716778
34,318,4.0,1162050357
36,318,4.0,1100804003
37,318,4.0,845239483
38,318,5.0,841341249
40,318,5.0,832058930
42,318,4.0,996217804
43,318,4.0,848993718
46,318,4.0,834787757
47,318,4.0,1496208166
49,318,4.0,1493089778
50,318,3.5,1514237959
52,318,5.0,1468051091
54,318,4.0,830247358
56,318,4.0,835799115
58,318,5.0,847718544
60,318,4.0,1393542053
61,318,5.0,1145532707
62,318,4.0,1521488565
63,318,5.0,1443199751
64,318,5.0,1161520540
65,318,4.0,1494767049
66,318,4.5,1093747397
67,318,4.5,1501274024
68,318,3.0,1158531293
69,318,5.0,1021646944
70,318,4.5,1355185390
72,318,5.0,1217324771
76,318,3.0,1439165638
78,318,4.5,1252575010
80,318,5.0,1377308028
81,318,3.0,845299677
83,318,5.0,1332839665
84,318,5.0,857653594
86,318,4.5,1343945158
88,318,5.0,1331421326
91,318,2.0,1112712135
93,318,4.0,942947205
94,318,5.0,843406707
99,318,5.0,829828006
102,318,4.0,835875836
103,318,5.0,1431954380
105,318,5.0,1446571534
106,318,5.0,1489498472
107,318,5.0,832003644
109,318,5.0,841106509
111,318,4.5,1518640631
117,318,5.0,844162811
119,318,4.5,1468432386
121,318,5.0,847655960
122,318,5.0,1461561133
123,318,4.0,1447269105
124,318,4.5,1336412895
125,318,4.0,1474141490
126,318,5.0,845925690
130,318,5.0,832589583
131,318,4.0,1349840163
132,318,4.5,1329983827
133,318,4.0,843490980
135,318,5.0,1009693583
137,318,3.5,1204859137
140,318,4.0,942840891
141,318,4.0,1513129787
145,318,3.0,832105216
152,318,3.5,1450572432
156,318,4.5,1106854626
159,318,4.5,1508640105
161,318,5.0,1176751745
162,318,5.0,836511232
166,318,4.5,1188774402
167,318,5.0,1154722100
169,318,5.0,1078284475
170,318,5.0,840380930
171,318,5.0,866905647
176,318,5.0,840108793
177,318,5.0,1435523517
178,318,5.0,1164355198
179,318,5.0,840907462
182,318,4.5,1055157293
187,318,3.0,1161849921
189,318,4.0,1439465054
190,318,4.0,1504309935
191,318,4.0,829760898
193,318,3.5,1436558657
195,318,5.0,974709608
197,318,4.0,947462973
198,318,5.0,1034137533
199,318,4.0,940372390
200,318,5.0,1229878882
202,318,4.0,974912341
203,318,4.0,1390094621
209,318,5.0,1524522161
211,318,5.0,1350913048
212,318,4.5,1490114697
215,318,5.0,1260908625
219,318,5.0,1194685877
220,318,5.0,1230054966
221,318,4.0,1111176249
223,318,4.5,1226209626
227,318,4.0,1447209693
228,318,4.0,1363222965
229,318,5.0,836941551
230,318,3.0,1196304226
232,318,5.0,1207513462
233,318,5.0,1448815806
235,318,4.0,841422371
237,318,4.5,1410631749
239,318,5.0,1221158260
240,318,3.0,849122165
241,318,3.5,1447536008
242,318,4.0,834073098
247,318,4.5,1467643895
249,318,4.5,1346758076
250,318,5.0,1121217814
251,318,5.0,1470676650
254,318,4.5,1180446073
256,318,5.0,1446579711
258,318,5.0,1534892418
261,318,4.5,1404881240
262,318,3.0,840305626
263,318,5.0,940383911
265,318,4.0,965316060
272,318,4.0,1532265940
274,318,4.5,1171409194
275,318,4.0,1049078154
278,318,5.0,1193753313
279,318,4.5,1506394183
282,318,4.5,1378498469
283,318,5.0,901227554
284,318,4.0,832695208
288,318,5.0,976120853
290,318,5.0,974938193
292,318,5.0,990062572
295,318,5.0,1320064839
296,318,5.0,1532993816
298,318,3.5,1447516816
300,318,4.0,1425351440
304,318,4.0,931811802
305,318,5.0,1460134079
307,318,4.5,1186088053
308,318,1.0,1421373686
309,318,4.0,1126451992
313,318,3.0,1030557159
314,318,5.0,834398253
317,318,4.0,1430361381
318,318,4.0,1443879880
319,318,4.5,1461351698
322,318,4.0,1217675823
323,318,5.0,1422640055
325,318,5.0,1039397072
326,318,4.5,1322252321
327,318,4.5,1234788100
328,318,5.0,1494206963
329,318,2.0,1523468325
330,318,4.5,1285904529
331,318,5.0,1537157510
332,318,4.5,1352671754
334,318,3.5,1225480725
335,318,5.0,1261542349
336,318,5.0,1120568521
337,318,5.0,860256159
338,318,5.0,1530148309
339,318,4.0,1460519031
340,318,5.0,848666393
343,318,4.5,1202060845
344,318,5.0,1420497366
348,318,5.0,1378850179
352,318,5.0,1493931907
353,318,5.0,831939590
354,318,4.5,1200869826
356,318,4.5,1229142703
357,318,4.0,1348610455
361,318,3.0,1204047569
362,318,4.5,1530640041
363,318,4.0,1502584380
365,318,4.5,1488332338
367,318,5.0,997811194
370,318,3.5,1159162027
372,318,5.0,874417242
373,318,5.0,846829926
374,318,4.0,849089125
375,318,5.0,1225314378
378,318,4.5,1445345873
379,318,3.0,847397342
380,318,3.0,1493419865
381,318,3.5,1164383421
382,318,5.0,1515160581
385,318,5.0,834691601
386,318,3.0,842610228
387,318,3.5,1117356028
391,318,5.0,1030827712
396,318,4.5,1111688621
400,318,5.0,1498870167
404,318,4.0,838375745
408,318,4.5,1470901532
409,318,4.0,969058201
410,318,5.0,990729103
411,318,4.0,835532030
413,318,5.0,1484439483
414,318,5.0,961516613
415,318,5.0,1382469950
416,318,3.0,1187496720
417,318,5.0,1529284254
418,318,5.0,1461865563
419,318,5.0,1321647647
420,318,4.5,1218206937
421,318,5.0,1311494696
422,318,5.0,986173278
423,318,5.0,1155285853
424,318,3.5,1457842711
425,318,5.0,1085477209
426,318,3.5,1451080785
430,318,5.0,963889362
432,318,3.0,1315243746
433,318,4.5,1506823818
434,318,4.0,1270603965
435,318,5.0,1366676009
436,318,4.0,833529522
437,318,5.0,859721361
438,318,5.0,1105649728
439,318,5.0,1436943744
443,318,5.0,1501722458
444,318,4.0,839310789
447,318,5.0,836960662
449,318,5.0,1053199974
453,318,5.0,972621207
455,318,5.0,836435894
460,318,5.0,1359176683
461,318,4.5,1505935213
462,318,4.0,1127101020
464,318,5.0,1287399102
466,318,3.0,1439885041
468,318,3.0,831400444
469,318,5.0,965662055
470,318,4.0,849075031
472,318,5.0,1345843348
473,318,5.0,1169351447
474,318,5.0,979179840
476,318,5.0,835021384
477,318,5.0,1200939396
480,318,5.0,1179160238
483,318,5.0,1291838563
484,318,5.0,1342982742
486,318,5.0,839537113
487,318,3.0,1428574138
488,318,5.0,1112382037
495,318,5.0,1458634558
497,318,3.0,1429127139
498,318,5.0,839197252
502,318,5.0,1111757439
503,318,4.0,1335219008
511,318,5.0,1450093982
512,318,5.0,841449281
513,318,5.0,1159980592
515,318,5.0,1513601957
517,318,4.0,1487952883
519,318,5.0,1518379626
520,318,5.0,1326608588
522,318,5.0,1253343685
523,318,5.0,1503126542
524,318,1.0,851608745
525,318,4.5,1476475797
526,318,4.0,1502131858
532,318,4.0,1025570372
537,318,4.0,1424137997
539,318,4.0,1332474771
541,318,4.0,835642969
542,318,5.0,1163387043
549,318,4.0,1464282580
550,318,4.5,1488629928
551,318,4.0,1504316369
555,318,5.0,978840009
557,318,4.5,1452797268
559,318,5.0,845475863
561,318,5.0,1491090705
562,318,5.0,1368892201
564,318,3.0,1478451708
565,318,4.0,846533292
566,318,5.0,849005292
570,318,4.0,1181476497
572,318,5.0,945889361
573,318,4.5,1299222415
574,318,5.0,834634443
577,318,5.0,945966689
580,318,5.0,1167673438
581,318,5.0,1447007073
586,318,5.0,1529899248
588,318,5.0,839316184
589,318,5.0,856043369
590,318,4.5,1258416487
592,318,4.0,837349901
593,318,4.5,1181007485
599,318,4.0,1498498867
600,318,3.5,1237714787
601,318,5.0,1441639169
602,318,5.0,840875594
606,318,3.5,1171927228
607,318,5.0,963080679
608,318,4.5,1147210910
609,318,4.0,847220907
610,318,3.0,1479541963
84,326,3.0,857653794
290,326,4.0,974942857
603,326,5.0,963179273
6,329,4.0,845553200
18,329,4.0,1455231677
19,329,2.0,965709622
37,329,3.0,845239483
38,329,3.0,841341249
40,329,3.0,832058930
43,329,5.0,848993718
45,329,4.0,950740723
54,329,3.0,830247389
56,329,3.0,835799115
57,329,4.0,969753849
81,329,4.0,845299677
91,329,2.0,1112713258
93,329,5.0,942946340
94,329,4.0,843406707
102,329,2.0,835877081
107,329,3.0,832003678
109,329,2.0,841106509
112,329,2.5,1513989925
117,329,3.0,844162793
126,329,4.0,845925690
130,329,3.0,832589583
135,329,2.0,1009691746
136,329,2.0,832449197
145,329,3.0,832105216
149,329,1.0,902085002
160,329,1.0,971115443
173,329,4.0,843397925
174,329,3.0,848486962
176,329,5.0,840108740
179,329,3.0,840907462
186,329,4.0,1031080176
217,329,4.0,955940894
229,329,4.0,836941550
235,329,3.0,841422371
240,329,3.0,849122165
242,329,3.0,834073098
244,329,3.0,975093206
264,329,4.5,1136979078
265,329,4.0,965315177
273,329,5.0,835799023
284,329,3.0,832695208
288,329,3.5,1054569431
294,329,4.0,966634003
304,329,4.0,914132642
312,329,3.0,1043176952
314,329,3.0,834398253
323,329,3.5,1422640244
325,329,3.0,1039396401
340,329,5.0,848666393
352,329,4.0,1493932056
374,329,3.0,849089125
380,329,3.0,1493420030
386,329,3.0,842610203
391,329,2.0,1032647761
395,329,3.0,841503502
402,329,3.0,849654475
411,329,3.0,835532031
414,329,3.0,961514985
429,329,3.0,828124616
430,329,3.0,965600256
437,329,3.0,859721360
438,329,3.5,1105654478
446,329,3.0,843839169
447,329,4.0,836960662
448,329,4.0,1092829881
455,329,3.0,836435894
457,329,4.0,993610777
458,329,4.0,845651700
465,329,3.0,959895475
469,329,2.0,965334310
470,329,4.0,849075031
474,329,4.0,1047054391
475,329,5.0,1498031717
476,329,3.0,835021384
477,329,4.0,1200944541
482,329,4.5,1105396889
485,329,4.0,837943293
486,329,5.0,839537112
520,329,3.5,1326609210
522,329,4.5,1297482466
524,329,3.0,851609256
527,329,4.0,1033175897
530,329,3.0,843226768
536,329,3.0,832839820
541,329,4.0,835642969
552,329,3.5,1111473082
555,329,3.0,978841817
559,329,3.0,845475849
561,329,3.5,1491095464
566,329,3.0,849005292
569,329,5.0,849190653
570,329,3.5,1181477294
574,329,4.0,834634443
577,329,3.0,945965866
580,329,4.0,1167792894
584,329,4.0,834987145
587,329,4.0,953142126
590,329,3.0,1258420604
592,329,3.0,837354310
594,329,4.0,1109036731
596,329,3.0,1535827307
599,329,4.0,1498498979
600,329,3.0,1237859397
602,329,3.0,840875594
604,329,3.0,832079819
608,329,3.0,1189380740
609,329,3.0,847220907
6,337,5.0,845553586
14,337,5.0,835441239
18,337,4.0,1455748833
28,337,3.5,1242031731
32,337,3.0,856737205
33,337,5.0,939715369
38,337,3.0,841341468
40,337,5.0,832059189
58,337,5.0,847718894
66,337,4.0,1093143979
68,337,3.5,1158533077
74,337,4.0,1207501280
82,337,2.5,1084468022
91,337,1.5,1112713450
94,337,3.0,843406960
99,337,5.0,829828007
103,337,4.0,1431957343
121,337,4.0,847656180
125,337,5.0,1474294944
132,337,3.0,1159428859
136,337,5.0,832449391
142,337,4.0,838934122
144,337,4.0,1136812528
162,337,3.0,836511309
174,337,4.0,848487194
177,337,2.5,1435890667
182,337,4.0,1063648711
191,337,5.0,829760898
226,337,3.5,1095662856
242,337,3.0,834073322
260,337,4.5,1109408256
273,337,4.0,835861286
275,337,4.0,1049079037
286,337,3.0,1119563404
287,337,4.0,1110230592
288,337,3.5,1054568988
290,337,4.0,974942694
307,337,3.5,1186161582
318,337,4.0,1256504684
323,337,3.5,1422640163
333,337,3.0,965671389
346,337,3.5,1094646519
349,337,4.0,834750979
356,337,4.5,1232430496
357,337,3.5,1348612285
372,337,2.0,874416748
373,337,5.0,846830149
385,337,5.0,834691737
414,337,4.0,961516939
419,337,0.5,1362867515
425,337,4.0,1085477787
426,337,4.5,1451081076
428,337,3.5,1111523315
446,337,5.0,843839420
447,337,3.0,836961055
452,337,5.0,1013398347
462,337,2.5,1121921080
474,337,4.0,979180118
476,337,4.0,835021592
477,337,4.0,1200940055
478,337,2.5,1121467335
480,337,4.0,1179178592
483,337,2.5,1204277379
489,337,4.5,1332774059
512,337,3.0,841449636
555,337,5.0,978840870
562,337,4.0,1368893775
566,337,3.0,849006000
570,337,3.0,1181478074
580,337,4.0,1167792413
584,337,3.0,834987866
589,337,5.0,856043369
599,337,2.0,1498531957
600,337,4.0,1237742661
602,337,5.0,840875851
606,337,4.0,1178489784
607,337,3.0,964744628
19,338,2.0,965703940
45,338,3.0,950741024
136,338,2.0,832449755
140,338,2.0,967049270
160,338,1.0,971196681
181,338,2.0,845470348
240,338,5.0,849122897
254,338,4.0,1180443645
284,338,4.0,832699723
297,338,2.0,900876291
304,338,4.0,897895513
373,338,3.0,846830503
380,338,3.0,1493668034
414,338,2.0,961515229
474,338,3.0,1060106290
524,338,2.0,851609131
559,338,3.0,845476311
584,338,4.0,834988340
599,338,3.0,1498521342
6,339,4.0,845553253
8,339,3.0,839463509
14,339,4.0,835441066
19,339,3.0,965706365
31,339,4.0,850467366
32,339,4.0,856737123
33,339,5.0,939719385
35,339,5.0,830939488
38,339,3.0,841341271
40,339,3.0,832058959
43,339,4.0,848993769
46,339,5.0,834787826
51,339,4.0,1230929304
54,339,3.0,830247389
58,339,5.0,847718617
68,339,3.5,1158532177
84,339,3.0,858772326
93,339,4.0,942766855
99,339,5.0,829828007
112,339,1.5,1513989982
116,339,4.5,1337199980
117,339,3.0,844162832
126,339,3.0,845925785
130,339,4.0,832589610
136,339,4.0,832449222
140,339,3.0,1085569715
145,339,3.0,832105242
159,339,3.0,1508641191
169,339,4.0,1059428034
170,339,4.0,840472869
174,339,3.0,848487003
177,339,4.0,1435533746
179,339,3.0,840907511
181,339,4.0,845469472
182,339,3.0,1055155379
191,339,1.0,829760898
200,339,4.0,1229886407
201,339,5.0,939821323
230,339,2.0,1196304751
240,339,3.0,849122226
262,339,2.0,840305646
284,339,4.0,832786477
288,339,3.0,976140436
307,339,1.5,1186161060
308,339,1.0,1421374408
321,339,3.0,843212475
334,339,3.5,1234630030
347,339,4.0,847645719
357,339,3.5,1348628220
376,339,4.0,1364994353
379,339,3.0,847397421
381,339,3.5,1165975391
382,339,3.5,1515171007
385,339,3.0,834691622
394,339,3.0,838994311
395,339,4.0,841503555
404,339,3.0,838375811
411,339,3.0,835532065
414,339,3.0,961438796
425,339,3.0,1085477500
426,339,5.0,1451081021
429,339,5.0,828124616
436,339,3.0,833529549
438,339,3.0,1105666246
446,339,3.0,843839207
447,339,3.0,836960825
448,339,3.0,1104840673
455,339,3.0,836435930
458,339,5.0,845651737
470,339,4.0,849075196
474,339,3.5,1089386991
476,339,4.0,835021420
482,339,4.0,1105396565
483,339,2.0,1181494806
485,339,4.0,837943350
489,339,3.5,1333101518
498,339,5.0,839197307
507,339,4.0,838964628
514,339,3.5,1533954313
525,339,3.5,1476476651
530,339,4.0,843226873
555,339,3.0,978747261
559,339,4.0,845475896
572,339,3.0,945888400
574,339,4.0,834634464
584,339,4.0,834987171
586,339,4.0,1529901743
590,339,3.0,1258420719
592,339,5.0,837349966
593,339,2.0,1181008420
594,339,5.0,1109036815
597,339,3.0,941559248
600,339,2.5,1237712494
602,339,3.0,840875622
603,339,3.0,954482597
604,339,3.0,832079851
608,339,2.5,1117504338
609,339,3.0,847220937
4,342,5.0,964538500
6,342,3.0,845553938
35,342,4.0,830939941
38,342,3.0,841341731
58,342,5.0,847719151
84,342,4.0,858771796
104,342,4.0,1048587404
147,342,1.5,1203267731
168,342,4.0,1306793520
177,342,3.0,1435534564
194,342,3.5,1110316704
229,342,4.0,838143659
260,342,4.0,1109408491
284,342,3.0,832787162
290,342,4.0,974943152
294,342,1.0,966596048
316,342,4.0,1111493114
323,342,3.0,1422640492
414,342,4.0,961513998
446,342,3.0,843839593
474,342,3.5,1087832621
489,342,4.5,1332774788
500,342,2.0,1005527926
504,342,3.5,1063644453
559,342,3.0,845476247
566,342,3.0,849006827
570,342,2.5,1181476376
572,342,2.0,945888197
587,342,4.0,953138160
589,342,4.0,856042931
599,342,2.5,1498515270
600,342,0.5,1237713564
603,342,3.0,954482383
4,345,4.0,945629063
28,345,4.0,1242290330
32,345,5.0,856737044
33,345,4.0,939716327
58,345,4.0,847719308
68,345,1.0,1269121154
132,345,4.0,1157923088
177,345,3.0,1435534714
182,345,4.5,1055151797
199,345,3.0,940456728
218,345,4.0,1111624896
229,345,4.0,838143707
250,345,5.0,1121217488
271,345,4.0,1234302414
273,345,5.0,835860966
274,345,4.0,1248336612
275,345,4.0,1049078987
294,345,4.0,966595458
307,345,3.5,1233346434
405,345,3.5,1295924366
414,345,4.0,961437614
425,345,3.5,1085476656
447,345,3.0,836962144
462,345,1.0,1121921438
474,345,3.5,1053434098
489,345,4.0,1333022454
504,345,4.0,1063644503
509,345,3.5,1435992705
541,345,3.0,835644003
566,345,4.0,849006808
570,345,1.0,1181476070
587,345,4.0,953138446
596,345,3.5,1535828653
599,345,2.5,1498514948
603,345,3.0,963176151
606,345,4.5,1171361859
1,349,4.0,964982563
5,349,3.0,847434832
6,349,5.0,845553146
11,349,5.0,902154342
26,349,3.0,836950286
28,349,3.0,1234516073
37,349,4.0,845239442
42,349,4.0,996218871
43,349,3.0,848993694
46,349,3.0,834787677
56,349,4.0,835799081
57,349,4.0,965798373
58,349,3.0,847718461
84,349,4.0,857653728
91,349,3.0,1112713232
93,349,4.0,942946208
99,349,5.0,829828005
102,349,4.0,835875790
107,349,4.0,832003644
109,349,3.0,841106402
117,349,3.0,844162793
121,349,3.0,847655945
126,349,4.0,845925656
130,349,2.0,832589546
133,349,2.0,843490845
134,349,4.0,832841003
135,349,2.0,1009691292
136,349,5.0,832449163
140,349,4.0,967049014
142,349,3.0,838932017
166,349,3.5,1190828503
174,349,4.0,848486943
176,349,4.0,840108593
178,349,4.0,1164355268
179,349,4.0,840907370
181,349,4.0,845469325
192,349,5.0,835128746
199,349,3.5,1060289084
203,349,4.0,1390095355
217,349,4.0,955935983
220,349,4.0,1230055783
229,349,4.0,836941325
235,349,3.0,841422329
239,349,4.5,1221158209
240,349,3.0,849122129
242,349,3.0,834073077
244,349,4.0,975091322
284,349,3.0,832695146
288,349,3.0,978465686
292,349,4.0,990062537
294,349,2.0,966633961
297,349,4.0,900872180
301,349,4.0,1211377642
304,349,4.0,891173554
314,349,3.0,834241349
321,349,3.0,843212719
340,349,4.0,848666375
349,349,5.0,834750363
353,349,4.0,831939590
356,349,3.5,1229143220
368,349,4.0,971275815
374,349,3.0,849089103
376,349,4.0,1364994143
379,349,4.0,847397292
385,349,3.0,834693560
386,349,2.0,842610183
391,349,3.0,1031031037
402,349,3.0,849601504
404,349,4.0,838375720
411,349,3.0,835531994
414,349,3.0,961515808
429,349,3.0,828124615
434,349,3.5,1270604747
436,349,3.0,833529489
446,349,3.0,843839149
447,349,4.0,836960630
448,349,4.0,1019124455
455,349,4.0,836435856
458,349,5.0,845651650
465,349,4.0,959896270
468,349,2.0,831400427
470,349,4.0,849074900
474,349,3.0,974667484
476,349,3.0,835021342
480,349,3.0,1179161209
485,349,5.0,837943261
486,349,4.0,839536954
493,349,3.0,1001562930
498,349,5.0,839197218
507,349,3.0,838964572
512,349,3.0,841449233
517,349,2.5,1487957701
524,349,5.0,851608875
530,349,4.0,843226722
536,349,5.0,832839804
541,349,5.0,835642942
559,349,3.0,845475828
561,349,3.0,1491091021
566,349,3.0,849005257
569,349,4.0,849190632
570,349,4.0,1181477180
577,349,3.0,945967541
584,349,5.0,834987064
588,349,4.0,839316092
590,349,3.5,1258420549
592,349,4.0,837349868
597,349,3.0,941729483
599,349,3.0,1498521571
600,349,2.0,1237712490
602,349,4.0,840875538
6,350,5.0,845553489
19,350,2.0,965712461
38,350,4.0,841341428
40,350,5.0,832059787
42,350,4.0,996218988
43,350,4.0,848993903
58,350,4.0,847718786
59,350,3.0,953610578
64,350,3.5,1161528851
68,350,3.5,1158532759
84,350,4.0,858772136
91,350,3.0,1112713420
102,350,3.0,835876384
116,350,4.0,1337200251
117,350,3.0,844162955
136,350,5.0,832449883
140,350,3.0,949667416
170,350,3.0,840381134
174,350,4.0,848487116
181,350,4.0,845469625
202,350,3.0,974925604
235,350,3.0,841422517
314,350,3.0,834241757
321,350,4.0,843212642
322,350,3.5,1217676610
330,350,4.0,1285905474
337,350,5.0,860256159
368,350,3.0,971276012
373,350,3.0,846830094
391,350,2.0,1031030583
404,350,3.0,838376007
411,350,4.0,835532449
414,350,2.0,961518108
436,350,4.0,833529906
444,350,3.0,832682395
446,350,3.0,843839343
447,350,4.0,836961067
448,350,2.5,1061899719
455,350,4.0,836436244
458,350,4.0,845652629
474,350,3.0,1047043549
476,350,3.0,835022173
478,350,4.5,1121467274
510,350,0.5,1141158721
512,350,3.0,841449461
530,350,3.0,843227072
536,350,3.0,832840061
541,350,4.0,835643205
559,350,3.0,845475987
580,350,3.5,1167790084
584,350,5.0,834987989
588,350,3.0,839317559
589,350,3.0,856045408
590,350,2.5,1258416941
599,350,2.0,1519180068
600,350,3.0,1237715453
602,350,3.0,840875801
4,351,3.0,986934901
6,351,4.0,845554455
14,351,3.0,835441686
19,351,2.0,965706045
40,351,4.0,832059585
43,351,4.0,848994534
113,351,5.0,980051862
217,351,2.0,955944634
280,351,3.5,1348532062
284,351,3.0,832787208
325,351,3.0,1039397350
410,351,4.0,990910163
411,351,3.0,835533073
429,351,4.0,828124615
474,351,2.0,1047054878
479,351,2.0,1039360623
599,351,2.5,1519264196
1,356,4.0,964980962
6,356,5.0,845553200
7,356,5.0,1106635915
8,356,3.0,839463527
10,356,3.5,1455301685
11,356,5.0,901200263
14,356,4.0,835441239
15,356,5.0,1510571873
16,356,3.5,1377477951
17,356,5.0,1305696457
18,356,4.5,1455050112
19,356,2.0,965706045
21,356,4.5,1407617845
22,356,5.0,1268726309
24,356,4.5,1458940987
26,356,3.0,836950483
27,356,5.0,965149932
28,356,4.0,1243837724
29,356,4.5,1362016780
33,356,5.0,939654815
34,356,4.0,1162049069
37,356,4.0,845239483
38,356,3.0,841341271
41,356,2.0,1459367500
42,356,5.0,996218222
43,356,5.0,848993693
45,356,5.0,951170194
47,356,4.5,1496206696
49,356,4.0,1493089782
50,356,3.0,1514238146
52,356,5.0,1468051518
54,356,4.0,839921027
56,356,5.0,835799274
57,356,4.0,965795650
58,356,4.0,847718461
62,356,5.0,1521822306
63,356,3.5,1443199681
64,356,4.0,1161520004
66,356,5.0,1093747854
67,356,4.5,1501274064
68,356,3.5,1158531181
69,356,4.0,1021643709
70,356,4.0,1355198377
72,356,4.0,1217324762
76,356,1.0,1439165536
78,356,3.0,1252575107
81,356,2.0,845299676
82,356,4.5,1084467704
83,356,4.5,1332840553
84,356,5.0,857653593
86,356,4.0,1344083260
89,356,0.5,1520408275
91,356,3.0,1112711237
93,356,5.0,942766907
94,356,3.0,843406707
98,356,5.0,1532457441
100,356,4.0,1100184829
102,356,5.0,835876195
103,356,4.0,1431954248
104,356,4.0,1048586269
105,356,3.5,1446572081
109,356,5.0,841106550
111,356,5.0,1516140793
112,356,3.5,1442535627
113,356,4.0,980051894
116,356,4.0,1337199672
117,356,4.0,844162810
119,356,4.0,1435942470
121,356,4.0,847655945
122,356,5.0,1461561332
124,356,5.0,1336423402
125,356,5.0,1474142139
126,356,4.0,845925690
131,356,3.0,1349840626
132,356,4.0,1157920481
133,356,4.0,843490980
137,356,3.5,1204859455
140,356,4.0,949666898
141,356,4.0,1513129888
142,356,4.0,838932132
143,356,5.0,1444768677
144,356,4.0,1137323359
148,356,4.0,1482548476
153,356,3.5,1525548096
154,356,5.0,1486297094
156,356,3.0,1106854601
159,356,4.0,1508640153
160,356,3.0,971115856
162,356,5.0,836511289
166,356,4.0,1190828745
167,356,3.0,1154721979
168,356,4.0,1306806571
169,356,4.5,1059427994
170,356,4.0,840380988
173,356,5.0,843397925
174,356,3.0,848486943
177,356,5.0,1435523542
178,356,4.5,1164354927
179,356,5.0,840907511
181,356,5.0,845469403
182,356,5.0,1054782675
187,356,2.0,1161863877
188,356,5.0,962559856
189,356,4.0,1439465080
192,356,5.0,835129257
193,356,3.0,1435856904
197,356,3.0,947461058
198,356,5.0,1034134802
199,356,2.0,940372744
200,356,4.0,1229886266
201,356,5.0,939801781
202,356,5.0,974924053
205,356,4.0,1519900230
209,356,4.5,1524522179
211,356,4.5,1350912824
212,356,3.5,1490114873
215,356,3.5,1260908599
217,356,2.0,955943574
220,356,5.0,1230061657
221,356,3.5,1118247082
222,356,4.0,1391350391
224,356,5.0,971812827
226,356,4.0,1095662582
227,356,5.0,1447209795
229,356,4.0,836942064
232,356,4.0,1076956528
233,356,5.0,1524781243
235,356,5.0,841422389
237,356,2.0,1411233529
239,356,5.0,1221158139
240,356,5.0,849122130
243,356,4.0,837155178
244,356,5.0,975076228
246,356,3.5,1354126767
247,356,5.0,1467644091
249,356,4.5,1346841583
251,356,5.0,1470677298
254,356,5.0,1180446447
261,356,5.0,1404881444
263,356,4.0,940384165
264,356,3.5,1136978982
266,356,4.0,945669632
268,356,2.0,940180694
274,356,4.5,1171409739
275,356,3.0,1049076587
276,356,5.0,858351182
279,356,3.0,1506394494
280,356,4.0,1350195052
282,356,4.5,1378490366
283,356,5.0,901228020
284,356,5.0,832695327
286,356,4.5,1119562840
288,356,5.0,976139988
292,356,4.5,1219624965
294,356,5.0,966595748
296,356,5.0,1532993877
298,356,3.0,1449757614
300,356,4.0,1425351838
301,356,4.0,1211377360
304,356,5.0,891172881
305,356,4.5,1460135336
307,356,4.0,1186088040
308,356,2.5,1421373783
312,356,4.0,1043177268
314,356,4.0,834241426
317,356,5.0,1430364891
318,356,4.5,1233958466
319,356,4.0,1461352079
321,356,5.0,843212439
322,356,3.5,1217676119
323,356,3.5,1422640354
325,356,2.0,1039395407
326,356,5.0,1322251219
327,356,5.0,1234788851
328,356,3.0,1494207226
330,356,5.0,1285904215
332,356,4.5,1352671848
334,356,4.0,1225478059
335,356,4.0,1261542338
336,356,4.5,1122227399
339,356,4.0,1460182081
340,356,3.0,848666375
341,356,3.5,1439750914
344,356,5.0,1420496439
347,356,4.0,847645635
349,356,5.0,834750979
351,356,4.5,1326062543
352,356,5.0,1493932086
354,356,4.5,1200869968
356,356,4.0,1229140516
357,356,3.5,1348611168
361,356,3.5,1204045204
362,356,4.5,1530640048
365,356,4.5,1488332884
367,356,5.0,997810956
368,356,4.0,971274957
372,356,3.0,874415126
373,356,4.0,846829926
374,356,4.0,849089103
375,356,4.5,1225314369
376,356,3.5,1364993979
379,356,5.0,847397292
380,356,5.0,1493420342
381,356,4.0,1278632776
382,356,4.5,1515160877
385,356,4.0,834691790
387,356,4.0,1095040458
391,356,5.0,1031030749
394,356,4.0,838994356
395,356,3.0,841503555
399,356,5.0,1167220295
400,356,4.5,1498870483
401,356,3.5,1514346202
404,356,4.0,838375832
411,356,5.0,835532346
414,356,5.0,961438609
415,356,5.0,1382470244
416,356,2.5,1187496632
417,356,4.0,1529284261
418,356,4.0,1461865723
419,356,4.5,1322381659
420,356,4.0,1218041499
423,356,5.0,1155285844
425,356,5.0,1085477166
426,356,5.0,1451080995
428,356,3.0,1111489633
430,356,3.0,962936094
432,356,4.5,1315244359
434,356,4.5,1270604589
436,356,4.0,833530134
437,356,3.0,859721718
438,356,4.0,1105650460
439,356,5.0,1436943906
443,356,5.0,1501722461
444,356,5.0,839310974
445,356,3.0,1454622095
446,356,3.0,843839191
447,356,4.0,836960873
448,356,3.0,1019127614
452,356,5.0,1019585497
453,356,5.0,1005967028
455,356,5.0,836436083
458,356,5.0,845651700
460,356,4.5,1359178245
461,356,5.0,1505935220
462,356,2.5,1127100963
463,356,4.0,1145460298
464,356,5.0,1287399078
465,356,5.0,959896608
466,356,5.0,1439885221
470,356,5.0,849074900
471,356,3.0,1496669561
474,356,3.0,1100292489
476,356,5.0,835021592
477,356,5.0,1200939619
480,356,5.0,1179161816
483,356,5.0,1415579192
484,356,5.0,1342228969
485,356,5.0,837943384
486,356,5.0,839537017
489,356,4.0,1333101250
490,356,3.5,1324371859
491,356,4.5,1522605146
495,356,4.0,1458634556
498,356,5.0,839197320
500,356,4.0,1005527755
503,356,4.0,1335219276
507,356,4.0,838964648
511,356,4.5,1450094222
512,356,5.0,841449308
514,356,4.0,1533871408
515,356,5.0,1513601965
517,356,3.5,1487953018
519,356,5.0,1518380250
520,356,3.5,1326608943
522,356,3.5,1253344654
523,356,4.5,1503125976
525,356,4.0,1476475949
528,356,5.0,1391736163
530,356,5.0,843226801
533,356,5.0,1424753674
534,356,4.5,1459787998
536,356,5.0,832840319
541,356,5.0,835643134
542,356,5.0,1163386930
543,356,3.0,1377069244
548,356,5.0,1488825071
550,356,4.0,1488629938
551,356,4.5,1504317304
552,356,4.0,1111473075
555,356,5.0,978746471
559,356,4.0,845475863
560,356,3.5,1469647891
561,356,4.0,1491094623
562,356,5.0,1368893853
563,356,4.0,1439932401
564,356,3.0,1478453684
565,356,4.0,846533292
566,356,5.0,849005256
567,356,3.0,1525287534
568,356,5.0,1253767272
569,356,3.0,849190633
570,356,4.0,1181478668
572,356,4.0,946482678
573,356,4.5,1186589781
577,356,5.0,945966456
579,356,5.0,958879296
580,356,4.0,1167789921
581,356,4.5,1447007134
583,356,4.0,1481474148
584,356,5.0,834987866
587,356,4.0,953138612
588,356,3.0,839316241
589,356,5.0,856043369
590,356,5.0,1258416659
591,356,4.0,970524486
592,356,5.0,837350034
593,356,4.0,1181007781
596,356,3.5,1535709659
597,356,5.0,941557913
599,356,3.5,1498797749
600,356,4.0,1237852400
602,356,3.0,840875622
603,356,3.0,953926642
605,356,3.0,1277097509
606,356,4.0,1171231370
608,356,3.0,1117162603
609,356,4.0,847220869
610,356,3.0,1493844769
4,357,3.0,964623306
5,357,2.0,847435238
6,357,3.0,845553457
8,357,5.0,839463767
12,357,3.5,1247264106
19,357,4.0,965706092
32,357,3.0,856737165
34,357,0.5,1162048916
38,357,5.0,841341428
41,357,4.0,1459368628
45,357,4.0,951170271
57,357,4.0,969753458
58,357,3.0,847718745
63,357,4.0,1443201224
64,357,4.5,1161521689
66,357,5.0,1113190299
68,357,1.0,1240092554
82,357,3.5,1084467829
84,357,4.0,858771818
89,357,2.5,1520408453
91,357,1.5,1112713292
93,357,4.0,942767045
94,357,1.0,843406895
100,357,4.0,1100184145
104,357,5.0,1048587390
109,357,4.0,841107725
112,357,0.5,1513989921
113,357,4.0,980051777
117,357,3.0,844162955
132,357,3.5,1157921441
144,357,4.0,1136813626
156,357,3.0,946799495
159,357,2.5,1508641063
173,357,5.0,843398045
178,357,5.0,1164355344
181,357,1.0,845469583
198,357,5.0,1034136733
200,357,4.0,1229886985
202,357,4.0,974923638
217,357,3.0,955943627
229,357,4.0,838143589
235,357,4.0,841422517
246,357,5.0,1354126257
263,357,4.0,941590574
273,357,5.0,835860827
275,357,4.0,1049076484
284,357,4.0,832786307
294,357,2.0,966595458
301,357,2.5,1211378400
304,357,5.0,897214277
305,357,5.0,1518197936
307,357,3.0,1227538399
308,357,0.5,1421374367
314,357,4.0,834398878
318,357,4.0,1262804499
323,357,3.5,1422640250
346,357,4.5,1172693221
347,357,3.0,847645812
349,357,4.0,834751235
354,357,4.0,1200870537
357,357,4.0,1348612114
367,357,2.0,997812337
372,357,4.0,874416338
373,357,3.0,846830073
382,357,4.5,1515161068
391,357,4.0,1030827370
404,357,4.0,838376006
410,357,4.0,990910182
411,357,3.0,835532559
414,357,4.0,961438351
437,357,3.0,859721362
444,357,4.0,839311913
446,357,4.0,843839327
447,357,3.0,836961106
448,357,3.0,1019127559
453,357,5.0,972622830
455,357,4.0,836436378
469,357,3.0,965425618
470,357,4.0,849075682
474,357,3.0,1136942702
476,357,4.0,835021927
480,357,3.0,1179161836
483,357,3.5,1178293205
489,357,4.5,1332772700
517,357,5.0,1487957199
536,357,1.0,832840319
541,357,4.0,835643287
555,357,4.0,978746353
559,357,3.0,845475964
565,357,4.0,846533428
566,357,3.0,849005720
570,357,4.0,1181477356
572,357,4.0,945888155
587,357,3.0,953138375
589,357,4.0,856042931
593,357,2.0,1181008304
597,357,5.0,941558116
599,357,2.5,1498517885
600,357,1.0,1237712480
602,357,4.0,840875801
603,357,4.0,954482539
606,357,4.0,1171754880
608,357,3.0,1117491185
6,361,4.0,845554376
32,361,4.0,856737270
42,361,3.0,996220309
68,361,3.5,1269123000
84,361,3.0,858772112
109,361,3.0,841109369
185,361,2.0,1044311071
265,361,4.0,965318474
372,361,3.0,874416992
414,361,2.0,961514407
436,361,3.0,833531039
458,361,3.0,845652947
474,361,3.5,1081178028
476,361,3.0,835022275
541,361,3.0,835644211
590,361,2.5,1258418989
599,361,2.5,1498517628
387,363,4.0,1094877944
603,363,4.0,954482070
5,364,3.0,847434882
6,364,5.0,845553317
8,364,5.0,839463546
15,364,3.0,1510577958
18,364,3.0,1455209887
19,364,3.0,965709102
20,364,5.0,1054038067
21,364,4.0,1418063557
27,364,4.0,962685351
38,364,2.0,841341323
39,364,4.0,974788976
40,364,5.0,832059644
42,364,4.0,996218379
43,364,5.0,848993793
45,364,5.0,950726215
46,364,5.0,834788146
52,364,5.0,1468051398
56,364,5.0,835799253
57,364,4.0,965796140
58,364,4.0,847718657
63,364,4.0,1443200128
64,364,4.0,1161520878
68,364,4.5,1158531894
81,364,2.0,845299844
82,364,3.5,1084467782
83,364,3.5,1333842074
91,364,3.5,1112711195
94,364,4.0,843406765
98,364,3.0,1532457847
102,364,4.0,835876151
103,364,3.0,1431957059
104,364,4.0,1048589315
109,364,3.0,841107487
111,364,3.5,1518661552
115,364,4.0,944950805
117,364,4.0,844162870
119,364,5.0,1437815672
126,364,5.0,845925822
132,364,4.5,1157921351
134,364,3.0,832841586
136,364,5.0,832449683
140,364,4.0,949666898
141,364,4.0,1513130667
142,364,4.0,838932132
144,364,4.5,1137323535
153,364,3.0,1525548909
160,364,5.0,971619114
169,364,4.5,1059427520
170,364,3.0,840381013
177,364,4.0,1435533586
179,364,4.0,840907616
185,364,4.0,1044311830
186,364,4.0,1031079149
196,364,5.0,1460954164
198,364,4.0,1034207302
212,364,3.0,1523216970
216,364,3.0,975211782
219,364,5.0,1194931867
220,364,4.5,1230055763
222,364,2.5,1391351469
226,364,3.5,1095662658
229,364,4.0,838143817
230,364,3.0,1196304442
232,364,3.5,1182910390
233,364,3.5,1530047205
234,364,5.0,1004409394
235,364,5.0,841422428
239,364,4.0,1221158102
240,364,4.0,849122256
247,364,5.0,1467759767
249,364,5.0,1356439489
252,364,5.0,1498284963
264,364,3.5,1136978642
273,364,5.0,835861257
274,364,4.0,1171934641
276,364,5.0,858351214
280,364,4.5,1348532128
286,364,5.0,1119562056
288,364,3.0,978469358
292,364,4.5,1219625213
301,364,3.5,1211378040
304,364,2.0,891172881
307,364,3.0,1186160981
308,364,3.0,1421375666
314,364,4.0,834241610
318,364,4.5,1272912559
319,364,5.0,1461351771
321,364,4.0,843212493
323,364,4.0,1422640389
328,364,1.5,1494211013
330,364,3.0,1285904992
334,364,4.0,1225480804
339,364,4.0,1460182472
347,364,4.0,847645738
349,364,4.0,834750907
353,364,4.0,831940209
357,364,3.5,1348610280
372,364,4.0,874415832
373,364,5.0,846829997
378,364,4.5,1445347879
379,364,3.0,847397459
380,364,5.0,1493474112
381,364,4.0,1164877278
385,364,3.0,865024570
387,364,3.0,1094938483
395,364,3.0,841503627
401,364,3.5,1514347354
402,364,4.0,849654417
404,364,3.0,838375864
411,364,4.0,835532253
414,364,4.0,961519028
420,364,4.5,1218207296
424,364,4.5,1457845483
425,364,3.0,1085477386
426,364,5.0,1451080787
432,364,5.0,1316391519
436,364,4.0,833529775
438,364,4.5,1105666213
446,364,3.0,843839250
447,364,4.0,836960895
453,364,5.0,972620975
455,364,3.0,836436049
458,364,5.0,845651796
462,364,1.0,1121921449
464,364,2.5,1287399372
470,364,4.0,849075299
474,364,4.5,1081177308
475,364,4.5,1498031570
476,364,4.0,835021563
477,364,4.0,1200939706
480,364,3.5,1179162651
483,364,4.0,1178215210
484,364,5.0,1342296027
489,364,4.0,1333101330
498,364,5.0,839197341
500,364,3.0,1005528236
503,364,3.0,1335219351
509,364,4.0,1436000039
512,364,4.0,841449359
514,364,4.0,1533872439
517,364,4.5,1487953263
522,364,3.0,1253344740
523,364,5.0,1503126110
525,364,4.0,1476476559
527,364,4.0,1033174482
534,364,4.0,1459787997
538,364,4.5,1307846862
541,364,3.0,835643080
542,364,5.0,1163387333
543,364,5.0,1377069286
554,364,4.0,944900147
559,364,4.0,845475917
561,364,4.0,1491091015
562,364,5.0,1368893720
566,364,2.0,849005578
567,364,2.5,1525288073
570,364,3.5,1181477198
573,364,4.5,1186722302
579,364,5.0,958881192
580,364,3.0,1167673486
584,364,5.0,834987843
588,364,3.0,839316278
590,364,4.5,1258417725
592,364,5.0,837350033
593,364,3.5,1181007903
594,364,5.0,1109036722
596,364,4.0,1535709751
599,364,3.0,1498521329
600,364,2.5,1237760758
602,364,4.0,840875667
604,364,4.0,832081000
608,364,3.5,1117408428
6,371,3.0,845554141
9,371,3.0,1044656716
40,371,4.0,832060059
58,371,4.0,847719333
84,371,3.0,858772111
109,371,3.0,841109144
162,371,3.0,836684306
181,371,4.0,845470176
202,371,4.0,975013922
217,371,4.0,955944348
321,371,3.0,843212762
373,371,3.0,846830473
411,371,4.0,835533073
436,371,3.0,833530285
437,371,4.0,859721610
474,371,3.0,1046887485
536,371,5.0,832840184
541,371,3.0,835643759
599,371,2.5,1519244102
600,371,1.0,1237759993
602,371,3.0,840876371
6,377,5.0,845553317
8,377,4.0,839463644
11,377,3.0,902154431
14,377,3.0,835441328
18,377,2.5,1455209879
19,377,4.0,965711156
28,377,1.5,1234516131
31,377,5.0,850467368
34,377,4.5,1162048796
38,377,3.0,841341341
43,377,3.0,848993769
51,377,3.0,1230931596
54,377,3.0,839921390
57,377,2.0,969754312
58,377,5.0,847718657
63,377,2.5,1443201077
64,377,3.0,1161520155
68,377,5.0,1158531516
72,377,3.5,1217324831
78,377,3.5,1252575197
79,377,4.0,975282070
81,377,3.0,845299844
84,377,4.0,858772009
91,377,3.0,1112713224
94,377,3.0,843406826
96,377,5.0,964772795
97,377,4.0,1047481515
100,377,4.0,1100184047
102,377,3.0,835876318
109,377,3.0,841107538
116,377,3.5,1337199774
117,377,3.0,844162892
121,377,3.0,847656010
126,377,5.0,845925822
133,377,3.0,843491793
135,377,4.0,1009691186
140,377,4.0,967048935
142,377,4.0,838934449
144,377,3.5,1137323465
159,377,3.0,1508640341
160,377,3.0,971115187
165,377,4.0,1046741949
166,377,3.0,1190827458
169,377,4.5,1078284500
170,377,4.0,840472922
173,377,3.0,843397993
176,377,4.0,840108684
177,377,3.0,1435533573
178,377,3.5,1164355249
179,377,5.0,840907679
181,377,3.0,845469500
182,377,2.5,1054780896
183,377,5.0,992331540
186,377,4.0,1031072855
187,377,2.0,1161863867
195,377,4.0,974705986
199,377,2.0,940544026
200,377,4.0,1229886632
202,377,3.0,974921289
219,377,3.5,1194827061
220,377,3.5,1230055705
224,377,4.0,971812827
226,377,2.5,1159219424
229,377,4.0,838143959
230,377,3.0,1196304529
232,377,3.5,1218165891
234,377,4.0,1004408071
235,377,5.0,841422446
240,377,5.0,849122226
243,377,5.0,837155229
244,377,4.0,975091322
249,377,4.0,1355366659
256,377,4.0,1446580076
263,377,3.0,940384880
266,377,2.0,945670117
274,377,3.5,1171934616
279,377,3.5,1506395289
282,377,3.5,1378495702
284,377,5.0,832699616
286,377,4.0,1119562872
288,377,3.0,976139931
292,377,3.5,1265680380
297,377,2.0,900872213
301,377,2.5,1211377574
302,377,3.0,854473232
304,377,3.0,891173554
305,377,4.0,1460136526
307,377,1.0,1186160946
313,377,2.0,1030476323
314,377,3.0,834241459
318,377,3.5,1270751787
321,377,3.0,843212509
323,377,2.5,1422640386
330,377,0.5,1285904976
332,377,3.5,1352671632
334,377,3.0,1225480768
347,377,4.0,847645738
349,377,5.0,834751107
354,377,4.0,1200870226
361,377,3.0,1204045311
368,377,3.0,971276111
369,377,2.0,1237081517
372,377,5.0,874417242
373,377,2.0,846829997
379,377,2.0,847397459
380,377,5.0,1493494896
381,377,4.0,1200824560
386,377,3.0,842610286
391,377,2.0,1030826512
395,377,3.0,841503656
402,377,5.0,849601325
404,377,4.0,838375928
411,377,3.0,835532477
414,377,4.0,961513948
415,377,3.5,1382470305
419,377,4.0,1321659041
425,377,3.5,1085477328
428,377,2.5,1111525992
436,377,4.0,833530232
438,377,4.0,1105666157
446,377,3.0,843839250
447,377,3.0,836961038
448,377,4.0,1019124324
452,377,4.0,1019584545
453,377,4.0,972621787
455,377,4.0,836436222
458,377,5.0,845651796
462,377,1.0,1154037677
464,377,4.0,1287399772
465,377,3.0,959896090
470,377,4.0,849075196
474,377,4.0,974667447
476,377,3.0,835021982
477,377,3.0,1200943753
480,377,3.5,1179177648
483,377,1.5,1181496681
486,377,4.0,839537237
489,377,3.5,1333101308
504,377,4.0,1064450770
507,377,5.0,838964728
512,377,4.0,841449381
517,377,3.0,1487957629
524,377,5.0,851608745
525,377,3.5,1476476736
530,377,3.0,843226940
541,377,3.0,835643239
543,377,5.0,1377022817
551,377,4.0,1504926029
553,377,3.5,1230773360
559,377,4.0,845475917
560,377,4.0,1469653411
561,377,3.5,1491091127
565,377,4.0,846533338
566,377,4.0,849005495
569,377,5.0,849190709
570,377,3.5,1181477087
573,377,5.0,1186722390
577,377,3.0,945967371
584,377,5.0,834987989
590,377,3.0,1258420459
592,377,3.0,837350148
593,377,2.5,1181007844
594,377,4.5,1109036660
597,377,4.0,941729132
599,377,3.0,1498523288
600,377,2.0,1237714778
602,377,4.0,840875700
603,377,5.0,963177624
607,377,5.0,963080047
608,377,2.5,1117415171
610,377,5.0,1479545866
5,380,2.0,847434748
6,380,4.0,845553110
7,380,3.0,1106635937
8,380,5.0,839463422
11,380,4.0,902154431
18,380,2.5,1455209846
19,380,3.0,965707487
26,380,3.0,836950245
37,380,2.0,845239388
38,380,3.0,841341163
40,380,3.0,832058854
41,380,0.5,1459367498
42,380,3.0,996219248
43,380,3.0,848993628
45,380,4.0,950726688
46,380,5.0,834787967
51,380,4.0,1230931592
56,380,4.0,835799034
57,380,4.0,965797484
58,380,3.0,847718380
66,380,3.5,1104643944
68,380,3.5,1158531354
78,380,4.0,1252575135
81,380,2.0,845299424
82,380,4.0,1084467721
84,380,3.0,858772326
91,380,3.5,1112713208
93,380,5.0,942946091
94,380,3.0,843406616
96,380,3.0,964772817
99,380,5.0,829828007
100,380,3.5,1100184352
102,380,3.0,835875691
104,380,3.5,1090595885
107,380,4.0,832003609
109,380,3.0,841106309
115,380,1.0,957647313
117,380,4.0,844162744
121,380,3.0,847655899
126,380,5.0,845925577
130,380,3.0,832589516
133,380,3.0,843490781
134,380,2.0,832840929
135,380,3.0,1009692038
136,380,3.0,832449136
140,380,4.0,1085569631
142,380,4.0,838931920
144,380,3.0,1137323415
145,380,3.0,832105148
161,380,3.5,1176751773
171,380,5.0,866905647
174,380,3.0,848486904
176,380,5.0,840108528
177,380,3.0,1435533559
178,380,4.0,1164355018
179,380,4.0,840907314
181,380,2.0,845469280
182,380,3.0,1055155099
183,380,4.0,992331435
186,380,4.0,1031088039
187,380,2.0,1161863826
191,380,3.0,829760898
192,380,5.0,835128552
199,380,3.0,940544360
201,380,4.0,939810830
208,380,2.0,940639513
217,380,2.0,955936050
219,380,3.0,1194740097
220,380,4.5,1230055682
225,380,3.0,949111600
229,380,4.0,836941260
230,380,3.0,1196304429
235,380,4.0,841422308
239,380,3.5,1221158272
240,380,3.0,849122058
242,380,4.0,834073039
243,380,3.0,837155039
244,380,4.0,975091915
249,380,4.0,1353800578
254,380,2.5,1180446432
262,380,3.0,840305552
263,380,4.0,941591657
274,380,4.0,1171409745
284,380,4.0,832695048
288,380,3.0,976139964
292,380,4.0,990062537
304,380,4.0,891173554
305,380,3.0,1460136302
313,380,5.0,1030556462
314,380,2.0,834241286
321,380,5.0,843212359
325,380,2.0,1039396851
330,380,3.0,1285904951
335,380,4.5,1261542421
341,380,4.5,1483908843
344,380,5.0,1420496514
347,380,3.0,847645537
353,380,3.0,831939568
354,380,4.0,1200870155
356,380,3.0,1229143204
368,380,3.0,975829209
370,380,4.0,1159162844
372,380,5.0,874417241
374,380,5.0,849089035
376,380,3.5,1364958532
379,380,4.0,847397202
380,380,5.0,1493494895
381,380,3.5,1164877219
385,380,3.0,834691537
386,380,3.0,842610161
387,380,2.0,1094938223
391,380,2.0,1031031037
394,380,3.0,838994125
395,380,3.0,841503395
402,380,5.0,849601250
404,380,3.0,838375694
411,380,4.0,835531951
414,380,4.0,961438476
425,380,2.5,1085477219
428,380,2.0,1111489635
429,380,5.0,828124616
434,380,2.5,1270604299
436,380,3.0,833529409
438,380,5.0,1105650452
444,380,4.0,832668242
446,380,2.0,843839122
447,380,4.0,836960593
448,380,3.0,1019124334
452,380,5.0,1019580751
453,380,4.0,972622005
455,380,3.0,836435812
458,380,3.0,845651603
464,380,3.0,1287399204
468,380,4.0,831400406
469,380,4.0,965334400
470,380,5.0,849074737
474,380,4.0,974667484
476,380,3.0,835021275
480,380,2.5,1179177630
483,380,4.0,1178217461
485,380,5.0,837943215
486,380,3.0,839536920
489,380,3.5,1332772206
498,380,3.0,839197205
512,380,3.0,841449203
524,380,4.0,851608943
525,380,4.5,1476476016
530,380,2.0,843226673
541,380,4.0,835642917
543,380,5.0,1377022810
555,380,4.0,978746471
559,380,3.0,845475789
560,380,4.0,1469647870
561,380,3.5,1491091137
565,380,4.0,846533209
566,380,3.0,849005103
569,380,3.0,849190587
570,380,3.5,1181476996
573,380,4.5,1248841976
574,380,4.0,834634383
577,380,4.0,945965845
584,380,5.0,834987020
586,380,4.5,1529901324
587,380,4.0,953138831
588,380,3.0,839316050
590,380,3.0,1258420437
592,380,5.0,837349831
594,380,4.5,1108974434
597,380,2.0,941558116
599,380,3.0,1519122884
600,380,3.0,1237712987
602,380,3.0,840875508
603,380,2.0,954482760
604,380,3.0,832080778
605,380,3.0,1277097603
607,380,4.0,963079014
608,380,3.0,1117408264
610,380,5.0,1479544108
6,381,3.0,845553994
42,381,4.0,996221208
53,381,5.0,1237748115
84,381,4.0,858771861
162,381,5.0,836511478
349,381,3.0,834751344
351,381,3.0,1325978096
429,381,4.0,828124616
432,381,4.5,1315242365
474,381,2.5,1087832502
607,381,4.0,963080009
5,410,3.0,847435292
6,410,3.0,845553354
19,410,2.0,965706683
32,410,3.0,856737082
38,410,3.0,841341323
40,410,3.0,832059053
42,410,2.0,996220754
43,410,4.0,848993816
54,410,3.0,839921084
56,410,3.0,835799188
57,410,2.0,972174771
62,410,4.5,1525636601
68,410,3.5,1158531046
91,410,3.0,1112711203
94,410,3.0,843406826
103,410,4.0,1431957336
107,410,3.0,832003845
109,410,3.0,841107393
111,410,4.0,1517441305
117,410,3.0,844162870
126,410,2.0,845925854
130,410,4.0,832589660
132,410,3.0,1157967526
135,410,4.0,1009692210
136,410,3.0,832449274
144,410,3.0,1137323822
146,410,3.5,1312509083
170,410,1.0,840381013
173,410,3.0,843397993
174,410,3.0,848487060
177,410,2.5,1435534208
179,410,3.0,840907616
217,410,3.0,955935527
221,410,2.0,1111175940
226,410,3.5,1095662772
229,410,3.0,836942019
235,410,2.0,841422428
240,410,3.0,849122277
242,410,3.0,834073153
243,410,4.0,837155155
246,410,5.0,1354145941
259,410,3.0,1146845313
273,410,4.0,835860781
274,410,2.5,1171934780
284,410,3.0,832786349
288,410,3.0,1112210377
307,410,3.0,1186084482
308,410,4.0,1421374432
314,410,3.0,834398302
321,410,3.0,843212509
323,410,2.5,1422640137
330,410,2.5,1285905363
357,410,3.5,1348612260
373,410,3.0,846829997
376,410,4.5,1364994571
377,410,4.0,1340342774
380,410,3.0,1494803503
385,410,4.0,834691662
386,410,3.0,842610304
394,410,2.0,838994356
395,410,3.0,841503627
436,410,3.0,833529596
444,410,4.0,839310974
447,410,3.0,836960849
448,410,4.0,1019128484
468,410,3.0,831400519
470,410,4.0,849075432
477,410,3.0,1200939986
480,410,3.5,1179178395
483,410,3.0,1181494952
497,410,2.0,1429127204
517,410,1.0,1492339212
541,410,3.0,835643027
542,410,4.5,1163387708
555,410,4.0,978747041
559,410,3.0,845475935
570,410,2.0,1181477824
574,410,2.0,834634504
584,410,3.0,834987672
599,410,2.5,1498516121
600,410,3.5,1237709186
602,410,4.0,840875668
604,410,4.0,832079938
608,410,2.5,1117504365
6,412,3.0,845554505
84,412,5.0,858771743
182,412,5.0,1055158064
288,412,3.0,976121219
345,412,4.0,1342828277
372,412,2.0,874416092
385,412,2.0,834692360
414,412,4.0,1511541689
474,412,4.0,975173511
476,412,3.0,835021981
479,412,4.0,1039362840
599,412,3.0,1519125267
603,412,5.0,963179423
606,412,3.5,1173396007
610,412,2.0,1479542198
42,413,2.0,996221492
43,413,3.0,848994349
45,413,3.0,951170710
53,413,5.0,1237748065
99,413,3.0,829828005
136,413,3.0,832449705
182,413,3.5,1055156429
219,413,3.5,1195944805
226,413,3.0,1097545155
240,413,4.0,849122791
282,413,3.5,1378488934
284,413,4.0,832787162
294,413,3.0,966596414
298,413,3.0,1466277812
307,413,2.5,1186084579
353,413,2.0,831940050
372,413,2.0,874416842
387,413,1.0,1095041179
414,413,2.0,961439030
436,413,2.0,833530019
448,413,2.0,1039945532
477,413,4.0,1200946454
541,413,1.0,835643453
555,413,3.0,978747285
559,413,2.0,845476352
599,413,2.5,1498518416
27,421,3.0,962685262
40,421,3.0,832059863
57,421,3.0,965798269
217,421,3.0,955942112
238,421,2.0,1007930919
385,421,3.0,842892869
395,421,3.0,841505180
414,421,3.0,961595057
429,421,4.0,828124615
436,421,4.0,833530513
474,421,3.5,1121262725
476,421,4.0,835022003
156,425,4.0,1106854282
474,425,3.5,1089386945
18,431,4.0,1462138790
23,431,3.0,1107164178
40,431,5.0,832059493
57,431,4.0,972173793
80,431,4.0,1377308567
105,431,4.0,1447574282
136,431,5.0,832449655
182,431,4.5,1055153995
187,431,4.5,1161849614
195,431,4.0,974709939
221,431,4.5,1111178227
222,431,3.5,1391346486
274,431,4.0,1171172447
290,431,3.0,974942877
294,431,4.0,966597541
305,431,5.0,1460136231
307,431,3.5,1186087590
317,431,4.0,1430598218
332,431,3.5,1352673643
353,431,4.0,831940012
362,431,4.0,1530638163
368,431,3.0,975827681
369,431,2.5,1237082122
373,431,5.0,846830457
411,431,3.0,835532806
414,431,5.0,961517936
425,431,3.5,1085491136
434,431,3.5,1270974161
437,431,3.0,859721743
444,431,4.0,832679295
480,431,3.0,1179161094
483,431,4.0,1181495416
489,431,2.5,1333231708
536,431,1.0,832840040
553,431,4.0,1230774414
585,431,4.0,1307417297
588,431,3.0,839316425
590,431,4.0,1260491595
599,431,4.0,1498499346
602,431,3.0,840876597
603,431,3.0,963179811
606,431,4.0,1173570309
6,440,4.0,845553457
8,440,3.0,839463728
19,440,3.0,965706114
32,440,4.0,856737270
38,440,3.0,841341428
40,440,4.0,832059716
45,440,3.0,951170210
57,440,4.0,965797005
58,440,4.0,847718786
68,440,3.0,1230497680
84,440,4.0,858771912
102,440,3.0,835876318
109,440,3.0,841107725
117,440,4.0,844162970
121,440,4.0,847656077
136,440,5.0,832449786
140,440,4.5,1055093032
142,440,4.0,838934486
144,440,3.0,1137323768
156,440,3.0,946799476
169,440,4.0,1059428074
174,440,4.0,848487116
199,440,4.0,940544320
202,440,3.0,974923893
224,440,4.0,971812860
229,440,4.0,838143576
235,440,4.0,841422517
239,440,4.0,1221158870
262,440,2.0,840305763
263,440,4.0,941591657
266,440,2.0,945669464
273,440,4.0,835860812
275,440,4.0,1049076616
284,440,4.0,832786307
288,440,3.5,1054568620
292,440,3.5,1483193969
294,440,3.0,966595671
304,440,5.0,891173001
314,440,3.0,834241933
321,440,3.0,843212697
323,440,2.5,1422640132
357,440,3.5,1348612254
367,440,4.0,997812283
372,440,4.0,874416443
373,440,3.0,846830073
387,440,2.5,1117414967
395,440,3.0,841503843
404,440,4.0,838375951
411,440,3.0,835532398
414,440,3.0,961438248
436,440,4.0,833529863
437,440,3.0,859721433
438,440,3.5,1105668491
446,440,3.0,843839327
448,440,3.0,1019127444
455,440,3.0,836436201
458,440,4.0,845653086
469,440,3.0,965425714
474,440,4.5,1053021228
476,440,3.0,835021693
480,440,2.5,1179178098
489,440,3.5,1333101670
500,440,4.0,1005527824
514,440,4.0,1533872752
530,440,4.0,843227051
555,440,4.0,978746895
561,440,2.5,1491095417
584,440,5.0,834987912
586,440,4.0,1529901610
587,440,4.0,953138612
590,440,4.0,1258416654
597,440,4.0,941558405
599,440,2.5,1498518877
600,440,2.5,1237859391
602,440,4.0,840875801
603,440,4.0,954482505
6,454,4.0,845553283
8,454,4.0,839463546
23,454,2.5,1107342160
26,454,4.0,836950483
38,454,4.0,841341295
40,454,4.0,832059644
43,454,4.0,848993769
46,454,5.0,834788146
54,454,3.0,839921084
56,454,3.0,835799253
58,454,3.0,847718617
68,454,3.5,1158532134
82,454,3.5,1084467820
84,454,4.0,858772136
91,454,3.0,1112713295
96,454,4.0,964774139
102,454,4.0,835876151
109,454,3.0,841106621
112,454,4.0,1513989944
117,454,3.0,844162850
121,454,3.0,847655996
126,454,5.0,845925785
133,454,3.0,843491396
134,454,4.0,832841586
136,454,3.0,832449705
140,454,4.0,951163625
170,454,3.0,840380988
174,454,5.0,848487003
176,454,4.0,840108984
177,454,2.5,1435890562
178,454,4.5,1164355349
179,454,4.0,840907561
181,454,5.0,845469472
192,454,4.0,835129148
229,454,4.0,836942062
235,454,3.0,841422410
239,454,4.0,1221158458
240,454,3.0,849122226
242,454,3.0,834073335
268,454,1.0,940193707
286,454,4.0,1119562992
297,454,3.0,900872375
301,454,4.0,1211378304
307,454,3.0,1189456997
308,454,1.0,1421374383
321,454,4.0,843212474
323,454,3.0,1422640259
330,454,3.5,1285905189
337,454,5.0,860256159
339,454,4.5,1481945279
340,454,3.0,848666436
346,454,2.0,1094646509
347,454,3.0,847645719
353,454,4.0,831940220
354,454,3.5,1200870757
356,454,3.0,1232430065
368,454,4.0,971275906
376,454,4.0,1364994281
379,454,4.0,847397421
382,454,3.5,1515173814
391,454,3.0,1030944473
394,454,2.0,838994398
404,454,3.0,838375864
411,454,4.0,835532253
414,454,3.0,961437526
436,454,3.0,833529775
437,454,2.0,859721399
444,454,3.0,839310974
446,454,3.0,843839232
447,454,4.0,836960872
448,454,3.0,1164743063
455,454,3.0,836436049
458,454,5.0,845651761
465,454,4.0,959896237
469,454,3.0,965336345
470,454,3.0,849075195
474,454,4.0,1060105268
476,454,4.0,835021546
479,454,4.0,1039362072
480,454,2.5,1179177878
498,454,5.0,839197341
507,454,3.0,838964683
512,454,4.0,841449335
524,454,3.0,851608911
527,454,5.0,1033175280
530,454,5.0,843226873
536,454,4.0,832839990
541,454,4.0,835643080
559,454,3.0,845475896
566,454,5.0,849005494
570,454,3.5,1181477413
584,454,5.0,834987810
588,454,3.0,839316278
589,454,4.0,856043430
592,454,3.0,837353917
599,454,3.0,1498523401
600,454,2.5,1237759124
602,454,3.0,840875647
604,454,4.0,832081027
606,454,3.0,1171762864
609,454,3.0,847220990
1,457,5.0,964981909
4,457,5.0,945079259
5,457,4.0,847434801
6,457,5.0,845553174
8,457,3.0,839463489
11,457,5.0,902154316
18,457,3.5,1477432493
19,457,4.0,965710781
24,457,3.5,1458941545
26,457,4.0,836950379
28,457,3.0,1234515692
33,457,5.0,939646784
37,457,4.0,845239442
38,457,5.0,841341220
39,457,4.0,974789432
40,457,3.0,832059534
42,457,4.0,996216038
43,457,5.0,848993662
45,457,4.0,950726408
46,457,5.0,834787967
54,457,3.0,839920981
56,457,4.0,835799162
57,457,5.0,965796698
58,457,5.0,847718433
66,457,3.0,1093747700
68,457,4.5,1158531542
72,457,4.5,1217324789
79,457,4.0,975281934
81,457,4.0,845299563
84,457,4.0,857653593
86,457,4.0,1344082980
91,457,4.0,1112713197
94,457,4.0,843406685
102,457,4.0,835875992
109,457,4.0,841106453
115,457,4.0,970756771
116,457,3.0,1337199695
117,457,4.0,844162793
121,457,3.0,847655927
126,457,5.0,845925656
133,457,4.0,843490862
135,457,4.0,1009691164
136,457,5.0,832449522
140,457,4.0,942841471
142,457,4.0,838932766
156,457,3.5,1106854612
160,457,2.0,971115082
166,457,3.5,1190828706
169,457,4.0,1078284464
170,457,3.0,840472801
174,457,5.0,848486928
176,457,5.0,840108793
178,457,5.0,1164355052
179,457,4.0,840907417
181,457,4.0,845469365
182,457,3.5,1054783792
183,457,5.0,992331540
196,457,3.5,1460954185
199,457,4.0,940372697
202,457,3.0,974918472
208,457,3.0,940639309
217,457,4.0,955935806
219,457,4.5,1237239231
223,457,3.0,1226209951
227,457,4.0,1447209911
229,457,5.0,836942673
235,457,4.0,841422350
239,457,4.0,1221158489
240,457,3.0,849122096
242,457,5.0,834073153
244,457,5.0,975090685
249,457,4.5,1355366996
254,457,4.0,1180446066
262,457,2.0,840305605
263,457,4.0,940384592
266,457,4.0,945670028
273,457,4.0,835861224
274,457,3.5,1256145196
284,457,4.0,832699616
288,457,3.0,985626825
290,457,4.0,975032059
292,457,4.0,990062464
297,457,4.0,900871989
301,457,4.0,1211378193
302,457,4.0,854473186
304,457,5.0,891173460
305,457,4.0,1491255664
307,457,3.0,1186160880
308,457,3.0,1421373804
312,457,4.0,1043177537
313,457,2.0,1030557078
314,457,3.0,834398302
317,457,3.0,1430366030
321,457,3.0,843212424
323,457,3.5,1422640371
328,457,2.5,1494211334
330,457,2.5,1285904218
339,457,4.0,1460868566
340,457,5.0,848666356
347,457,4.0,847645591
353,457,5.0,831940127
354,457,3.5,1200870101
356,457,4.5,1229143106
368,457,3.0,975828861
372,457,5.0,874414994
373,457,3.0,846829901
374,457,3.0,849089070
376,457,4.0,1364933765
379,457,5.0,847397247
380,457,4.0,1493420352
381,457,4.0,1164876685
384,457,4.0,994038410
385,457,4.0,834691662
386,457,3.0,842610204
391,457,4.0,1030944267
393,457,5.0,1430505971
394,457,4.0,838994263
402,457,4.0,849601325
404,457,4.0,838375784
411,457,4.0,835532100
412,457,4.0,939114687
413,457,5.0,1484439876
414,457,5.0,961515643
415,457,3.5,1382470266
423,457,4.5,1155285850
425,457,3.5,1114173628
436,457,5.0,833529639
438,457,4.0,1105650463
445,457,4.0,1454622023
446,457,3.0,843839169
447,457,4.0,836960762
448,457,4.0,1019142214
451,457,4.0,854285151
453,457,5.0,972621703
455,457,4.0,836435957
458,457,5.0,845651670
461,457,0.5,1505935277
465,457,4.0,959896015
469,457,3.0,965333831
470,457,4.0,849074824
474,457,5.0,974667331
476,457,5.0,835021470
477,457,5.0,1200944274
480,457,3.5,1179161885
483,457,2.5,1178293346
485,457,4.0,837943320
486,457,5.0,839537017
488,457,4.0,1112382719
493,457,4.0,1001562679
498,457,5.0,839197246
507,457,4.0,838964604
510,457,4.5,1141158931
512,457,5.0,841449258
513,457,4.5,1159980582
514,457,4.0,1534051794
516,457,4.0,994625059
517,457,2.5,1487957605
524,457,5.0,851608781
525,457,3.5,1476481405
528,457,4.0,1391736276
530,457,5.0,843226768
532,457,5.0,1025523686
536,457,3.0,832839906
541,457,5.0,835643013
555,457,4.0,978840147
559,457,3.0,845475849
561,457,4.0,1491092027
565,457,4.0,846533273
566,457,4.0,849005206
570,457,4.0,1181476678
572,457,5.0,945893822
573,457,4.5,1186589725
577,457,4.0,945967303
580,457,3.0,1167791336
584,457,4.0,834987672
586,457,4.5,1529903259
588,457,5.0,839316184
590,457,4.0,1258420419
592,457,5.0,837349924
594,457,4.5,1109036572
596,457,3.5,1535827096
597,457,5.0,940362150
599,457,3.0,1498523638
600,457,3.0,1237712980
602,457,5.0,840875558
603,457,3.0,963177606
607,457,5.0,963078932
608,457,3.0,1117162610
609,457,4.0,847220843
610,457,4.5,1479545836
32,471,3.0,856737165
57,471,3.0,969753604
91,471,1.0,1112713817
104,471,4.5,1238111129
133,471,4.0,843491793
136,471,4.0,832450058
171,471,3.0,866905683
176,471,5.0,840109075
182,471,4.5,1054779644
216,471,3.0,975212641
217,471,2.0,955943727
218,471,4.0,1111624874
260,471,4.5,1109409455
273,471,5.0,835861348
287,471,4.5,1110231536
312,471,4.0,1043175564
357,471,3.5,1348627082
372,471,3.0,874415126
373,471,5.0,846830388
385,471,4.0,850766697
387,471,3.0,1139047519
409,471,3.0,967912821
411,471,4.0,835532928
414,471,5.0,961514069
426,471,5.0,1451081135
436,471,3.0,833530187
448,471,4.0,1178980875
462,471,2.5,1123890831
469,471,5.0,965425364
474,471,3.0,974668858
500,471,1.0,1005528017
520,471,5.0,1326609921
541,471,3.0,835643551
555,471,3.0,978746933
597,471,2.0,941558175
599,471,2.5,1498518822
602,471,4.0,840876085
603,471,4.0,954482443
608,471,1.5,1117161794
610,471,4.0,1479544381
5,474,4.0,847435337
6,474,4.0,845553522
11,474,4.0,902154431
19,474,3.0,965710914
28,474,2.5,1234515703
45,474,5.0,1091306076
57,474,3.0,969754942
58,474,5.0,847718851
84,474,4.0,857653756
91,474,3.5,1112713360
102,474,4.0,835877535
109,474,3.0,841108346
117,474,3.0,844163002
121,474,3.0,847656113
133,474,3.0,843491514
140,474,4.0,967048858
142,474,4.0,838934313
174,474,4.0,848487152
181,474,4.0,845469678
182,474,3.5,1054782094
183,474,4.0,992331435
202,474,3.0,974918657
217,474,4.0,956194811
229,474,3.0,838144001
235,474,3.0,841422557
239,474,3.5,1221866536
266,474,3.0,945670117
275,474,4.0,1049079053
284,474,4.0,832699616
285,474,3.5,1476723524
288,474,3.0,978465565
290,474,4.0,974943172
292,474,3.5,1265679711
304,474,5.0,891173528
305,474,4.0,1518198036
313,474,3.0,1030476249
314,474,3.0,834241725
323,474,3.0,1422640292
325,474,3.0,1039395668
357,474,4.0,1348612266
368,474,3.0,971275697
372,474,4.0,874416120
386,474,3.0,842613706
402,474,3.0,849654448
404,474,3.0,838376120
411,474,3.0,835532747
414,474,4.0,961515708
436,474,4.0,833530400
447,474,5.0,836961195
448,474,4.0,1019124231
451,474,3.0,854285151
458,474,5.0,845652904
465,474,4.0,959896120
469,474,3.0,965333899
474,474,3.5,1060702760
476,474,4.0,835022054
480,474,3.0,1179162365
482,474,3.5,1105396882
486,474,5.0,839537249
512,474,4.0,841449579
514,474,4.0,1533949095
524,474,4.0,851608781
530,474,4.0,843227122
541,474,4.0,835643421
559,474,3.0,845476017
565,474,4.0,846533485
584,474,5.0,834988194
597,474,5.0,940421094
599,474,2.5,1519145474
602,474,5.0,840875876
4,475,5.0,945174290
5,475,5.0,847435311
6,475,4.0,845554099
28,475,4.0,1234334912
33,475,4.0,939715904
58,475,5.0,847719285
74,475,5.0,1207502497
84,475,4.0,858771380
117,475,3.0,844163511
144,475,4.5,1136812966
171,475,4.0,866905707
182,475,4.5,1054780543
229,475,4.0,836942246
239,475,5.0,1221159473
290,475,4.0,974942322
323,475,4.0,1422640562
373,475,5.0,846830457
414,475,5.0,961517481
432,475,3.5,1316390351
474,475,4.0,1123258243
483,475,4.0,1181495348
488,475,3.0,1112382344
559,475,5.0,845476276
602,475,5.0,840876475
606,475,4.0,1171406628
6,477,4.0,845554141
14,477,4.0,835441578
33,477,3.0,939716738
58,477,4.0,847719333
84,477,4.0,857653756
109,477,3.0,841109063
156,477,3.5,1106854100
181,477,3.0,845470321
263,477,4.0,940384910
386,477,3.0,842614008
402,477,3.0,849654510
411,477,3.0,835532864
414,477,3.5,1157472172
474,477,3.5,1053021161
489,477,3.0,1333297071
584,477,4.0,834988306
599,477,2.0,1519244415
1,480,4.0,964982346
6,480,5.0,845553200
7,480,5.0,1106635917
8,480,4.0,839463527
11,480,4.0,902154383
14,480,3.0,835441262
17,480,4.5,1305696463
18,480,3.5,1455209811
19,480,2.0,965703785
21,480,4.0,1418063303
27,480,4.0,962685912
28,480,2.5,1234515708
38,480,3.0,841341296
43,480,4.0,848993719
45,480,4.0,950740478
54,480,3.0,839921084
56,480,5.0,835799295
57,480,5.0,965798332
58,480,4.0,847718544
59,480,3.0,953609415
63,480,2.5,1443199679
64,480,4.0,1161520140
66,480,3.0,1104643911
68,480,3.5,1158531200
76,480,2.0,1439168176
78,480,4.0,1252574995
79,480,5.0,975282070
81,480,4.0,845299676
82,480,4.0,1084467706
83,480,3.0,1333843543
84,480,3.0,858771971
86,480,3.0,1344083054
91,480,4.5,1112713195
93,480,5.0,942946013
94,480,4.0,843406732
95,480,3.5,1105400942
96,480,5.0,964772778
102,480,3.0,835876239
103,480,4.0,1431954240
108,480,4.0,1042838912
109,480,3.0,841106621
111,480,2.5,1516140723
112,480,5.0,1442535631
115,480,5.0,944953733
116,480,4.0,1337199676
117,480,4.0,844162832
122,480,4.0,1461561380
124,480,3.5,1336423441
126,480,3.0,845925690
129,480,3.5,1167375959
133,480,3.0,843491209
135,480,5.0,1009692855
137,480,3.5,1204859401
140,480,4.0,949667008
141,480,3.0,1513130636
142,480,3.0,838934122
144,480,3.0,1137323364
149,480,3.0,902084966
156,480,3.0,1106854606
159,480,3.0,1508640163
160,480,2.0,971114075
164,480,5.0,999708209
165,480,4.0,1046741972
167,480,3.5,1154722006
169,480,4.0,1078284462
170,480,3.0,840380988
173,480,4.0,843397944
174,480,5.0,848486962
177,480,3.5,1435533530
178,480,3.0,1164354863
179,480,4.0,840907561
181,480,5.0,845469403
182,480,3.5,1120879567
183,480,4.0,992331396
186,480,4.0,1031079589
192,480,5.0,835129540
193,480,2.0,1435856899
198,480,3.0,1034135628
200,480,3.5,1229885895
201,480,5.0,941211343
202,480,4.0,974918825
212,480,3.0,1490114887
217,480,4.0,955941990
219,480,4.0,1194932224
220,480,5.0,1230055651
221,480,3.0,1118247087
223,480,3.5,1226210059
226,480,4.0,1095662485
229,480,3.0,838143949
232,480,3.0,1218167925
234,480,5.0,1004407828
235,480,4.0,841422410
239,480,4.0,1221158148
240,480,4.0,849122164
247,480,4.5,1467644152
249,480,4.0,1346847728
254,480,4.0,1180446243
264,480,2.0,1136978631
265,480,4.0,965314929
266,480,4.0,945670079
267,480,5.0,994467801
273,480,4.0,835861270
274,480,3.5,1171410132
275,480,4.0,1049076170
276,480,5.0,858351188
279,480,4.0,1506395201
282,480,4.0,1378495620
284,480,5.0,832699656
288,480,2.0,975691429
292,480,4.0,973817117
298,480,4.0,1447584809
301,480,3.0,1211377438
302,480,5.0,854473232
303,480,3.5,1053303254
304,480,4.0,891173581
305,480,2.0,1490211400
307,480,3.5,1187383664
312,480,3.0,1043175580
313,480,3.0,1030474778
314,480,3.0,834241459
318,480,4.0,1237233405
321,480,4.0,843212458
322,480,3.5,1217676127
323,480,3.5,1422640356
328,480,2.0,1494211677
330,480,2.0,1285904878
332,480,3.5,1352673901
334,480,3.0,1225481568
339,480,4.0,1460186748
340,480,5.0,848666393
341,480,2.0,1439750926
346,480,2.5,1125858149
347,480,4.0,847645664
349,480,3.0,834751024
351,480,4.0,1328287926
354,480,4.0,1200870194
355,480,3.0,974965550
357,480,4.0,1348612039
359,480,4.0,1198111978
368,480,4.0,971273377
373,480,4.0,846829926
374,480,4.0,849089125
376,480,4.0,1364993985
379,480,4.0,847397342
380,480,5.0,1493419900
381,480,4.0,1164876671
384,480,4.0,993555899
385,480,4.0,834691810
386,480,2.0,842610269
387,480,3.0,1094942988
391,480,2.0,1030824455
394,480,3.0,838994356
395,480,4.0,841503580
399,480,3.0,1167220297
402,480,4.0,849654417
404,480,4.0,838375864
411,480,5.0,835532370
414,480,4.0,961514893
415,480,4.0,1382470250
419,480,3.5,1322379808
420,480,3.5,1218041865
423,480,5.0,1155285846
425,480,3.5,1085477172
426,480,4.0,1451081008
428,480,2.0,1111623775
432,480,4.5,1316391434
434,480,5.0,1270604612
436,480,3.0,833530187
438,480,4.0,1105650457
444,480,3.0,839310974
446,480,4.0,843839191
447,480,4.0,836960895
448,480,3.0,1019124292
452,480,4.0,1013395088
453,480,4.0,972621826
455,480,3.0,836436113
457,480,2.0,993610357
458,480,5.0,845651700
461,480,0.5,1505935384
464,480,4.0,1287399097
469,480,3.0,965333973
470,480,5.0,849075031
474,480,4.5,1100119725
476,480,4.0,835021636
477,480,4.0,1200939622
480,480,5.0,1179162498
483,480,4.0,1178293045
484,480,4.0,1342295969
486,480,5.0,839537220
489,480,3.5,1333101257
494,480,3.0,1000384075
498,480,4.0,839197320
500,480,4.0,1005527406
503,480,3.5,1335219291
507,480,4.0,838964648
510,480,3.0,1141158938
512,480,4.0,841449335
514,480,4.5,1533949907
516,480,4.0,994624770
517,480,1.0,1487962661
522,480,3.5,1253344659
524,480,4.0,851608818
525,480,4.0,1476476002
527,480,5.0,1033174024
530,480,4.0,843226836
531,480,4.0,1032961510
532,480,4.0,1025523745
534,480,4.5,1459787998
536,480,4.0,832840352
541,480,5.0,835643146
546,480,4.0,973588490
555,480,4.0,978744519
559,480,5.0,845475863
561,480,4.5,1491092073
566,480,4.0,849005292
567,480,2.0,1525288258
568,480,3.0,1253767289
569,480,4.0,849190653
572,480,4.0,945888702
573,480,5.0,1186722173
577,480,5.0,945967458
579,480,4.0,958881789
580,480,4.0,1167791767
584,480,5.0,834987890
588,480,3.0,839316241
590,480,4.0,1258420379
592,480,5.0,837350083
594,480,5.0,1109036565
597,480,5.0,940421094
599,480,4.0,1498498722
600,480,3.0,1237850755
602,480,4.0,840875647
605,480,3.0,1277097520
606,480,2.5,1173644082
607,480,4.0,963080125
608,480,3.0,1117162606
609,480,3.0,847220907
610,480,5.0,1479545821
474,488,3.0,1047569232
6,497,3.0,845553819
19,497,3.0,965706045
32,497,5.0,856737045
33,497,4.0,939646939
38,497,5.0,841341680
51,497,5.0,1230929781
57,497,3.0,965796990
58,497,5.0,847719066
100,497,4.0,1100183808
108,497,3.0,1042841018
117,497,4.0,844163168
121,497,3.0,847656316
132,497,2.0,1157919871
182,497,4.5,1054783081
199,497,3.0,940372513
202,497,4.0,974925403
216,497,4.0,975212597
262,497,4.0,840305955
273,497,5.0,835860894
290,497,4.0,974942676
294,497,4.0,966595143
314,497,5.0,834398802
323,497,4.0,1422640219
330,497,4.0,1285905555
372,497,4.0,874415991
381,497,4.0,1165975976
385,497,4.0,834692061
391,497,4.0,1030827466
414,497,5.0,961438248
425,497,3.0,1085477845
427,497,2.0,1053071444
436,497,4.0,833530553
437,497,3.0,859721433
446,497,4.0,843839575
474,497,5.0,974668666
510,497,1.5,1141158809
541,497,4.0,835643516
552,497,2.5,1111472961
566,497,4.0,849006808
587,497,4.0,953138510
594,497,4.0,1108798927
599,497,3.0,1498521641
606,497,4.5,1171406072
1,500,3.0,964981208
6,500,5.0,845553354
8,500,2.0,839463624
18,500,3.5,1455618095
19,500,2.0,965706636
21,500,2.5,1407617852
38,500,3.0,841341362
43,500,5.0,848993793
45,500,4.0,951170445
47,500,1.0,1496210197
54,500,3.0,839921452
57,500,3.0,965797433
58,500,3.0,847718657
63,500,3.0,1443201103
64,500,3.5,1161520572
68,500,3.0,1158531950
84,500,4.0,858772516
91,500,2.5,1112711245
94,500,3.0,843406826
102,500,4.0,835877244
104,500,3.0,1048587670
109,500,3.0,841107538
111,500,4.0,1516156095
116,500,3.0,1337199829
117,500,4.0,844162892
126,500,4.0,845925854
132,500,2.5,1157922641
140,500,4.0,1030559180
141,500,3.0,1513131874
143,500,3.0,1444881371
144,500,3.0,1137323558
153,500,2.0,1525550654
156,500,2.0,946800455
169,500,5.0,1078284556
170,500,4.0,840381051
171,500,4.0,866905267
173,500,4.0,843397993
177,500,5.0,1435890500
179,500,4.0,840907726
181,500,3.0,845469528
186,500,4.0,1031073096
187,500,1.5,1161872595
200,500,3.0,1229886982
217,500,3.0,955944348
219,500,2.0,1194827056
226,500,3.5,1095662683
229,500,4.0,838143576
232,500,4.0,1077235210
235,500,4.0,841422461
240,500,5.0,849122256
248,500,3.0,1534602101
249,500,3.5,1356219014
252,500,4.5,1498284999
263,500,4.0,941590842
273,500,4.0,835860827
274,500,3.0,1171428404
280,500,3.5,1348435854
282,500,4.0,1378490507
283,500,3.0,901228285
284,500,5.0,832786349
286,500,3.5,1119562073
288,500,3.0,978559881
292,500,4.0,1265680410
294,500,3.0,966594786
301,500,3.5,1211377883
304,500,1.0,891173384
305,500,3.0,1460136206
307,500,2.0,1186160992
314,500,3.0,834241545
318,500,3.5,1270751771
321,500,4.0,843212509
322,500,3.0,1217676280
323,500,3.5,1422640404
330,500,3.5,1285905041
347,500,3.0,847645738
349,500,3.0,834751177
356,500,4.0,1232430007
357,500,3.5,1348612073
361,500,3.0,1204047803
367,500,5.0,997812555
369,500,3.0,1237082946
373,500,2.0,846830016
375,500,3.0,1225314367
379,500,3.0,847397459
380,500,4.0,1494803423
381,500,4.0,1166979383
385,500,3.0,834694199
387,500,2.5,1095040501
391,500,4.0,1030826537
395,500,3.0,841503730
402,500,5.0,849601504
404,500,4.0,838375951
411,500,4.0,835532539
414,500,3.0,961438822
418,500,3.5,1461868098
424,500,2.5,1457844331
425,500,3.0,1085477431
426,500,5.0,1451080812
428,500,1.0,1111623234
432,500,3.5,1335139732
434,500,2.0,1270604782
436,500,4.0,833530300
438,500,3.5,1105666225
444,500,3.0,839311804
446,500,3.0,843839271
447,500,3.0,836961055
448,500,4.0,1019128140
455,500,3.0,836436259
458,500,3.0,845651860
462,500,0.5,1123892424
470,500,4.0,849075299
474,500,2.5,1053021883
476,500,3.0,835021942
477,500,3.5,1200939738
480,500,4.0,1179177891
483,500,3.5,1178293521
484,500,3.5,1342295859
489,500,3.5,1332772454
503,500,3.5,1335219433
512,500,3.0,841449402
517,500,5.0,1487953262
525,500,3.5,1476478774
530,500,3.0,843226940
534,500,4.5,1459787996
536,500,2.0,832840425
542,500,3.5,1163387264
555,500,4.0,978746838
559,500,3.0,845475935
560,500,3.5,1469648885
564,500,4.0,1478453510
566,500,4.0,849005578
573,500,5.0,1186590149
579,500,5.0,958880001
584,500,5.0,834988045
587,500,5.0,953139233
590,500,2.5,1258420556
592,500,5.0,837350175
593,500,2.5,1181007988
597,500,4.0,941559656
599,500,3.0,1498525707
600,500,4.0,1237742340
602,500,4.0,840875720
606,500,3.0,1171736616
608,500,2.0,1117408421
6,508,4.0,845553586
14,508,3.0,835441558
18,508,4.0,1455749987
28,508,3.5,1242032407
33,508,3.0,939647015
38,508,3.0,841341532
47,508,4.0,1496205263
58,508,5.0,847718868
68,508,3.0,1240092508
70,508,4.5,1355198208
84,508,4.0,857653693
100,508,4.0,1100185928
108,508,4.0,1042840657
112,508,4.5,1513989990
117,508,3.0,844163019
121,508,3.0,847656129
142,508,4.0,838934312
159,508,2.0,1508641085
162,508,5.0,836511477
174,508,3.0,848487173
177,508,3.5,1435534189
200,508,3.5,1229887138
202,508,4.0,975013335
222,508,3.5,1391375657
226,508,4.0,1095662792
229,508,4.0,838145979
235,508,4.0,841422583
259,508,1.0,1146845374
268,508,3.0,940181021
286,508,4.5,1119563328
305,508,2.5,1511719318
308,508,1.0,1421374429
323,508,3.5,1422640127
357,508,4.5,1348612257
365,508,2.0,1488594826
372,508,3.0,874416493
373,508,5.0,846830149
404,508,3.0,838376177
411,508,5.0,835532839
414,508,3.5,1258247745
436,508,4.0,833530470
437,508,5.0,859721584
438,508,4.0,1105666605
446,508,5.0,843839401
447,508,3.0,836961317
462,508,2.5,1154037955
474,508,3.0,1047054679
480,508,4.0,1179178235
517,508,3.5,1487953226
524,508,3.0,851608818
541,508,5.0,835643477
552,508,3.5,1111473073
559,508,4.0,845476056
562,508,4.0,1368893715
570,508,3.5,1181477862
580,508,4.0,1167790028
584,508,5.0,834988281
589,508,4.0,856043304
590,508,4.0,1258420937
596,508,3.5,1535828762
599,508,3.0,1498523142
600,508,2.0,1237713539
602,508,3.0,840875930
603,508,4.0,963179768
606,508,3.5,1172157078
608,508,4.0,1117490762
19,513,3.0,965707637
217,513,3.0,955943877
367,513,4.0,997812202
474,513,3.5,1068213691
5,515,3.0,847435129
6,515,4.0,845553794
40,515,3.0,832059892
57,515,4.0,972173777
75,515,2.0,1158989888
84,515,4.0,857653693
85,515,4.0,889468005
91,515,1.0,1112713768
104,515,3.0,1098565936
117,515,4.0,844163615
162,515,5.0,836511478
235,515,3.0,841422667
262,515,5.0,840305955
372,515,4.0,874416317
404,515,3.0,838376221
411,515,2.0,835532728
437,515,4.0,859721463
470,515,4.0,849224825
474,515,5.0,975173710
479,515,4.0,1039362088
517,515,4.0,1487957415
587,515,5.0,953141680
603,515,3.0,963179615
606,515,3.5,1171821929
6,516,4.0,845554908
57,516,2.0,965797502
66,516,3.0,1113188566
109,516,3.0,841142032
181,516,2.0,845470717
217,516,2.0,955944449
240,516,5.0,849123220
265,516,3.0,965319228
294,516,3.0,966596753
391,516,2.0,1031030771
414,516,3.0,961438762
436,516,3.0,833531283
474,516,2.0,1046887453
477,516,3.5,1200947108
536,516,5.0,832840639
555,516,4.0,978747285
559,516,3.0,845476500
599,516,2.5,1519327445
51,522,3.5,1230931540
125,522,3.0,1474414944
182,522,4.5,1054780379
249,522,4.0,1356439335
325,522,4.0,1039395860
474,522,3.5,1129579501
608,522,0.5,1117336750
6,524,3.0,845554479
14,524,3.0,835442007
28,524,3.5,1242032861
42,524,3.0,996218906
84,524,4.0,858771772
103,524,3.5,1431968121
109,524,3.0,841109953
117,524,3.0,844163712
133,524,3.0,843491580
140,524,3.5,1055092379
169,524,5.0,1070251128
200,524,3.5,1229876652
226,524,3.0,1095663387
239,524,3.5,1221147352
240,524,5.0,849123077
288,524,3.0,976122015
304,524,5.0,891173023
307,524,2.5,1186162607
314,524,4.0,834241835
357,524,4.5,1348627077
411,524,3.0,835533493
414,524,5.0,961518251
435,524,4.0,1366675927
438,524,3.5,1105911319
442,524,2.0,1331560506
450,524,3.0,974705163
474,524,2.5,1053021512
479,524,5.0,1039362482
522,524,3.0,1253342773
541,524,4.0,835644458
559,524,4.0,845476569
590,524,4.5,1258415247
599,524,2.5,1498511883
600,524,1.0,1237857184
1,527,5.0,964984002
3,527,0.5,1306464275
5,527,5.0,847434960
6,527,3.0,845553426
8,527,5.0,839463728
14,527,3.0,835441371
15,527,5.0,1510571982
16,527,4.0,1377476787
17,527,4.5,1305696664
18,527,4.5,1455050006
25,527,5.0,1535470432
28,527,3.0,1234570054
32,527,4.0,856737205
33,527,5.0,939716661
38,527,5.0,841341405
42,527,4.0,996217804
49,527,4.5,1493089770
51,527,3.0,1230929292
57,527,5.0,965799430
58,527,5.0,847718718
59,527,5.0,953609857
60,527,5.0,1393542064
62,527,4.5,1521488569
63,527,4.0,1443199764
64,527,5.0,1161520178
65,527,4.0,1494767109
68,527,4.0,1305861414
70,527,5.0,1355198357
72,527,4.5,1217324706
84,527,5.0,857653594
85,527,5.0,889467704
88,527,4.0,1331421334
93,527,5.0,942947205
96,527,5.0,964772956
103,527,3.5,1431954472
104,527,4.5,1053336374
105,527,3.5,1446571560
109,527,3.0,841107643
110,527,4.0,1175330162
116,527,2.0,1337199734
117,527,5.0,844162933
118,527,4.0,944923926
121,527,3.0,847656045
133,527,4.0,843491514
135,527,5.0,1009690817
137,527,3.5,1204859356
140,527,5.0,942840891
142,527,5.0,838932132
144,527,3.5,1136812705
152,527,4.5,1450572434
153,527,2.0,1525548221
157,527,5.0,992479576
160,527,5.0,971113259
162,527,5.0,836511337
166,527,4.5,1188926239
169,527,5.0,1078284493
172,527,4.5,1291065634
173,527,5.0,843398045
174,527,3.0,848487075
177,527,4.5,1435523522
178,527,4.5,1164355240
182,527,4.0,1054781427
187,527,4.0,1161872571
189,527,4.5,1439465064
190,527,5.0,1504309938
193,527,4.0,1435857242
195,527,4.0,974706225
199,527,5.0,940372656
204,527,4.5,1327183492
215,527,4.5,1260909026
221,527,3.0,1118246687
222,527,3.0,1391346845
224,527,5.0,971812301
227,527,4.0,1447189837
229,527,4.0,838144399
230,527,1.0,1196304688
231,527,2.0,1433089472
232,527,4.5,1241823096
233,527,4.0,1448815873
235,527,5.0,841422500
241,527,3.5,1447536013
243,527,3.0,837155258
247,527,4.0,1467644037
249,527,4.5,1346758070
251,527,5.0,1470676652
254,527,5.0,1180446502
258,527,4.0,1534892507
263,527,5.0,940384517
264,527,4.0,1136979020
274,527,4.0,1171758666
275,527,5.0,1049076180
278,527,5.0,1193753327
282,527,5.0,1378489627
286,527,4.0,1119562867
287,527,4.0,1110231030
288,527,5.0,976120853
290,527,5.0,974938725
296,527,4.5,1532993820
300,527,5.0,1425351444
301,527,4.5,1211378498
304,527,5.0,891173070
305,527,5.0,1460135174
307,527,4.5,1186160910
308,527,1.0,1421373691
309,527,4.0,1126451171
312,527,5.0,1043177067
314,527,5.0,834398802
318,527,4.0,1254132935
319,527,5.0,1461351622
323,527,4.5,1422640057
326,527,4.5,1322867716
328,527,5.0,1494207073
332,527,4.0,1352673580
336,527,4.0,1120568509
338,527,5.0,1530148425
339,527,5.0,1460519029
343,527,5.0,1202061421
346,527,3.5,1125859184
348,527,5.0,1378850186
349,527,4.0,834751177
352,527,5.0,1493931921
354,527,4.0,1200869818
357,527,5.0,1348611147
359,527,4.5,1198112043
361,527,2.5,1204047564
367,527,3.0,997810980
368,527,5.0,971274603
372,527,5.0,874417241
373,527,5.0,846830055
376,527,4.5,1364932898
378,527,4.5,1445345874
379,527,3.0,847397556
382,527,5.0,1515160612
390,527,4.5,1250335802
391,527,5.0,1030827772
395,527,2.0,841503819
399,527,4.0,1167222101
402,527,4.0,849654417
404,527,4.0,838376343
410,527,4.0,990727918
411,527,5.0,835532539
413,527,5.0,1484439759
414,527,4.0,961512311
416,527,3.5,1187496705
418,527,4.5,1465833234
419,527,5.0,1321659029
420,527,4.5,1218041177
421,527,5.0,1311494599
425,527,4.0,1085477314
432,527,4.5,1315243043
433,527,2.5,1506823854
434,527,5.0,1270604461
436,527,5.0,833530252
437,527,5.0,859721361
438,527,4.5,1105649740
439,527,4.5,1436943775
441,527,0.5,1449070570
444,527,5.0,839311847
445,527,3.0,1454621684
446,527,5.0,843839306
449,527,4.0,1053199963
452,527,5.0,1013395772
453,527,3.0,972621207
455,527,5.0,836436304
461,527,3.5,1505935217
462,527,1.5,1269929012
463,527,4.0,1145460304
464,527,4.5,1287399704
465,527,5.0,959896479
467,527,5.0,919671539
469,527,4.0,965845606
470,527,5.0,849075545
471,527,4.5,1496671869
474,527,5.0,979179823
477,527,4.5,1229452307
480,527,5.0,1179160233
483,527,5.0,1415579196
488,527,5.0,1112382044
495,527,4.0,1458634561
503,527,4.0,1335219018
510,527,3.5,1141160575
511,527,5.0,1450093983
512,527,5.0,841449445
515,527,5.0,1513601963
517,527,3.5,1487952885
523,527,4.5,1507987986
525,527,4.0,1476481327
527,527,1.0,1033173319
532,527,5.0,1025570372
536,527,5.0,832840391
537,527,1.0,1424142111
539,527,3.5,1332474781
549,527,1.0,1464282598
552,527,4.0,1112151215
554,527,5.0,944901744
557,527,4.0,1452797283
561,527,4.0,1491094602
562,527,4.5,1368892205
565,527,5.0,846533428
566,527,5.0,849005642
570,527,4.5,1181477018
572,527,5.0,945889382
577,527,5.0,945966109
579,527,5.0,958880791
580,527,3.0,1167790845
581,527,5.0,1447007076
586,527,2.5,1529899262
588,527,4.0,839316637
589,527,5.0,856043304
590,527,5.0,1258416466
593,527,3.5,1181007696
596,527,4.0,1535827023
600,527,3.0,1237857081
601,527,5.0,1441639169
602,527,5.0,840875779
603,527,3.0,953925102
606,527,5.0,1171231423
607,527,5.0,963079311
608,527,4.0,1117415161
610,527,3.5,1479545826
11,529,5.0,902155043
28,529,3.5,1234571468
32,529,4.0,856737044
33,529,4.0,939647873
58,529,5.0,847719203
66,529,4.5,1099187496
70,529,4.5,1355198219
117,529,3.0,844163511
133,529,3.0,843491514
140,529,4.0,949667115
156,529,4.0,1106855407
182,529,2.5,1054779615
202,529,4.0,974926025
226,529,4.0,1095663002
232,529,4.0,1101397650
240,529,4.0,849122745
263,529,4.0,940384310
265,529,4.0,965316627
304,529,5.0,891173884
307,529,2.5,1186162042
310,529,4.5,1078647902
356,529,4.0,1232431020
357,529,3.5,1348611719
369,529,2.5,1237082951
372,529,4.0,874414947
411,529,3.0,835533161
414,529,4.0,961517293
430,529,5.0,962936094
437,529,5.0,859721399
469,529,5.0,965336202
474,529,4.0,979180139
480,529,3.5,1179179344
522,529,3.0,1371443520
541,529,4.0,835643863
555,529,3.0,978840446
559,529,5.0,845476352
562,529,4.5,1368893705
589,529,3.0,856043430
599,529,3.0,1519177674
602,529,3.0,840876498
5,531,4.0,847435258
6,531,3.0,845554296
20,531,4.5,1054038162
68,531,2.5,1269122037
87,531,4.0,1270702642
117,531,3.0,844163615
175,531,3.5,1234188140
202,531,4.0,974912753
240,531,4.0,849122924
265,531,3.0,965316554
307,531,3.0,1186162748
354,531,4.0,1200865454
385,531,3.0,834692165
406,531,1.0,1296959250
416,531,2.5,1187495273
436,531,4.0,833530448
447,531,5.0,836962129
476,531,4.0,835021828
517,531,3.0,1487956095
589,531,3.0,856042931
599,531,3.0,1519118171
600,531,2.5,1237857180
606,531,3.0,1171230527
608,531,1.5,1117415614
5,534,3.0,847435311
84,534,4.0,857653693
117,534,3.0,844163663
162,534,5.0,836684340
199,534,4.0,940544123
265,534,4.0,965318191
288,534,4.0,976121266
346,534,2.5,1094645880
385,534,3.0,836844780
392,534,3.0,1027524061
411,534,2.0,835533320
474,534,5.0,975173725
587,534,4.0,953142295
603,534,4.0,954482383
66,535,5.0,1113190283
109,535,3.0,841109643
262,535,3.0,840306302
275,535,5.0,1049078671
290,535,4.0,975032059
318,535,4.0,1529314072
385,535,2.0,834693167
414,535,3.0,1058630846
428,535,1.5,1111523576
462,535,4.5,1122186673
474,535,4.0,1105106592
541,535,1.0,835644320
599,535,3.0,1498525272
602,535,1.0,840876032
603,535,5.0,953925210
4,538,5.0,945078636
32,538,5.0,856737123
84,538,3.0,858771743
85,538,4.0,889468460
195,538,3.0,1008558588
262,538,2.0,840311028
372,538,3.0,874416092
414,538,4.0,961517771
474,538,3.5,1053021214
554,538,5.0,944902081
579,538,3.0,977365958
599,538,2.5,1498518701
4,539,1.0,964538832
6,539,3.0,845553426
8,539,3.0,839463728
14,539,4.0,835441415
19,539,3.0,965706839
32,539,4.0,856737123
38,539,3.0,841341405
43,539,3.0,848993851
47,539,3.0,1496209510
57,539,3.0,965797340
58,539,5.0,847718718
68,539,3.5,1158531794
84,539,4.0,858771861
91,539,2.5,1112711215
93,539,4.0,942766957
95,539,4.0,1071803917
100,539,4.5,1100184295
102,539,3.0,835877244
103,539,3.5,1431957145
104,539,4.0,1048587616
113,539,3.0,980051961
116,539,4.0,1337199887
117,539,4.0,844162933
121,539,4.0,847656045
132,539,3.0,1157922655
133,539,3.0,843491579
140,539,3.0,949667435
144,539,3.0,1137323624
156,539,3.0,946799853
159,539,3.0,1508641193
167,539,3.0,1154722932
169,539,4.5,1059427970
170,539,4.0,840381092
174,539,5.0,848487075
177,539,3.5,1435533693
181,539,4.0,845469555
199,539,2.0,940381095
200,539,3.0,1229886921
229,539,4.0,838143576
230,539,2.5,1196304685
235,539,4.0,841422499
239,539,4.0,1221158373
240,539,3.0,849122301
262,539,2.0,840305749
263,539,3.0,941590705
273,539,3.0,835860849
284,539,4.0,832786436
286,539,4.0,1119562988
288,539,3.0,978559702
294,539,3.0,966595946
298,539,2.0,1452959538
301,539,3.5,1211378160
304,539,4.0,891173316
307,539,2.0,1186161019
314,539,4.0,834241610
321,539,3.0,843212642
330,539,2.0,1285905146
334,539,3.5,1225480923
347,539,4.0,847645789
349,539,3.0,834751261
357,539,3.0,1348611573
373,539,3.0,846830035
376,539,4.0,1364994231
379,539,4.0,847397556
381,539,4.0,1164877313
383,539,4.0,943570784
385,539,3.0,842892309
404,539,4.0,838375976
411,539,3.0,835532588
414,539,2.0,961438887
426,539,4.5,1451082076
436,539,3.0,833530341
438,539,3.5,1105898164
446,539,3.0,843839306
448,539,3.0,1019127800
455,539,4.0,836436378
458,539,5.0,845652581
461,539,4.0,1505935378
470,539,4.0,849075545
474,539,4.5,1100119744
476,539,4.0,835021853
480,539,3.0,1179177928
489,539,4.5,1332772984
500,539,1.0,1005527980
512,539,3.0,841449445
517,539,3.0,1487953270
530,539,4.0,843227051
541,539,5.0,835643304
559,539,4.0,845475946
561,539,3.0,1491095473
562,539,4.5,1368896612
564,539,3.0,1478453926
565,539,3.0,846533399
566,539,4.0,849005642
572,539,5.0,945893475
584,539,5.0,834988106
586,539,3.5,1529899992
587,539,4.0,953138926
592,539,5.0,837350221
593,539,4.0,1181008354
594,539,5.0,1109036787
599,539,3.0,1498522956
600,539,2.0,1237742333
602,539,3.0,840875779
603,539,4.0,954482597
608,539,2.5,1117504323
6,540,3.0,845554099
14,540,3.0,835441794
19,540,1.0,965711928
42,540,4.0,996256573
58,540,3.0,847719271
102,540,1.0,835877588
109,540,3.0,841109119
181,540,3.0,845470148
262,540,3.0,840306156
297,540,1.0,900876291
368,540,2.0,971277279
373,540,3.0,846830458
385,540,3.0,834693629
411,540,3.0,835533217
414,540,2.0,961682409
447,540,4.0,836962083
541,540,3.0,835643967
592,540,3.0,837350631
16,541,4.5,1377477340
17,541,3.5,1322628857
18,541,4.0,1456745325
19,541,4.0,965703555
21,541,3.5,1452052129
22,541,5.0,1268726271
23,541,5.0,1107164433
28,541,4.0,1234335500
41,541,2.0,1459367431
45,541,3.0,950718561
50,541,4.0,1514238015
57,541,5.0,965796471
59,541,5.0,953609611
66,541,5.0,1093748041
68,541,2.0,1158532190
69,541,5.0,1021643744
75,541,4.0,1158989785
76,541,3.5,1439167669
83,541,4.5,1333091988
91,541,5.0,1112711219
95,541,5.0,1043340455
105,541,4.0,1446571848
108,541,5.0,1042840111
110,541,4.0,1175329865
116,541,5.0,1337199338
129,541,3.5,1167376597
131,541,4.0,1349840347
137,541,5.0,1204859758
140,541,3.0,942841859
144,541,3.0,1136812939
149,541,4.0,902085272
152,541,4.0,1450867576
156,541,4.0,1106854868
160,541,5.0,971113438
167,541,3.5,1154723110
171,541,5.0,866905738
182,541,4.0,1054779827
186,541,4.0,1031073630
187,541,4.5,1161850214
197,541,5.0,947461866
198,541,3.0,1039797013
199,541,5.0,940380371
202,541,5.0,974925048
212,541,3.0,1490202817
219,541,3.5,1194687801
220,541,2.0,1230061795
221,541,5.0,1118246781
228,541,4.0,1363222896
239,541,4.0,1221158959
244,541,4.0,975075045
246,541,5.0,1354145931
249,541,4.0,1507756687
265,541,4.0,965314747
266,541,5.0,944941046
267,541,5.0,959807483
274,541,2.5,1171409458
275,541,5.0,1049077263
279,541,5.0,1506394347
288,541,4.0,975691813
290,541,3.0,974938371
292,541,3.5,1219625188
298,541,4.5,1447584754
304,541,4.0,891173435
305,541,4.0,1460135378
307,541,3.5,1189455304
312,541,5.0,1043176594
313,541,5.0,1030474666
318,541,3.5,1413655710
325,541,5.0,1039398946
330,541,2.0,1285904101
332,541,5.0,1352672393
339,541,5.0,1460182103
343,541,4.5,1202061336
348,541,5.0,1378850657
352,541,4.5,1493932047
356,541,4.5,1229142859
359,541,1.5,1198112228
365,541,1.0,1489016618
369,541,2.5,1237083075
370,541,3.5,1159162739
372,541,4.0,874415865
376,541,5.0,1364994224
380,541,5.0,1493474355
385,541,5.0,865025716
387,541,4.5,1094876108
391,541,5.0,1030827097
393,541,0.5,1430506010
400,541,4.5,1498870376
405,541,4.5,1299378002
414,541,5.0,961514667
420,541,3.5,1218041713
428,541,3.5,1111524640
434,541,5.0,1270605006
440,541,5.0,1237569095
445,541,4.0,1454622230
448,541,4.0,1019123960
452,541,5.0,1013395184
460,541,3.0,1359176916
462,541,3.5,1123891140
464,541,3.5,1287403335
465,541,5.0,959895840
469,541,5.0,965335217
474,541,3.0,1127688948
477,541,5.0,1201158878
480,541,4.0,1179160077
489,541,4.0,1333101450
520,541,5.0,1326609221
522,541,2.5,1253345721
524,541,5.0,851609310
547,541,5.0,942723549
552,541,5.0,1111473071
555,541,4.0,978819723
566,541,4.0,849008838
567,541,3.5,1525286579
577,541,3.0,945966819
580,541,5.0,1167789987
590,541,4.5,1258416649
596,541,4.0,1535827006
597,541,4.0,940362325
599,541,4.5,1498539290
603,541,3.0,953925349
606,541,5.0,1171325962
608,541,3.5,1117490759
610,541,5.0,1493850255
1,543,4.0,964981179
6,543,3.0,845554099
12,543,3.5,1247263318
19,543,3.0,965706232
45,543,5.0,951170445
58,543,5.0,847719231
64,543,3.5,1161565737
91,543,3.5,1112712249
109,543,3.0,841109119
113,543,2.0,980051922
124,543,3.0,1336409602
147,543,2.5,1203267733
168,543,2.0,1306793350
182,543,3.5,1054779684
199,543,3.0,940544279
201,543,5.0,939224710
226,543,4.0,1095663022
240,543,3.0,849122774
274,543,2.5,1171511510
294,543,2.0,966595695
297,543,2.0,900872143
307,543,3.0,1186161898
316,543,1.5,1111493127
356,543,5.0,1232430749
387,543,4.0,1094849237
391,543,4.0,1030944377
414,543,4.0,961438642
424,543,3.5,1457846834
428,543,0.5,1111487453
431,543,3.5,1267051841
448,543,4.0,1019127814
453,543,4.0,1005967028
469,543,4.0,965425742
474,543,4.5,1053020897
500,543,4.0,1005527784
555,543,5.0,978746964
559,543,2.0,845476259
597,543,3.0,941559656
599,543,2.5,1498518906
600,543,2.5,1237851366
608,543,3.5,1117336963
19,551,5.0,965706163
20,551,5.0,1054038128
21,551,0.5,1418063134
38,551,4.0,841341549
40,551,3.0,832059770
45,551,3.0,950726215
51,551,5.0,1230932599
57,551,4.0,969753400
58,551,5.0,847718937
66,551,3.5,1093747809
68,551,2.0,1158532937
76,551,0.5,1439168886
84,551,3.0,858772802
91,551,5.0,1112711242
103,551,4.0,1431957297
109,551,3.0,841108509
111,551,4.0,1518661412
112,551,3.5,1513989983
117,551,4.0,844163037
122,551,5.0,1461562043
132,551,3.5,1157922289
135,551,4.0,1009694763
136,551,3.0,832449883
160,551,5.0,971619378
167,551,3.0,1154718701
171,551,4.0,866905283
177,551,4.0,1435534171
187,551,3.5,1161850511
199,551,1.0,1094309653
201,551,4.0,939821323
216,551,3.0,975212699
217,551,3.0,955934988
221,551,4.5,1111176265
226,551,3.5,1095662823
232,551,3.5,1076967647
235,551,3.0,841422596
240,551,4.0,849122506
266,551,2.0,945669675
274,551,3.0,1171491546
287,551,4.0,1110230096
288,551,4.0,978469847
294,551,4.0,966595174
305,551,3.5,1460563729
307,551,3.0,1186161574
308,551,3.0,1421374427
314,551,3.0,834398622
323,551,4.0,1422640123
328,551,2.0,1494212065
330,551,5.0,1285905376
357,551,5.0,1348610694
367,551,2.0,997812312
373,551,5.0,846830190
380,551,5.0,1493420127
381,551,5.0,1200823958
385,551,3.0,834691914
387,551,3.5,1094876478
401,551,3.5,1510450771
411,551,4.0,835532588
414,551,4.0,961438292
428,551,4.0,1111524154
436,551,4.0,833529993
446,551,3.0,843839420
450,551,4.0,974704982
455,551,3.0,836436499
469,551,4.0,965425487
474,551,3.0,974666694
477,551,3.5,1200940045
480,551,3.5,1179178337
483,551,4.0,1178213495
484,551,4.0,1342295041
489,551,4.5,1333101666
495,551,3.5,1458635579
497,551,4.0,1429127198
509,551,4.0,1436101370
520,551,4.5,1326609446
525,551,4.0,1476478152
527,551,3.0,1033174530
534,551,4.0,1459792411
541,551,3.0,835643304
552,551,4.0,1111473079
554,551,2.0,944900237
559,551,4.0,845476065
560,551,4.0,1469654292
561,551,3.5,1491094671
566,551,1.0,849006071
590,551,3.5,1266472517
592,551,1.0,837350351
599,551,3.5,1498500822
600,551,4.0,1237763405
602,551,4.0,840876085
604,551,3.0,832081130
606,551,3.0,1179670836
608,551,3.5,1117491392
1,552,4.0,964982653
6,552,3.0,845553875
14,552,3.0,835441558
24,552,3.5,1458941837
36,552,2.0,1100803437
38,552,3.0,841341732
42,552,4.0,996220433
43,552,5.0,848994239
45,552,4.0,951170579
57,552,2.0,965797549
58,552,3.0,847719108
59,552,3.0,953609458
68,552,3.0,1230498490
91,552,3.0,1112712269
93,552,5.0,942946340
102,552,3.0,835877342
117,552,4.0,844163693
136,552,3.0,832450076
144,552,4.0,1137324296
147,552,4.5,1203267737
177,552,3.0,1435534477
194,552,3.5,1110316736
234,552,3.0,1004408517
240,552,3.0,849122663
262,552,4.0,840306019
273,552,3.0,835860894
284,552,3.0,832699656
294,552,2.0,966634216
304,552,4.0,891173703
314,552,2.0,834241987
336,552,3.0,1120568085
353,552,2.0,831940625
368,552,2.0,975829531
385,552,3.0,834693186
395,552,4.0,841504603
414,552,3.0,961439252
425,552,3.0,1085490527
431,552,2.5,1267051821
438,552,4.0,1105664541
447,552,5.0,836961393
448,552,3.0,1019125749
452,552,5.0,1019580899
453,552,4.0,1005967288
458,552,4.0,845652992
463,552,3.5,1145459400
469,552,2.0,965334475
474,552,3.0,974667712
480,552,2.5,1179178947
483,552,3.5,1327277254
488,552,2.5,1112381831
489,552,3.0,1334587703
524,552,4.0,851608897
541,552,3.0,835643477
559,552,3.0,845476199
566,552,4.0,849006845
590,552,3.0,1258421379
594,552,5.0,1108975074
599,552,2.0,1498510887
600,552,3.5,1237713516
606,552,3.0,1209233933
608,552,1.5,1117161764
275,556,4.0,1049079432
372,556,3.0,874416493
414,556,2.0,1167249218
474,556,3.0,1061160965
510,556,4.0,1141159618
603,556,4.0,953925191
33,562,5.0,939715485
68,562,2.5,1261624214
90,562,4.0,856354233
132,562,2.5,1157978934
151,562,3.0,855948120
156,562,4.0,946799612
199,562,3.0,1087154726
274,562,3.5,1172365278
275,562,3.0,1049076522
298,562,3.0,1467489463
307,562,2.0,1186163068
323,562,5.0,1422640657
330,562,4.5,1285903310
409,562,5.0,968978942
414,562,4.0,997709120
462,562,4.0,1123891848
474,562,4.0,1129579373
479,562,3.0,1039392560
508,562,2.5,1268297537
597,562,4.0,940362491
599,562,2.0,1519178517
600,562,4.0,1237759928
603,562,4.0,963178259
8,586,3.0,839463702
14,586,3.0,835441451
18,586,3.5,1455748696
19,586,3.0,965707079
20,586,3.0,1054038279
21,586,2.5,1376823478
38,586,3.0,841341384
42,586,2.0,996219248
45,586,3.0,951170727
54,586,2.0,839921452
62,586,4.0,1521489913
63,586,2.5,1443201188
64,586,3.0,1161521273
66,586,3.0,1099187123
68,586,1.0,1158532048
83,586,1.5,1333843197
84,586,3.0,858772516
91,586,2.0,1112712333
94,586,3.0,843406846
102,586,4.0,835877270
103,586,4.0,1431957135
104,586,3.0,1048595309
109,586,3.0,841107584
116,586,3.5,1337199910
117,586,4.0,844162913
132,586,2.0,1157922708
144,586,3.0,1137323732
153,586,2.5,1525549564
156,586,2.0,1106854857
167,586,1.0,1154723360
169,586,5.0,1078284644
170,586,3.0,840381068
173,586,3.0,843398014
177,586,3.0,1435533702
182,586,3.5,1063289220
187,586,1.5,1161864097
200,586,3.0,1229886394
219,586,3.0,1194740087
220,586,4.5,1230061714
226,586,4.0,1095662748
229,586,3.0,838143590
230,586,3.5,1196304782
232,586,3.0,1218167353
233,586,3.0,1448816482
234,586,2.0,1004409662
235,586,3.0,841422477
243,586,3.0,837155283
263,586,3.0,941590939
273,586,1.0,835860849
274,586,3.5,1171759271
280,586,4.0,1348532002
283,586,3.0,901228523
287,586,1.5,1110230579
288,586,3.0,978560086
292,586,4.0,1265680476
294,586,2.0,966595915
304,586,4.0,891173994
307,586,2.0,1186161387
321,586,3.0,843212550
322,586,3.5,1217676382
330,586,3.5,1285905186
334,586,3.0,1234630020
344,586,5.0,1420496646
349,586,3.0,834751344
354,586,3.0,1200870590
357,586,4.0,1348612117
373,586,3.0,846830035
376,586,2.0,1364994249
380,586,4.0,1494803432
381,586,1.0,1164877371
386,586,3.0,842610325
387,586,2.0,1095120880
395,586,3.0,841503793
402,586,4.0,849601295
411,586,4.0,835532644
414,586,3.0,961439170
425,586,2.5,1085477576
428,586,2.0,1111523334
434,586,3.0,1270606730
436,586,4.0,833530512
444,586,3.0,839311847
446,586,3.0,843839290
447,586,2.0,836961107
448,586,3.0,1019126928
474,586,2.0,1046886823
475,586,4.5,1498031682
476,586,3.0,835022415
477,586,3.0,1200939829
480,586,4.0,1179177983
483,586,2.0,1181496723
484,586,4.0,1342296049
489,586,1.5,1333101461
491,586,5.0,1526673066
509,586,1.0,1435999348
512,586,3.0,841449426
514,586,3.5,1533873619
517,586,5.0,1487954357
520,586,4.0,1326609231
522,586,1.0,1253345723
524,586,3.0,851609037
525,586,3.5,1476480345
530,586,3.0,843227030
534,586,4.5,1459787997
541,586,1.0,835643333
555,586,4.0,978747175
561,586,3.5,1491095448
570,586,2.0,1181477545
573,586,5.0,1186590114
584,586,4.0,834988150
589,586,3.0,856046112
590,586,3.0,1258417720
592,586,4.0,837350242
594,586,5.0,1109036952
599,586,3.0,1498525239
602,586,1.0,840875757
608,586,1.0,1117504351
6,587,5.0,845553381
7,587,2.0,1106635714
8,587,3.0,839463702
19,587,3.0,965706438
43,587,5.0,848993816
45,587,2.0,951170358
47,587,4.0,1496205334
57,587,2.0,965797579
58,587,4.0,847718674
64,587,4.0,1161520501
68,587,2.0,1158532304
84,587,3.0,858772178
91,587,2.5,1112713284
94,587,3.0,843406866
100,587,4.0,1100184423
109,587,3.0,841107643
113,587,3.0,980051938
117,587,4.0,844162913
135,587,4.0,1009691307
140,587,3.5,1085569696
144,587,3.5,1137323636
156,587,3.0,1106854759
159,587,4.0,1508640317
160,587,3.0,971196506
162,587,3.0,836511364
170,587,4.0,840381068
173,587,3.0,843398030
174,587,5.0,848487060
177,587,3.5,1435533683
181,587,5.0,845469528
199,587,2.0,1094309540
201,587,5.0,940350613
217,587,3.0,955944022
225,587,3.0,949111535
229,587,3.0,838144399
230,587,2.5,1196304573
239,587,3.5,1221158946
262,587,2.0,840305728
263,587,4.0,941591926
268,587,1.0,940182508
273,587,3.0,838649593
275,587,3.0,1049076150
282,587,3.5,1378497040
283,587,2.0,901228364
288,587,3.0,976139854
292,587,3.5,1265680435
294,587,2.0,966596072
297,587,1.0,900872295
301,587,3.5,1211378329
307,587,2.0,1186161012
314,587,4.0,834241492
321,587,3.0,843212550
325,587,3.0,1039396639
330,587,3.5,1285905132
347,587,4.0,847645761
349,587,3.0,834751321
357,587,3.5,1348611267
359,587,4.0,1198112169
367,587,4.0,997812575
368,587,3.0,971275906
373,587,3.0,846830015
376,587,4.0,1364994218
379,587,3.0,847397499
380,587,3.0,1494803428
381,587,4.0,1165975429
384,587,3.0,994038784
385,587,2.0,834693117
391,587,3.0,1030944309
402,587,5.0,849601295
404,587,3.0,838375976
411,587,4.0,835532614
414,587,3.0,961438762
426,587,2.0,1451082176
432,587,4.5,1316391594
434,587,3.0,1270606790
436,587,4.0,833530470
437,587,3.0,859721815
446,587,3.0,843839290
447,587,5.0,836961086
448,587,3.0,1019127900
455,587,5.0,836436412
458,587,5.0,845653030
461,587,4.0,1505935387
470,587,5.0,849075432
474,587,3.0,979180575
476,587,4.0,835022003
477,587,3.0,1200940196
479,587,3.0,1039367658
480,587,3.5,1179177880
483,587,3.0,1178293343
489,587,4.0,1333101434
512,587,4.0,841449426
517,587,4.0,1487953284
523,587,4.5,1503126293
524,587,4.0,851608818
530,587,5.0,843227030
555,587,5.0,978746552
559,587,3.0,845475935
566,587,3.0,849005614
570,587,3.5,1181477306
580,587,1.5,1167790100
584,587,5.0,834988132
586,587,4.0,1529901788
587,587,5.0,953138653
589,587,5.0,856043304
592,587,4.0,837350221
594,587,5.0,1109036771
597,587,4.0,941559656
599,587,2.5,1498514478
600,587,3.0,1237715109
602,587,4.0,840875757
603,587,3.0,954482736
605,587,3.0,1277176617
606,587,4.0,1171407662
608,587,2.5,1117504319
4,588,4.0,945079670
5,588,4.0,847434801
6,588,5.0,845553146
7,588,3.0,1106635971
10,588,4.0,1455306173
15,588,3.0,1510577985
18,588,3.5,1455209912
19,588,3.0,965706337
20,588,5.0,1054038059
21,588,4.0,1407618992
31,588,5.0,850467365
33,588,5.0,939646939
38,588,3.0,841341195
39,588,4.0,974788841
40,588,4.0,832058897
43,588,5.0,848993660
45,588,5.0,950726248
46,588,5.0,834787677
52,588,5.0,1468051449
54,588,3.0,830247330
57,588,4.0,965796062
58,588,5.0,847718433
63,588,4.0,1443200252
64,588,4.0,1161520247
68,588,3.5,1158531766
76,588,0.5,1439168197
81,588,2.0,845299505
82,588,2.5,1084464970
86,588,4.0,1344082668
89,588,1.0,1520408342
91,588,3.5,1112711205
93,588,4.0,942766957
94,588,4.0,843406644
99,588,5.0,829828005
102,588,4.0,835875790
104,588,4.0,1048589315
109,588,3.0,841106402
111,588,4.5,1516156189
115,588,4.0,948322710
117,588,4.0,844162770
126,588,3.0,845925615
129,588,3.5,1167375395
130,588,2.0,832589546
132,588,3.5,1157921180
133,588,3.0,843490845
134,588,3.0,832841003
136,588,3.0,832449163
137,588,4.0,1204859525
140,588,3.0,942841791
141,588,4.0,1513130147
142,588,5.0,838932017
144,588,4.5,1137323457
145,588,4.0,832105183
155,588,3.0,961861778
166,588,5.0,1190827475
167,588,3.0,1154721960
169,588,5.0,1059427530
170,588,3.0,840472759
173,588,3.0,843397881
174,588,4.0,848486927
176,588,3.0,840108593
177,588,4.0,1435533563
181,588,4.0,845469325
185,588,4.0,1044311830
186,588,5.0,1031080921
200,588,4.0,1229877199
202,588,4.0,975015866
216,588,4.0,975211749
219,588,4.5,1194681069
220,588,5.0,1230055690
225,588,4.0,949111248
226,588,4.0,1095662615
230,588,2.0,1196304330
232,588,3.0,1077235202
234,588,5.0,1004409370
235,588,4.0,841422329
239,588,4.0,1221158088
240,588,4.0,849122096
242,588,3.0,834073077
243,588,3.0,837155068
247,588,5.0,1467843322
249,588,4.0,1353800716
255,588,2.0,1005717492
273,588,5.0,835799005
274,588,4.0,1171934614
279,588,2.0,1506395337
282,588,4.5,1378497425
284,588,5.0,832695146
288,588,4.0,978469358
292,588,4.0,1265680373
294,588,3.0,966595748
304,588,4.0,891173910
307,588,4.0,1186084593
314,588,3.0,834241349
319,588,5.0,1461351928
321,588,3.0,843212390
323,588,4.0,1422640382
328,588,3.5,1494212258
330,588,3.0,1285904964
347,588,4.0,847645591
349,588,4.0,834750363
353,588,3.0,831939590
354,588,3.5,1200870144
357,588,4.5,1348610257
372,588,4.0,874415991
374,588,3.0,849089070
380,588,5.0,1493474467
381,588,4.0,1164877236
382,588,5.0,1515160916
385,588,4.0,837949569
387,588,2.5,1094938228
394,588,2.0,838994173
395,588,2.0,841503441
401,588,3.0,1514346811
402,588,4.0,849654543
404,588,4.0,838375720
414,588,4.0,961438199
415,588,4.0,1382470291
420,588,4.0,1218041992
425,588,3.0,1085477310
426,588,4.5,1451187583
428,588,2.0,1111623145
429,588,5.0,828124615
434,588,4.0,1270604764
436,588,3.0,833529489
438,588,4.0,1105666138
446,588,3.0,843839149
447,588,5.0,836960630
453,588,5.0,1005966844
455,588,3.0,836435855
458,588,4.0,845651650
468,588,3.0,831400427
469,588,2.0,965425547
470,588,3.0,849074824
474,588,4.0,978576063
475,588,5.0,1498031529
476,588,5.0,835021342
477,588,3.0,1200939653
480,588,4.0,1179177801
483,588,4.0,1178293097
484,588,4.5,1342295790
485,588,4.0,837943261
486,588,3.0,839536954
489,588,3.5,1333101295
495,588,4.0,1458635600
498,588,5.0,839197218
500,588,4.0,1005528301
509,588,3.5,1435992627
512,588,3.0,841449233
514,588,4.0,1533872494
517,588,3.0,1487956665
522,588,4.0,1253344705
524,588,4.0,851608745
525,588,3.5,1476476589
527,588,5.0,1033175105
534,588,4.5,1459787997
538,588,5.0,1307846744
541,588,3.0,835642942
543,588,5.0,1377069262
554,588,5.0,944900147
556,588,5.0,1534321062
559,588,4.0,845475828
562,588,4.0,1368897501
563,588,4.0,1439933439
565,588,3.0,846533245
566,588,3.0,849005206
569,588,4.0,849190610
573,588,4.5,1186722460
574,588,5.0,834634408
580,588,2.0,1167673410
583,588,3.5,1481474263
584,588,4.0,834987064
586,588,4.5,1529903478
590,588,4.0,1258416644
592,588,5.0,837349868
593,588,3.5,1181007645
594,588,4.5,1109036651
597,588,4.0,941558405
599,588,3.0,1498523587
600,588,3.5,1237709466
604,588,3.0,832079796
605,588,3.5,1277096156
608,588,3.0,1117408230
5,589,3.0,847435258
6,589,3.0,845553317
7,589,2.5,1106635940
11,589,4.0,902154266
15,589,5.0,1510572012
17,589,4.5,1305696475
18,589,4.5,1455209793
19,589,5.0,965710720
21,589,3.5,1418846818
28,589,4.5,1234515689
30,589,3.5,1500370430
33,589,4.0,939647370
34,589,3.5,1163954746
39,589,4.0,974788030
43,589,5.0,848993769
45,589,5.0,950726569
51,589,5.0,1230929287
54,589,3.0,839921161
56,589,4.0,835799330
57,589,4.0,965798703
58,589,4.0,847718617
59,589,4.0,953609167
63,589,4.0,1443199783
64,589,4.0,1161520454
66,589,4.0,1104643949
67,589,3.5,1501273841
68,589,3.5,1158531164
69,589,4.0,1021643884
71,589,3.0,864739946
72,589,4.5,1217324801
75,589,4.5,1158989827
76,589,3.5,1439168185
78,589,4.5,1252574790
79,589,5.0,975282037
81,589,5.0,845299844
82,589,4.5,1084467724
91,589,4.0,1112711446
94,589,4.0,843406765
95,589,4.0,1043340485
96,589,5.0,964772731
102,589,4.0,835876272
105,589,4.0,1446571832
109,589,3.0,841107487
115,589,5.0,958574098
116,589,4.0,1337199708
117,589,4.0,844162870
122,589,5.0,1461561440
125,589,4.0,1474289503
126,589,3.0,845925822
133,589,3.0,843491249
135,589,4.0,1009691144
137,589,3.5,1204859360
142,589,3.0,838933753
144,589,2.0,1137323405
149,589,3.0,902084874
160,589,5.0,1065992580
164,589,5.0,999708174
173,589,3.0,843397975
174,589,4.0,848487003
176,589,5.0,840108684
178,589,4.0,1164355211
179,589,5.0,840907616
182,589,2.0,1066331268
183,589,5.0,992331396
186,589,5.0,1031079431
195,589,3.0,974705726
197,589,5.0,947462047
198,589,3.0,1034136119
199,589,3.5,1057590366
201,589,5.0,941211417
202,589,5.0,974921268
208,589,4.0,940639452
210,589,4.0,1473882015
212,589,4.0,1523216806
213,589,5.0,1316195637
217,589,3.0,955935174
219,589,4.5,1194686309
220,589,5.0,1230055442
221,589,4.5,1118247104
226,589,4.0,1095662601
227,589,3.5,1447209993
229,589,5.0,836942292
230,589,0.5,1196304248
231,589,5.0,1433089491
232,589,4.0,1218165737
235,589,4.0,841422428
239,589,3.5,1221158171
240,589,4.0,849122226
243,589,4.0,837155208
244,589,4.0,975090685
246,589,5.0,1354126692
247,589,3.5,1467644318
249,589,4.0,1346758213
254,589,4.0,1180446276
265,589,4.0,965314811
266,589,4.0,945670028
267,589,5.0,994467801
272,589,3.5,1533490657
273,589,5.0,835861286
274,589,4.5,1171409970
279,589,4.0,1506394357
282,589,4.5,1378490390
284,589,5.0,832695327
288,589,4.0,976139234
292,589,4.0,973817064
297,589,3.0,900871988
298,589,4.0,1447584415
301,589,0.5,1211377464
302,589,4.0,854473232
303,589,5.0,1053303177
304,589,5.0,891173460
305,589,5.0,1460135760
307,589,2.5,1186160891
308,589,1.0,1421373786
311,589,3.0,1057854702
312,589,4.0,1043177724
313,589,5.0,1030474705
314,589,5.0,834241492
317,589,4.0,1430366011
321,589,3.0,843212493
328,589,1.0,1494211122
330,589,3.5,1285904902
332,589,3.5,1352672321
334,589,4.0,1234629873
335,589,5.0,1261542367
336,589,5.0,1122227440
340,589,4.0,848666436
347,589,3.0,847645719
349,589,4.0,834751082
354,589,4.5,1200870466
357,589,3.5,1348611029
359,589,3.0,1198112012
361,589,3.5,1204045263
362,589,4.0,1530637370
366,589,4.0,1445546504
368,589,3.0,975805197
370,589,4.0,1159162840
372,589,4.0,874415666
373,589,3.0,846829968
376,589,5.0,1364933317
379,589,4.0,847397421
380,589,5.0,1493473853
381,589,2.5,1164877216
385,589,5.0,834691845
386,589,3.0,842610286
387,589,3.5,1094877577
391,589,4.0,1030826859
393,589,0.5,1430505921
395,589,3.0,841503627
399,589,2.5,1167220410
402,589,5.0,849601295
411,589,3.0,835532449
414,589,5.0,961514698
423,589,5.0,1155285869
424,589,2.0,1457844832
425,589,3.5,1085477224
428,589,2.5,1111489768
432,589,3.5,1316391448
434,589,4.5,1271576437
436,589,4.0,833530204
438,589,5.0,1105649725
439,589,3.5,1436943901
441,589,5.0,1449070704
444,589,4.0,839311109
446,589,5.0,843839250
447,589,4.0,836961016
448,589,3.0,1019124194
450,589,5.0,974704982
452,589,5.0,1013394732
453,589,5.0,1005967918
455,589,3.0,836436146
458,589,3.0,845651796
462,589,2.5,1154037648
464,589,5.0,1287399128
469,589,4.0,965333794
470,589,5.0,849075196
474,589,4.0,1111499815
475,589,5.0,1498031516
476,589,5.0,835022128
477,589,5.0,1200939634
480,589,4.5,1179177674
483,589,4.0,1178215130
486,589,5.0,839537220
489,589,3.5,1334170029
493,589,4.0,1001562662
494,589,5.0,1001666641
507,589,3.0,838964703
512,589,3.0,841449359
514,589,4.0,1533872281
520,589,4.5,1326608959
524,589,5.0,851608875
528,589,4.0,1391736600
532,589,4.0,1025523716
536,589,3.0,832840384
540,589,4.5,1179108594
541,589,3.0,835643205
546,589,5.0,973588403
549,589,3.0,1464282651
551,589,4.0,1504925901
555,589,5.0,978841345
559,589,4.0,845475917
560,589,3.0,1469652670
561,589,4.0,1491090844
562,589,4.5,1368894027
570,589,4.0,1181476984
573,589,5.0,1186722180
580,589,4.0,1167790721
584,589,5.0,834987989
586,589,5.0,1529899916
588,589,3.0,839316350
590,589,4.5,1258416631
592,589,5.0,837350111
594,589,5.0,1109036592
596,589,3.0,1535709683
597,589,5.0,940421094
599,589,4.5,1498459510
600,589,3.0,1237859381
602,589,5.0,840875667
605,589,3.5,1277097552
606,589,3.5,1171325855
607,589,4.0,963078960
608,589,3.0,1117415154
609,589,3.0,847220990
610,589,5.0,1479542983
1,590,4.0,964982546
5,590,5.0,847434747
6,590,5.0,845553109
8,590,5.0,839463422
14,590,4.0,835440977
17,590,4.5,1305696492
18,590,4.0,1455209837
27,590,4.0,962685883
28,590,4.0,1242290279
35,590,5.0,830940157
37,590,4.0,845239388
38,590,4.0,841341161
40,590,4.0,832058854
42,590,4.0,996218404
43,590,4.0,848993627
45,590,4.0,1091305624
46,590,5.0,834787617
47,590,3.5,1496208604
54,590,3.0,830247106
57,590,3.0,965798313
58,590,3.0,847718380
64,590,5.0,1161520062
66,590,4.5,1104643930
68,590,4.0,1158531481
72,590,4.0,1217324799
78,590,2.0,1252575130
82,590,3.5,1084467708
84,590,4.0,858772306
86,590,4.0,1344082811
91,590,3.5,1112713201
93,590,5.0,942946091
94,590,4.0,843406616
100,590,4.0,1100184825
102,590,4.0,835875690
103,590,4.0,1431957038
107,590,5.0,832003609
109,590,3.0,841107357
115,590,3.0,944951378
116,590,4.5,1337199720
117,590,4.0,844162743
118,590,4.0,944923926
121,590,4.0,847655899
126,590,4.0,845925577
130,590,3.0,832589516
133,590,2.0,843490780
134,590,5.0,832840928
136,590,3.0,832449136
137,590,3.5,1204859340
140,590,5.0,942842894
142,590,4.0,838931919
144,590,5.0,1137323386
145,590,4.0,832105148
156,590,3.5,1106854617
162,590,4.0,836488863
170,590,4.0,840380828
172,590,3.5,1291065643
174,590,4.0,848486904
176,590,4.0,840108527
178,590,4.5,1164355043
179,590,4.0,840907313
181,590,3.0,845469280
182,590,4.5,1054781599
187,590,1.0,1180300979
192,590,4.0,835128551
200,590,3.5,1229886699
202,590,4.0,974923177
203,590,5.0,1390095352
217,590,4.0,955942041
220,590,5.0,1230060212
221,590,3.5,1118247093
223,590,3.0,1226209783
226,590,2.0,1095662587
229,590,3.0,836941249
230,590,2.5,1196304229
234,590,4.0,1004408972
235,590,4.0,841422308
239,590,4.0,1221158384
240,590,4.0,849122058
242,590,3.0,834073039
254,590,4.0,1180446330
265,590,3.0,965316589
273,590,2.0,835798984
274,590,4.0,1223263012
284,590,4.0,832695048
288,590,5.0,978467753
292,590,3.0,1265680359
294,590,3.0,966633851
304,590,5.0,891173095
305,590,4.5,1511718975
307,590,3.0,1186160889
314,590,2.0,834241286
318,590,3.5,1291398287
330,590,4.0,1285904939
332,590,4.5,1352673463
340,590,5.0,848666338
347,590,3.0,847645537
348,590,4.0,1378851576
349,590,4.0,834750598
352,590,5.0,1493932117
353,590,4.0,831939568
357,590,3.5,1348612053
359,590,4.0,1198112005
372,590,3.0,874417021
373,590,4.0,846829840
374,590,3.0,849089035
376,590,3.5,1364958528
379,590,5.0,847397201
385,590,3.0,834691537
386,590,2.0,842610161
387,590,3.0,1117356499
390,590,3.5,1250341433
394,590,2.0,838994123
395,590,3.0,841503392
404,590,4.0,838375694
411,590,5.0,835531951
414,590,4.0,961513509
425,590,4.0,1085477182
428,590,2.0,1111623386
429,590,5.0,828124615
432,590,4.5,1316391470
437,590,5.0,859721360
438,590,3.0,1105649737
445,590,3.5,1454622055
446,590,4.0,843839122
447,590,3.0,836960589
448,590,3.0,1019125259
455,590,4.0,836435810
458,590,2.0,845651602
464,590,5.0,1275549373
468,590,5.0,831400405
469,590,4.0,965846465
470,590,4.0,849074736
474,590,3.5,1100292189
476,590,5.0,835021273
480,590,5.0,1179161349
485,590,5.0,837943215
489,590,4.0,1333101281
498,590,3.0,839197204
507,590,3.0,838964549
512,590,3.0,841449201
527,590,5.0,1033175729
530,590,5.0,843226667
531,590,3.0,1032961880
536,590,3.0,832839783
541,590,5.0,835642917
562,590,2.5,1368893701
565,590,5.0,846533209
566,590,4.0,849005088
569,590,4.0,849190587
572,590,5.0,945888641
577,590,5.0,945965737
580,590,4.0,1167862031
584,590,5.0,834987019
587,590,5.0,953141749
588,590,3.0,839316050
589,590,5.0,856043304
590,590,3.0,1258420432
592,590,4.0,837349826
602,590,3.0,840875508
603,590,3.0,963177385
605,590,3.0,1277097584
606,590,4.0,1171231406
608,590,3.0,1117162615
609,590,4.0,847220802
1,592,4.0,964982271
5,592,3.0,847434747
6,592,3.0,845553109
7,592,3.0,1106635922
8,592,3.0,839463422
14,592,2.0,835440976
17,592,4.5,1305696480
19,592,5.0,965709445
21,592,3.5,1419795406
26,592,4.0,836950245
28,592,2.5,1234516064
32,592,5.0,856737044
35,592,4.0,830939391
37,592,3.0,845239387
38,592,4.0,841341160
39,592,4.0,974789632
40,592,4.0,832058854
42,592,3.0,996258232
43,592,5.0,848993627
46,592,3.0,834787617
54,592,3.0,830247106
56,592,3.0,835799034
57,592,4.0,969753766
58,592,3.0,847718380
63,592,4.0,1443201079
66,592,4.0,1104643920
68,592,4.0,1158531159
75,592,3.5,1158989896
81,592,3.0,845299424
82,592,3.5,1084467713
84,592,3.0,860397582
91,592,5.0,1112713199
94,592,3.0,843406616
99,592,4.0,829828005
100,592,4.0,1100184812
102,592,3.0,835875690
104,592,3.0,1113078373
109,592,4.0,841106309
115,592,5.0,957647972
117,592,3.0,844162743
121,592,3.0,847655899
122,592,4.5,1461562201
126,592,3.0,845925577
130,592,3.0,832589516
132,592,2.0,1157920531
133,592,3.0,843490780
134,592,3.0,832840928
135,592,5.0,1009693068
136,592,4.0,832449136
142,592,3.0,838931919
144,592,3.5,1137323378
145,592,3.0,832105148
155,592,3.0,961861424
160,592,4.0,971113741
162,592,4.0,836488862
164,592,3.0,999708325
165,592,4.0,1046741972
166,592,3.5,1189037864
167,592,3.0,1154721571
170,592,3.0,840380827
171,592,5.0,866905240
173,592,3.0,843397856
174,592,5.0,848486904
176,592,3.0,840108527
177,592,3.0,1435533554
179,592,3.0,840907313
181,592,2.0,845469279
182,592,3.5,1054781098
183,592,3.0,992331596
186,592,4.0,1031087870
197,592,5.0,947462092
198,592,3.0,1034135137
199,592,3.0,1024884741
201,592,3.0,939226657
202,592,3.0,974918657
217,592,2.0,955936019
219,592,3.5,1199581514
229,592,3.0,836941246
230,592,3.0,1196304416
234,592,4.0,1004408071
235,592,3.0,841422308
240,592,3.0,849122058
242,592,3.0,834073039
243,592,3.0,837155039
254,592,2.5,1180446258
265,592,3.0,965318032
266,592,4.0,945670386
273,592,3.0,835798984
274,592,3.0,1177260697
282,592,3.5,1378496919
284,592,5.0,832695048
288,592,3.0,976138271
292,592,3.5,1265680327
294,592,3.0,966597566
298,592,3.5,1450360483
305,592,2.5,1491242731
307,592,4.0,1186085959
313,592,5.0,1030476552
314,592,3.0,834241286
321,592,4.0,843212359
328,592,2.0,1494210757
330,592,4.0,1285904895
335,592,5.0,1261542361
339,592,2.5,1460182570
340,592,5.0,848666337
347,592,3.0,847645537
353,592,4.0,831939568
354,592,4.0,1200870234
357,592,3.0,1348612045
362,592,4.5,1530640121
368,592,3.0,975829046
370,592,4.0,1159162833
371,592,4.0,1407692720
372,592,3.0,874416699
373,592,3.0,846829840
374,592,3.0,849089035
379,592,3.0,847397201
380,592,3.0,1494803413
385,592,3.0,834691537
386,592,1.0,842610160
387,592,4.0,1095040461
391,592,4.0,1032388911
394,592,3.0,838994123
395,592,3.0,841504279
411,592,3.0,835531951
414,592,4.0,961515727
425,592,3.5,1085477178
428,592,3.0,1111524337
429,592,5.0,828124615
436,592,3.0,833529409
437,592,3.0,859721399
438,592,4.0,1105650447
444,592,3.0,839310604
446,592,3.0,843839121
447,592,3.0,836960587
448,592,3.0,1118166857
452,592,5.0,1019580705
455,592,3.0,836435808
458,592,3.0,845651602
462,592,3.0,1269928992
468,592,3.0,831400406
469,592,3.0,965334034
470,592,3.0,849074736
474,592,4.0,1002928730
475,592,5.0,1498031523
476,592,4.0,835021272
480,592,4.5,1179177615
482,592,4.0,1105396859
483,592,3.5,1178215116
485,592,3.0,837943215
486,592,4.0,839536920
489,592,4.0,1334170003
493,592,4.0,1001562900
498,592,3.0,839197204
514,592,2.5,1533872886
517,592,3.0,1487957995
524,592,3.0,851609280
530,592,4.0,843227185
534,592,4.0,1459787996
536,592,2.0,832839783
541,592,3.0,835642917
555,592,3.0,978749155
559,592,3.0,845475789
561,592,4.5,1491091082
565,592,2.0,846533209
566,592,3.0,849005083
569,592,3.0,849190587
573,592,4.5,1186722177
574,592,3.0,834634383
577,592,2.0,945967440
580,592,3.0,1167674576
584,592,3.0,834987019
588,592,2.0,839316049
590,592,3.5,1258420402
592,592,5.0,837349824
594,592,4.5,1109036549
596,592,3.5,1535709911
597,592,4.0,941639892
599,592,3.5,1498501127
600,592,2.5,1237760730
602,592,4.0,840875507
603,592,2.0,953928090
604,592,4.0,832080778
605,592,3.0,1277097272
606,592,3.5,1349082957
607,592,3.0,963078983
608,592,3.0,1117162346
609,592,3.0,847220802
610,592,4.5,1479545848
1,593,4.0,964983793
4,593,5.0,964539986
6,593,4.0,845553174
7,593,5.0,1106635912
8,593,4.0,839463470
11,593,5.0,902155102
14,593,4.0,835441086
16,593,3.0,1377476977
17,593,4.5,1305696461
18,593,4.5,1455050067
24,593,4.5,1458941983
26,593,4.0,836950379
28,593,2.5,1234570144
32,593,5.0,856737081
33,593,5.0,939647370
37,593,5.0,845239426
38,593,3.0,841341220
39,593,5.0,974788030
41,593,4.0,1458933734
42,593,5.0,996217838
45,593,4.0,951756812
46,593,5.0,834787906
47,593,2.0,1496205249
50,593,3.5,1514237974
51,593,5.0,1230931534
54,593,4.0,839920981
56,593,5.0,835799139
57,593,5.0,965796656
59,593,5.0,953610203
61,593,4.0,1145532720
62,593,5.0,1521488571
64,593,5.0,1161520116
66,593,4.0,1093747465
68,593,3.5,1158531247
69,593,5.0,1021646944
72,593,4.5,1217324766
76,593,3.5,1439165545
78,593,3.0,1252575111
80,593,5.0,1377473779
84,593,5.0,857653593
91,593,4.5,1112712144
93,593,5.0,942947265
94,593,3.0,843406685
97,593,5.0,1043382047
98,593,4.5,1532457756
102,593,4.0,835875943
103,593,5.0,1431954229
105,593,4.5,1446571795
109,593,4.0,841106453
111,593,0.5,1516140707
112,593,4.0,1442535629
113,593,4.0,980051263
114,593,3.0,1485387708
115,593,5.0,966978103
116,593,2.0,1337199284
117,593,5.0,844162770
122,593,5.0,1461561148
123,593,4.0,1447291739
124,593,4.0,1336423449
125,593,4.0,1474296735
126,593,3.0,845925615
128,593,5.0,899032763
131,593,4.0,1349840279
132,593,3.5,1329983852
133,593,3.0,843490862
134,593,5.0,832841244
135,593,5.0,1009691122
136,593,3.0,832449522
137,593,4.0,1204859748
140,593,4.0,949666792
142,593,5.0,838932386
144,593,4.5,1136812654
152,593,4.5,1450572448
156,593,4.0,1106854598
160,593,2.0,971113259
166,593,4.0,1188774626
167,593,2.5,1154723087
170,593,4.0,840380905
171,593,5.0,866905241
172,593,4.0,1290913671
176,593,5.0,840108739
177,593,5.0,1435533526
178,593,4.5,1164354905
179,593,4.0,840907418
181,593,3.0,845469365
182,593,4.5,1054783612
186,593,5.0,1031073519
187,593,4.0,1161850098
189,593,4.0,1439465116
192,593,3.0,835128912
193,593,3.5,1435856893
198,593,4.0,1034136028
199,593,4.0,940372348
201,593,5.0,939832910
202,593,5.0,974912341
204,593,4.5,1327183499
209,593,4.5,1524522197
212,593,3.5,1490114708
215,593,3.0,1260908703
219,593,4.5,1194686039
221,593,4.0,1111176258
223,593,2.5,1226209646
224,593,4.0,971812319
227,593,4.5,1447189848
229,593,4.0,836942674
230,593,3.0,1196304314
231,593,4.0,1433089510
233,593,4.5,1448816574
235,593,5.0,841422350
238,593,3.0,1007930943
239,593,3.5,1221158095
241,593,4.5,1447536097
242,593,5.0,834073153
244,593,4.0,975073808
247,593,4.0,1467644099
249,593,4.0,1346758020
251,593,5.0,1470676695
254,593,4.0,1180446078
256,593,4.5,1446579926
262,593,2.0,840305605
263,593,5.0,940384199
265,593,5.0,965316107
267,593,5.0,959809124
273,593,5.0,835799051
274,593,4.0,1171409513
275,593,5.0,1049078210
279,593,4.0,1506394242
282,593,4.0,1378490038
283,593,4.0,901227415
286,593,4.0,1119561929
288,593,5.0,976120853
290,593,4.0,975031129
292,593,3.0,1293562311
293,593,4.0,1044870756
297,593,4.0,900871748
300,593,4.0,1425351824
304,593,4.0,891173825
305,593,5.0,1460135280
307,593,4.5,1186088046
313,593,5.0,1030474503
314,593,3.0,834242030
317,593,5.0,1430361433
318,593,4.0,1266783425
321,593,4.0,843212424
325,593,5.0,1039396077
326,593,4.5,1419880470
329,593,2.0,1523468340
330,593,5.0,1285903848
331,593,5.0,1537157523
332,593,4.5,1352672206
335,593,3.5,1261542343
336,593,5.0,1122227331
338,593,4.0,1530148318
339,593,5.0,1460519027
343,593,4.5,1202060833
348,593,5.0,1378850297
349,593,5.0,834750723
351,593,4.5,1326028138
352,593,4.0,1493931966
353,593,5.0,831940167
354,593,4.0,1200870268
357,593,4.5,1348610433
359,593,4.5,1198111963
361,593,2.5,1204045229
362,593,5.0,1530637220
365,593,0.5,1488332713
367,593,5.0,997811156
368,593,4.0,971275360
370,593,4.0,1159162622
372,593,4.0,874414916
373,593,5.0,846829884
378,593,4.5,1445345929
380,593,5.0,1493473943
382,593,5.0,1515160658
385,593,3.0,834693560
386,593,4.0,842610203
387,593,4.0,1094876941
391,593,3.0,1030824540
399,593,4.5,1167220350
400,593,5.0,1498870393
402,593,5.0,849601250
404,593,4.0,838375784
409,593,4.0,969058201
410,593,3.0,990729145
411,593,5.0,835532100
412,593,4.0,939114647
413,593,5.0,1484439762
414,593,4.0,961516659
415,593,5.0,1382470033
417,593,4.0,1530384935
418,593,4.0,1461865700
419,593,3.0,1321659439
421,593,5.0,1311494584
424,593,4.0,1457842433
425,593,4.0,1085477160
428,593,2.5,1111489562
432,593,4.0,1315244942
433,593,4.0,1506823947
434,593,4.0,1270604152
436,593,3.0,833529621
441,593,4.5,1449070651
443,593,3.5,1420236772
444,593,5.0,832672087
445,593,4.0,1454621794
446,593,5.0,843839169
447,593,4.0,836960762
448,593,5.0,1019132717
451,593,5.0,854285151
453,593,4.0,972621207
455,593,5.0,836435930
461,593,4.0,1505935264
462,593,3.5,1123891493
464,593,5.0,1287399083
465,593,5.0,959895941
467,593,1.0,919672054
469,593,4.0,965661952
474,593,4.5,1087831816
477,593,5.0,1200939621
479,593,4.0,1039362375
480,593,4.5,1179160242
485,593,5.0,837943320
486,593,3.0,839537094
487,593,2.5,1428650184
488,593,4.5,1112382730
489,593,4.0,1333101253
490,593,4.0,1334940334
497,593,4.0,1429127162
503,593,3.5,1335219285
505,593,5.0,1298780205
507,593,3.0,838964592
510,593,3.5,1141160570
512,593,5.0,841449258
513,593,4.0,1159980612
514,593,5.0,1533871755
517,593,3.0,1487953156
524,593,4.0,851608746
525,593,3.5,1476481468
526,593,4.0,1502131895
527,593,5.0,1033173303
528,593,4.0,1391735957
530,593,4.0,843226768
531,593,5.0,1032961647
532,593,4.0,1025570401
534,593,4.0,1459787998
536,593,4.0,832839896
541,593,4.0,835643013
551,593,4.5,1504321002
554,593,5.0,944902412
555,593,5.0,978747817
558,593,4.0,1035415332
560,593,4.0,1469647247
561,593,4.0,1491090874
562,593,5.0,1368892330
568,593,5.0,1253767280
572,593,4.0,945886790
573,593,4.5,1248842982
574,593,5.0,834634504
577,593,4.0,945966689
580,593,4.5,1167790851
582,593,4.0,1463474228
583,593,2.5,1481474404
584,593,4.0,834987643
588,593,5.0,839316145
589,593,5.0,856045407
590,593,3.5,1258420374
592,593,5.0,837349925
593,593,4.0,1181007635
594,593,5.0,1109036554
596,593,4.0,1535709555
598,593,0.5,1430616982
599,593,3.0,1498519279
600,593,4.0,1237858985
602,593,5.0,840875558
603,593,5.0,963179273
604,593,5.0,832080562
606,593,4.5,1171231373
607,593,5.0,964743922
608,593,4.0,1117162597
610,593,4.5,1479545819
5,594,5.0,847435238
6,594,4.0,845553819
20,594,5.0,1054038083
39,594,3.0,974788841
43,594,5.0,848994152
45,594,4.0,950726215
57,594,4.0,965796004
58,594,5.0,847719035
68,594,3.0,1158532827
91,594,3.0,1112711217
100,594,3.0,1100183782
104,594,4.0,1048590891
115,594,3.0,944958085
117,594,4.0,844163204
132,594,3.0,1157922805
160,594,5.0,971619022
167,594,3.0,1154723252
169,594,4.5,1070250167
170,594,3.0,840473217
177,594,4.0,1435539811
186,594,4.0,1031079112
188,594,4.0,962560143
216,594,4.0,975211749
217,594,3.0,955942540
226,594,3.0,1095662832
232,594,2.5,1182910233
234,594,5.0,1004409582
235,594,4.0,841422693
240,594,3.0,849122594
257,594,3.5,1141625101
262,594,4.0,840306002
274,594,3.0,1171493418
288,594,4.5,1079984321
289,594,3.5,1143424605
292,594,3.0,1360446303
307,594,2.5,1186161562
314,594,3.0,834398772
318,594,3.5,1256504618
328,594,4.0,1494210570
330,594,3.0,1285905419
357,594,4.0,1348612277
373,594,5.0,846830279
380,594,4.0,1494803505
381,594,2.0,1166972089
385,594,3.0,834694144
414,594,4.0,961518937
436,594,4.0,833530707
438,594,4.0,1105911897
446,594,4.0,843839522
447,594,4.0,836961903
448,594,4.0,1019126687
474,594,3.0,983032069
476,594,4.0,835021778
477,594,3.0,1200940039
478,594,3.5,1121467296
480,594,3.5,1179178970
484,594,5.0,1342299220
489,594,3.5,1334170654
500,594,3.0,1005528236
509,594,3.0,1435992651
517,594,3.5,1487956860
523,594,4.0,1503126413
525,594,1.5,1476476724
541,594,5.0,835643759
542,594,4.0,1163386465
552,594,4.0,1111472928
554,594,3.0,944900237
559,594,3.0,845476142
583,594,2.0,1481474431
590,594,5.0,1258416935
592,594,3.0,837350487
594,594,4.0,1108798815
599,594,3.5,1498501494
600,594,3.0,1237742642
605,594,3.0,1277175753
606,594,3.5,1184619962
608,594,2.5,1147211020
4,595,3.0,986848609
5,595,5.0,847434832
6,595,5.0,845553174
7,595,3.5,1106712636
18,595,3.0,1455209900
20,595,5.0,1054038060
27,595,4.0,962685262
35,595,3.0,830939438
38,595,4.0,841341220
40,595,3.0,832058930
41,595,4.0,1459367521
43,595,5.0,848993693
45,595,5.0,950726248
46,595,5.0,834787757
54,595,3.0,830247389
57,595,5.0,965796080
58,595,5.0,847718461
63,595,3.0,1443201091
64,595,3.5,1161520447
68,595,4.5,1158531532
82,595,3.0,1084467752
83,595,3.5,1334193300
86,595,4.0,1344083094
91,595,3.0,1112711215
103,595,3.0,1431957062
104,595,5.0,1048589291
111,595,3.0,1518661479
115,595,4.0,948322663
117,595,4.0,844162793
121,595,3.0,847655945
126,595,4.0,845925656
130,595,2.0,832589583
132,595,4.5,1329983927
134,595,5.0,832841046
136,595,3.0,832449197
140,595,5.0,942840991
142,595,4.0,838932132
145,595,4.0,832105216
160,595,3.0,971619114
167,595,3.5,1154723174
169,595,5.0,1059427515
170,595,3.0,840380904
173,595,3.0,843397907
174,595,3.0,848486943
177,595,5.0,1435720619
178,595,2.0,1164355264
181,595,4.0,845469365
185,595,4.0,1044311830
186,595,5.0,1031079112
202,595,4.0,975015866
216,595,5.0,975211713
219,595,2.5,1218210249
223,595,3.5,1226209752
226,595,2.5,1095662641
230,595,2.0,1196304443
232,595,3.0,1182910034
235,595,5.0,841422350
239,595,3.0,1221158220
240,595,3.0,849122129
243,595,3.0,837155088
249,595,4.0,1356439499
264,595,4.0,1136978553
273,595,5.0,835799024
274,595,3.0,1171428391
280,595,4.5,1348532133
284,595,4.0,832695208
288,595,4.0,978469199
290,595,4.0,974939593
292,595,4.5,1265680396
304,595,5.0,891173910
307,595,3.0,1186086099
314,595,3.0,834398253
318,595,3.5,1237233396
319,595,4.0,1461351972
321,595,3.0,843212424
328,595,3.0,1494210785
330,595,2.5,1285905018
334,595,3.5,1225480814
340,595,4.0,848666375
347,595,4.0,847645635
349,595,3.0,834750625
353,595,4.0,831939669
357,595,4.0,1348610704
372,595,4.0,874415516
374,595,3.0,849089103
375,595,3.0,1225314365
380,595,4.0,1494803415
381,595,3.0,1168662656
385,595,3.0,834691601
387,595,2.0,1095040477
391,595,3.0,1032389209
394,595,2.0,838994211
395,595,3.0,841503488
401,595,3.0,1515527826
414,595,3.0,961518975
426,595,4.0,1451187515
429,595,5.0,828124615
432,595,4.0,1316391532
436,595,3.0,833529522
438,595,4.0,1105666178
444,595,4.0,832669131
446,595,4.0,843839168
447,595,4.0,836960662
455,595,3.0,836435894
458,595,5.0,845651670
468,595,5.0,831400444
470,595,3.0,849074900
474,595,5.0,1100119595
476,595,5.0,835021384
477,595,3.0,1200944420
480,595,3.0,1179160788
483,595,3.5,1178293242
484,595,5.0,1342295880
488,595,4.5,1112382772
489,595,4.0,1333101333
500,595,4.0,1005528236
507,595,3.0,838964592
509,595,3.5,1436000042
512,595,4.0,841449258
514,595,4.0,1533948940
517,595,4.0,1487956653
525,595,3.5,1476476592
527,595,5.0,1033174224
538,595,5.0,1307846730
541,595,3.0,835642969
543,595,5.0,1377069294
554,595,3.0,944900147
559,595,3.0,845475849
562,595,3.0,1368897333
563,595,4.0,1439933444
569,595,4.0,849190632
573,595,4.5,1248841986
574,595,4.0,834634443
579,595,5.0,958881086
583,595,4.0,1481474427
584,595,5.0,834987145
590,595,4.5,1258420518
592,595,5.0,837349901
593,595,3.5,1181008069
594,595,5.0,1109036676
596,595,4.0,1535709725
599,595,3.5,1498797790
600,595,3.0,1237712468
604,595,3.0,832079820
605,595,4.0,1277097352
608,595,2.5,1117504304
1,596,5.0,964982838
5,596,5.0,847435292
6,596,3.0,845554141
15,596,2.0,1510578088
20,596,4.5,1054038175
39,596,3.0,974788629
43,596,5.0,848994332
50,596,2.0,1514238575
57,596,4.0,965796004
58,596,4.0,847719271
64,596,4.0,1161559642
68,596,2.0,1158533784
103,596,4.5,1431957572
117,596,4.0,844163454
132,596,2.0,1157923028
147,596,3.0,1203267730
160,596,4.0,971619022
161,596,3.5,1176498540
168,596,4.5,1306793334
171,596,5.0,866905707
177,596,3.0,1435540218
181,596,3.0,845470175
202,596,4.0,975015867
226,596,3.0,1095662283
232,596,2.5,1182910339
240,596,3.0,849122774
274,596,3.5,1171785488
288,596,3.5,1054568961
307,596,2.5,1186161902
318,596,3.5,1342597176
328,596,4.0,1494210927
357,596,4.0,1348627644
373,596,5.0,846830457
380,596,4.0,1494803583
381,596,3.5,1167542956
385,596,3.0,842892454
395,596,3.0,841504867
414,596,4.0,961518975
436,596,4.0,833531134
448,596,4.0,1019126674
474,596,2.0,1047055015
476,596,5.0,835021800
484,596,5.0,1342299287
488,596,0.5,1112381859
502,596,4.5,1111757243
509,596,2.5,1436000088
514,596,4.0,1533872889
517,596,3.5,1487956672
525,596,1.5,1476480464
534,596,4.0,1459787996
542,596,4.5,1163386606
559,596,3.0,845476276
561,596,4.0,1491091223
579,596,3.0,958881212
590,596,4.0,1264910831
599,596,3.5,1498797808
600,596,2.5,1237713508
605,596,2.5,1277175784
606,596,3.0,1171841463
608,596,0.5,1117161800
5,597,3.0,847434962
6,597,4.0,845553354
8,597,3.0,839463728
10,597,3.5,1455357645
13,597,3.0,987456968
14,597,3.0,835441431
19,597,3.0,965706967
21,597,4.0,1407617864
38,597,2.0,841341384
41,597,3.0,1458938948
42,597,5.0,996218906
43,597,5.0,848993817
45,597,3.0,951170238
47,597,3.0,1496209349
51,597,3.5,1230931528
57,597,3.0,972174733
58,597,5.0,847718674
64,597,3.5,1161520504
68,597,4.5,1158532014
84,597,3.0,858772370
91,597,2.5,1112711248
94,597,2.0,843406866
100,597,4.5,1100184340
104,597,4.0,1048590395
109,597,3.0,841107643
111,597,4.0,1516154072
113,597,4.0,980051777
116,597,4.5,1337199369
117,597,3.0,844162913
121,597,3.0,847656027
129,597,4.0,1167376309
140,597,5.0,949667232
143,597,3.0,1444880207
144,597,3.0,1137323554
153,597,0.5,1525552912
156,597,4.0,1106854735
159,597,4.0,1508640293
166,597,3.5,1190828637
169,597,4.0,1059427973
170,597,4.0,840381092
173,597,3.0,843398030
174,597,4.0,848487060
177,597,4.5,1435890508
181,597,4.0,845469555
182,597,3.5,1120879611
187,597,1.5,1161872593
198,597,3.0,1034138959
199,597,3.0,940544622
200,597,5.0,1229886223
201,597,5.0,939226161
229,597,3.0,838144399
230,597,4.0,1196304511
232,597,3.5,1182907614
235,597,4.0,841422477
239,597,4.0,1221158197
263,597,4.0,941591926
273,597,4.0,838649593
280,597,4.0,1348531983
282,597,3.5,1378490525
286,597,3.5,1119562925
288,597,3.0,976140083
292,597,3.5,1265680418
294,597,1.0,966596492
301,597,4.0,1211378111
304,597,4.0,947131768
307,597,3.0,1186160989
314,597,3.0,834241757
321,597,3.0,843212641
322,597,3.0,1217676274
325,597,2.0,1039399548
330,597,4.0,1285905063
334,597,3.5,1234629934
347,597,4.0,847645761
349,597,5.0,834751321
351,597,3.5,1326106838
354,597,3.5,1200870472
357,597,4.0,1348611264
375,597,3.0,1225314361
379,597,3.0,847397499
381,597,4.0,1164877296
387,597,2.5,1095040489
395,597,4.0,841503793
402,597,4.0,849601295
404,597,3.0,838376006
410,597,4.0,990910776
411,597,3.0,835532614
414,597,3.0,961438502
425,597,3.5,1085477415
426,597,4.5,1451187695
432,597,4.0,1316391561
436,597,3.0,833530423
438,597,4.0,1105666215
446,597,3.0,843839290
447,597,4.0,836961086
448,597,3.0,1019127874
453,597,4.0,1005967174
455,597,4.0,836436412
458,597,4.0,845651860
462,597,1.5,1269929045
464,597,4.5,1287399477
470,597,4.0,849075432
474,597,4.0,974669033
476,597,3.0,835022173
480,597,3.0,1179177776
483,597,3.0,1178293142
489,597,4.0,1332772419
490,597,2.5,1328229392
491,597,4.5,1523207811
500,597,1.0,1005527980
512,597,4.0,841449426
514,597,2.5,1533949276
517,597,3.0,1487957183
525,597,4.0,1476476752
530,597,4.0,843227030
541,597,3.0,835643317
552,597,2.5,1111473085
555,597,4.0,978746552
558,597,5.0,1035416173
559,597,3.0,845475946
563,597,4.0,1440793757
565,597,3.0,846533367
566,597,3.0,849005614
570,597,4.0,1181477238
579,597,5.0,958882246
584,597,3.0,834988132
587,597,4.0,953139302
590,597,3.0,1258420561
592,597,3.0,837350242
594,597,5.0,1109035699
597,597,4.0,941559656
599,597,3.0,1498523500
602,597,2.0,840875757
603,597,3.0,954482687
606,597,4.0,1171365275
608,597,2.5,1117490737
1,608,5.0,964982931
4,608,5.0,964540008
5,608,3.0,847435258
6,608,3.0,845553844
16,608,4.5,1377477406
18,608,4.5,1455050069
23,608,3.5,1107162895
24,608,4.0,1458942040
28,608,3.0,1243837137
32,608,5.0,856736172
33,608,4.0,939647444
39,608,5.0,974788126
41,608,4.0,1458939466
50,608,4.0,1514238092
57,608,4.0,965796686
59,608,5.0,953610300
63,608,4.5,1443199825
64,608,4.0,1161520658
66,608,4.0,1093748067
68,608,2.5,1158531452
71,608,2.0,864737969
74,608,5.0,1207500635
76,608,4.0,1439166078
78,608,2.0,1252575190
84,608,5.0,857653289
90,608,5.0,856354037
91,608,3.5,1112713222
95,608,4.5,1069614364
98,608,4.0,1532458331
103,608,4.0,1431957042
104,608,4.0,1292698035
105,608,4.0,1446571800
110,608,4.5,1175329957
117,608,3.0,844163511
118,608,4.0,944924329
120,608,5.0,860070029
122,608,5.0,1461561468
124,608,5.0,1336412883
125,608,3.0,1474311629
128,608,5.0,899033437
131,608,4.0,1349840158
135,608,4.0,1009691122
137,608,4.5,1204859806
140,608,5.0,942842394
150,608,4.0,854203123
152,608,4.0,1450867584
156,608,5.0,946798345
160,608,5.0,971112675
162,608,5.0,836511478
166,608,4.5,1189038623
167,608,3.0,1154723159
168,608,5.0,1306801670
171,608,5.0,866904192
177,608,4.0,1435533565
178,608,4.5,1164355246
179,608,4.0,852114116
182,608,5.0,1054780385
187,608,4.5,1161863840
191,608,5.0,829759809
195,608,5.0,974706650
198,608,3.0,1034137612
199,608,5.0,940372304
202,608,4.0,974912414
206,608,5.0,850763310
212,608,3.0,1490114821
215,608,3.5,1260908847
217,608,5.0,955942801
219,608,3.0,1200977881
220,608,5.0,1230055695
221,608,5.0,1118246717
223,608,3.0,1226210048
226,608,4.5,1132092739
233,608,4.0,1524781273
239,608,4.5,1221158136
247,608,4.0,1467759730
249,608,4.5,1346757613
251,608,5.0,1470676829
253,608,5.0,1286643377
260,608,5.0,1109409053
262,608,5.0,840306002
265,608,4.0,965316088
266,608,5.0,945670764
270,608,4.0,853918793
273,608,3.0,835860878
274,608,3.0,1171409592
275,608,4.0,1049078693
279,608,2.0,1506394168
283,608,4.0,901227779
287,608,4.5,1110231586
288,608,4.0,976120867
290,608,5.0,974938393
292,608,2.0,973817064
293,608,3.0,1044870773
294,608,4.0,966597387
297,608,4.0,900871829
298,608,3.0,1447597789
301,608,3.0,1211377294
302,608,5.0,854472084
305,608,3.5,1460964093
307,608,3.0,1186160944
312,608,4.0,1043177445
313,608,4.0,1030476180
317,608,5.0,1430361529
318,608,4.0,1414694177
322,608,4.5,1217676232
324,608,5.0,974906492
328,608,5.0,1494210682
330,608,4.0,1285904204
331,608,5.0,1537235353
332,608,4.0,1352671960
339,608,5.0,1460182094
346,608,3.0,1125857533
348,608,5.0,1378850760
350,608,3.0,864940972
357,608,4.0,1348610389
362,608,5.0,1530637256
368,608,4.0,971273222
370,608,2.0,1159162782
372,608,5.0,874415328
380,608,4.0,1493494891
381,608,3.5,1176325533
385,608,5.0,847136578
386,608,4.0,842613831
387,608,4.0,1094876366
391,608,5.0,1030944152
400,608,5.0,1498870431
409,608,5.0,969059543
412,608,4.0,939114687
414,608,5.0,961516693
415,608,4.5,1382470188
416,608,4.5,1187497012
424,608,3.5,1457900853
425,608,2.5,1085477324
433,608,4.0,1506823904
434,608,5.0,1270604590
437,608,5.0,859721015
443,608,5.0,1501722495
445,608,3.5,1454621803
448,608,4.0,1059899864
451,608,5.0,854089243
452,608,5.0,1019581156
453,608,4.0,972622467
462,608,3.5,1123891152
465,608,5.0,959895907
469,608,5.0,965336630
470,608,3.0,849843244
474,608,4.0,1137008687
477,608,4.5,1262794054
480,608,4.0,1179177667
483,608,4.0,1199992684
488,608,4.5,1112382229
489,608,4.5,1332772289
497,608,4.5,1432417926
503,608,4.0,1335219379
514,608,4.0,1534052528
521,608,5.0,852713143
522,608,3.0,1254596519
525,608,4.5,1476481332
526,608,4.5,1502132105
532,608,4.0,1025570451
541,608,3.0,835643372
546,608,2.0,973588348
553,608,3.5,1230773355
554,608,2.0,944902327
555,608,5.0,978840009
559,608,4.0,865095801
560,608,4.0,1469651955
561,608,3.0,1491091023
570,608,4.0,1181477061
572,608,4.0,945889414
577,608,3.0,945966702
580,608,4.0,1167789994
590,608,4.0,1258420449
593,608,4.5,1181007597
599,608,3.5,1498798016
600,608,4.0,1237858332
602,608,5.0,840876371
603,608,5.0,963179293
607,608,2.0,964744660
608,608,3.0,1117415165
610,608,4.5,1479542933
6,616,5.0,845554062
40,616,3.0,832059734
43,616,5.0,848994349
51,616,4.0,1230932567
58,616,4.0,847719271
68,616,3.0,1261623742
103,616,3.5,1431968086
104,616,3.0,1048589218
117,616,4.0,844163615
138,616,4.5,1222675998
153,616,2.0,1525552166
160,616,3.0,971619496
177,616,4.0,1435534947
216,616,4.0,975211831
217,616,3.0,955935417
219,616,3.0,1194681357
222,616,2.0,1391346526
230,616,1.0,1196304152
246,616,4.0,1353864692
274,616,3.5,1172269418
288,616,3.0,978469502
307,616,2.5,1186085259
318,616,3.5,1413054669
328,616,4.5,1494211419
372,616,2.0,874416615
373,616,4.0,846830439
380,616,3.0,1494803864
395,616,3.0,841504995
414,616,4.0,961437437
442,616,1.5,1331560512
448,616,4.0,1019126749
474,616,3.5,1100292175
476,616,3.0,835021910
479,616,4.0,1039362482
484,616,4.0,1342298284
501,616,3.0,844973559
509,616,3.0,1436000111
517,616,5.0,1487954319
525,616,3.5,1476480563
559,616,3.0,845476370
563,616,4.0,1441846371
596,616,4.0,1535827076
600,616,4.0,1237710543
604,616,3.0,832081130
605,616,3.0,1277096938
6,628,3.0,845555300
18,628,3.5,1459495567
32,628,3.0,856736262
42,628,2.0,996218239
64,628,4.5,1161566150
66,628,4.0,1093747858
68,628,3.5,1158534567
84,628,4.0,857653349
91,628,3.0,1112713765
150,628,3.0,854203229
160,628,1.0,971196228
214,628,3.0,853937959
270,628,3.0,853918943
297,628,3.0,900872083
302,628,3.0,854472158
307,628,4.0,1193663295
336,628,4.5,1122227333
337,628,5.0,860255867
357,628,4.5,1348612365
364,628,5.0,869443772
372,628,4.0,874416842
389,628,5.0,857934470
414,628,4.0,961517371
424,628,5.0,1457843765
432,628,4.0,1335139149
437,628,4.0,859721081
456,628,4.0,856883417
470,628,3.0,849843245
474,628,3.0,979180633
492,628,3.0,863976101
501,628,3.0,844974173
521,628,4.0,852713251
587,628,5.0,953141841
599,628,3.5,1498537635
600,628,3.5,1237851357
474,638,3.0,1013367353
3,647,0.5,1306463619
6,647,4.0,845555151
28,647,2.5,1242290414
42,647,2.0,996216210
59,647,4.0,953610077
64,647,3.5,1161620706
68,647,3.5,1158535929
71,647,4.0,864738101
84,647,4.0,858771233
117,647,3.0,844163511
140,647,4.0,949667115
202,647,4.0,974924481
217,647,3.0,955934988
244,647,1.0,975076228
288,647,3.0,980535269
290,647,4.0,974942857
304,647,4.0,881428022
314,647,5.0,837293745
368,647,3.0,971274910
372,647,2.0,874416808
414,647,3.0,961512495
437,647,5.0,859721170
474,647,3.0,988579881
482,647,3.5,1105396636
492,647,5.0,863976287
501,647,4.0,844974214
516,647,3.0,994625146
599,647,3.0,1498525425
602,647,3.0,840876123
1,648,3.0,964982563
4,648,3.0,945079906
7,648,4.0,1106635981
11,648,4.0,902154514
18,648,3.0,1455209873
19,648,3.0,965709656
21,648,4.5,1403637454
27,648,4.0,962685941
31,648,5.0,850466616
32,648,3.0,856736119
38,648,4.0,841341618
42,648,5.0,996219248
43,648,5.0,848994102
44,648,3.0,869251861
45,648,4.0,950740583
57,648,4.0,965795589
58,648,5.0,847719035
59,648,5.0,953609356
63,648,4.0,1443201073
68,648,4.0,1158531681
71,648,4.0,864739239
72,648,4.0,1217324936
78,648,3.0,1252575204
80,648,4.5,1377308459
82,648,4.0,1084467757
86,648,4.5,1344082866
91,648,4.0,1112713238
93,648,4.0,942946508
96,648,3.0,964772610
100,648,4.0,1100185920
117,648,3.0,844163136
120,648,3.0,860069973
129,648,4.0,1167376093
135,648,4.0,1009692865
140,648,4.0,949667466
144,648,3.5,1137323479
150,648,4.0,854203072
151,648,3.0,855947196
156,648,3.5,1106854675
160,648,1.0,971115383
166,648,3.0,1190828622
171,648,3.0,866904159
174,648,5.0,848487280
177,648,4.0,1435533580
179,648,3.0,852114116
182,648,4.0,1054782276
186,648,4.0,1031088055
195,648,5.0,974706589
198,648,3.0,1034139174
200,648,3.5,1229885782
202,648,3.0,974919186
206,648,3.0,850763267
214,648,3.0,853937855
216,648,2.0,975211454
217,648,5.0,955940584
219,648,4.5,1194681052
220,648,3.0,1230055720
226,648,3.5,1095662638
229,648,4.0,838144015
230,648,2.0,1196304367
232,648,3.0,1218167154
233,648,3.0,1529334061
234,648,4.0,1004408285
235,648,3.0,841422650
239,648,4.0,1221159031
243,648,5.0,837155455
244,648,4.0,975074577
249,648,3.5,1355366438
254,648,3.5,1180446580
264,648,3.0,1136979056
269,648,3.0,850865423
270,648,3.0,853918728
274,648,3.5,1171409741
276,648,5.0,858350384
279,648,4.0,1506395353
282,648,3.0,1378490487
287,648,1.0,1110230082
288,648,1.0,975691508
301,648,2.5,1211378093
302,648,3.0,854472022
304,648,4.0,881428467
305,648,4.0,1518197850
307,648,2.0,1186160954
313,648,1.0,1030556440
314,648,3.0,834241586
318,648,3.0,1282588674
321,648,3.0,843212719
326,648,3.0,1419880402
330,648,2.5,1285905003
337,648,5.0,860255716
339,648,4.0,1460518367
340,648,4.0,848666212
347,648,4.0,847645986
350,648,3.0,864940931
354,648,4.0,1200870229
359,648,3.5,1198112063
364,648,3.0,869443367
368,648,3.0,975805490
373,648,4.0,846830246
376,648,5.0,1364994087
380,648,4.0,1493667391
381,648,3.0,1164877247
386,648,3.0,842613817
387,648,3.0,1117356493
389,648,3.0,857934174
391,648,3.0,1031030362
395,648,5.0,841504217
411,648,5.0,835532994
414,648,4.0,961515889
418,648,0.5,1461868227
425,648,3.5,1085477348
428,648,2.5,1111524347
432,648,4.0,1316391512
434,648,4.0,1270604662
437,648,3.0,859720977
438,648,4.0,1105664328
446,648,4.0,843839504
448,648,3.0,1019125129
450,648,4.0,974704498
451,648,4.0,854089171
452,648,5.0,1019580795
453,648,3.0,972621962
456,648,4.0,856883308
464,648,3.5,1287399315
469,648,2.0,965334535
470,648,3.0,849370453
474,648,3.5,1053021262
477,648,3.0,1200939670
480,648,3.0,1179177792
482,648,4.0,1105396863
483,648,2.0,1178293442
486,648,5.0,839536984
489,648,3.0,1333101322
492,648,4.0,863975952
498,648,5.0,839197392
514,648,4.0,1535252568
521,648,4.0,852713083
524,648,3.0,851608466
529,648,3.0,855583216
540,648,3.5,1179109047
541,648,5.0,835643598
544,648,4.0,850688537
551,648,4.0,1504926001
557,648,5.0,1452797714
559,648,3.0,865095840
561,648,3.0,1491091275
566,648,4.0,849006157
567,648,2.5,1525287900
570,648,3.5,1181477128
572,648,2.0,945888747
573,648,4.5,1341798453
590,648,3.5,1258419662
592,648,4.0,837350451
593,648,3.0,1181007861
594,648,5.0,1109036667
597,648,4.0,941729483
599,648,3.0,1498521434
600,648,3.0,1237742329
602,648,4.0,840875999
603,648,2.0,963177428
606,648,2.5,1228165022
608,648,3.5,1117415371
191,668,5.0,829759809
474,668,3.5,1118667178
410,670,5.0,990807582
474,670,4.5,1119537246
19,671,2.0,965703674
37,671,5.0,845239506
45,671,4.0,950724840
57,671,3.0,965796904
66,671,4.0,1113190242
84,671,4.0,857653422
87,671,4.5,1270702670
135,671,4.0,1009692001
138,671,2.5,1222676100
155,671,3.0,961861723
160,671,1.0,971114178
167,671,4.0,1154721897
175,671,0.5,1234188159
179,671,4.0,852115456
216,671,2.0,975212699
226,671,5.0,1095663825
274,671,3.5,1171934393
283,671,4.0,901228418
287,671,4.0,1110231270
290,671,4.0,974942992
294,671,1.0,966595587
312,671,4.0,1043176803
318,671,4.5,1413627620
350,671,4.0,864941229
357,671,4.0,1348627071
385,671,3.0,865873336
414,671,4.0,961438413
440,671,4.0,1237568810
448,671,5.0,1059321444
451,671,4.0,854089769
469,671,1.0,965335463
474,671,3.5,1053021127
477,671,4.0,1200939242
508,671,2.5,1268297502
538,671,5.0,1307845538
608,671,4.0,1117415609
1,673,3.0,964981775
18,673,3.0,1455735781
19,673,1.0,965704355
27,673,2.0,962685762
44,673,1.0,869252043
55,673,0.5,1312747701
57,673,1.0,965797786
76,673,0.5,1439168981
111,673,2.5,1516156379
132,673,2.0,1157923360
135,673,2.0,1009692359
141,673,4.0,1513132078
151,673,4.0,855947672
160,673,2.0,971619689
177,673,3.0,1435534747
191,673,5.0,829760898
217,673,3.0,955942327
219,673,3.5,1195699156
222,673,2.5,1391351885
232,673,2.5,1182909281
234,673,3.0,1004409244
240,673,5.0,849123370
249,673,3.0,1440669034
274,673,3.5,1171759781
276,673,4.0,858350787
277,673,3.0,861812997
294,673,4.0,966596621
305,673,4.0,1460563812
313,673,1.0,1030558055
314,673,3.0,848675249
318,673,3.5,1419076667
350,673,3.0,864941161
355,673,3.0,974966167
380,673,4.0,1494278735
381,673,3.0,1168664486
385,673,3.0,849547129
414,673,2.0,961439405
419,673,2.5,1318337796
438,673,3.5,1105667179
448,673,3.0,1019125666
474,673,1.5,1053021728
477,673,0.5,1200945881
483,673,2.5,1327277640
484,673,4.0,1342297811
492,673,5.0,863976287
517,673,2.0,1487958014
525,673,2.5,1476480430
561,673,2.0,1491091887
567,673,2.0,1525288534
590,673,3.0,1258422347
599,673,2.5,1498511842
600,673,1.0,1237851349
608,673,3.0,1117504613
57,707,2.0,972175326
71,707,1.0,864738101
140,707,3.0,952101285
171,707,5.0,866904301
181,707,3.0,845471009
216,707,2.0,975211620
297,707,3.0,900872295
302,707,4.0,854472219
304,707,4.0,891173643
314,707,3.0,834825548
337,707,3.0,860255992
368,707,2.0,971276975
385,707,3.0,842892070
392,707,1.0,1027524144
410,707,3.0,990909431
414,707,2.0,961682276
501,707,4.0,844974237
521,707,3.0,852713330
524,707,3.0,852404563
532,707,4.0,1025523354
599,707,2.5,1498516167
4,708,4.0,986935230
6,708,4.0,845554376
19,708,3.0,965706615
32,708,4.0,856736227
42,708,4.0,996218960
51,708,4.0,1230929765
58,708,5.0,847719464
64,708,4.5,1161521683
68,708,3.0,1158532899
84,708,3.0,857653318
90,708,3.0,856354071
91,708,2.5,1112711197
117,708,3.0,844163770
156,708,3.0,946799816
179,708,4.0,852114193
200,708,4.0,1229887359
201,708,3.0,939801904
260,708,3.0,1109408225
262,708,3.0,840306302
263,708,4.0,940384646
270,708,3.0,853918849
275,708,4.0,1049076745
289,708,3.0,1143424616
304,708,4.0,881428397
307,708,2.5,1186161579
314,708,4.0,847173881
337,708,5.0,860255830
350,708,3.0,864941017
357,708,3.0,1348627065
363,708,3.5,1502584572
411,708,3.0,835533294
414,708,4.0,961438551
437,708,3.0,859721046
451,708,5.0,854089331
453,708,4.0,1005967049
456,708,3.0,856883383
462,708,1.0,1123892466
474,708,4.5,1053020875
478,708,2.0,1121467302
480,708,3.5,1179178345
482,708,3.5,1105395996
483,708,3.5,1178293752
489,708,1.5,1385823634
492,708,3.0,863976055
500,708,4.0,1005527926
504,708,4.0,1064450530
516,708,3.0,994625189
521,708,4.0,852713185
552,708,3.5,1111472932
555,708,4.0,978747097
559,708,4.0,845476396
566,708,3.0,849006776
570,708,3.5,1181478055
597,708,3.0,941559341
599,708,2.0,1519244631
603,708,3.0,954482471
604,708,3.0,832080461
608,708,2.0,1117408394
3,720,0.5,1306463595
19,720,4.0,965708982
20,720,5.0,1054038502
57,720,5.0,965796004
167,720,4.0,1177516044
171,720,5.0,866905795
182,720,4.5,1057526367
191,720,5.0,829759809
217,720,4.0,955942540
234,720,2.0,1004409347
260,720,5.0,1109409432
263,720,5.0,940384400
334,720,4.0,1225477269
356,720,5.0,1228072581
380,720,5.0,1493473914
414,720,5.0,1019484488
436,720,5.0,833530232
448,720,4.0,1019126661
474,720,4.0,1052485296
488,720,5.0,1112382042
496,720,1.0,1415165412
500,720,4.0,1005528205
541,720,5.0,835643802
555,720,4.0,978840009
576,720,3.0,1358151483
580,720,3.0,1167791099
599,720,4.5,1498533832
57,728,3.0,965797129
90,728,3.0,856354195
262,728,3.0,840309986
276,728,4.0,858350916
314,728,4.0,835444728
385,728,5.0,850769357
469,728,3.0,965425597
474,728,3.5,1181348043
599,728,2.5,1519127436
603,728,4.0,963178259
1,733,4.0,964982400
11,733,4.0,902154431
19,733,3.0,965709534
21,733,3.5,1412967983
24,733,3.0,1458941618
28,733,1.0,1234516070
31,733,5.0,850466642
32,733,4.0,856736172
42,733,2.0,996218488
44,733,5.0,869251910
45,733,4.0,950740478
52,733,5.0,1468051359
56,733,4.0,835799427
57,733,3.0,965798313
59,733,4.0,953609415
71,733,3.0,864737969
82,733,4.0,1084467784
84,733,4.0,857653289
91,733,3.0,1112713262
93,733,4.0,942946091
96,733,4.0,964772883
104,733,3.0,1049205396
109,733,3.0,844079136
117,733,3.0,844163216
120,733,4.0,860070029
129,733,4.0,1167376166
140,733,3.0,942844165
144,733,4.0,1137323549
150,733,4.0,854203123
160,733,1.0,971115213
167,733,3.5,1154718955
170,733,3.0,840473337
176,733,5.0,840108684
182,733,3.0,1054780903
183,733,4.0,992331396
186,733,4.0,1031087923
196,733,5.0,1460954131
201,733,5.0,939227479
206,733,3.0,850763310
208,733,3.0,940639513
217,733,3.0,955942076
219,733,3.5,1194681074
220,733,4.0,1230055810
222,733,3.0,1391353194
226,733,4.0,1164691989
239,733,4.0,1221158257
244,733,2.0,975091042
249,733,4.0,1347317539
266,733,5.0,946768666
269,733,4.0,850865480
270,733,3.0,853918793
274,733,3.0,1202278201
288,733,3.0,978465766
292,733,4.0,990062537
294,733,4.0,966634003
297,733,3.0,900871829
301,733,0.5,1211377705
304,733,4.0,881427846
305,733,4.0,1494104090
307,733,3.0,1189456315
310,733,4.0,1078649543
313,733,2.0,1030476323
314,733,4.0,834957413
334,733,3.5,1225480881
337,733,5.0,860255784
342,733,4.0,1042821145
350,733,3.0,864940972
354,733,4.0,1200870448
356,733,4.5,1229142779
364,733,4.0,869443424
368,733,3.0,971275815
372,733,4.0,874416493
373,733,3.0,846830364
376,733,4.0,1364994137
380,733,3.0,1493667403
381,733,3.5,1164877294
386,733,3.0,842613914
389,733,5.0,857934242
414,733,3.0,961515808
425,733,4.0,1085477399
434,733,3.0,1270604818
437,733,2.0,859721015
438,733,4.5,1105664193
446,733,3.0,843839593
448,733,3.0,1019124354
451,733,3.0,854089243
453,733,4.0,972621007
456,733,5.0,856883349
457,733,5.0,993610697
469,733,3.0,965334034
474,733,4.0,1100291781
477,733,4.0,1241938832
480,733,3.5,1179177642
483,733,3.5,1204277189
484,733,4.5,1342295837
486,733,5.0,839537237
489,733,3.5,1332772840
492,733,5.0,863976004
493,733,4.0,1001562812
521,733,4.0,852713143
524,733,4.0,852404489
525,733,4.0,1476482389
527,733,5.0,1033175310
529,733,5.0,855583292
531,733,4.0,1032961914
548,733,5.0,1488825455
553,733,3.0,1230773405
559,733,4.0,865095801
561,733,3.0,1491091091
570,733,3.5,1181477232
573,733,4.5,1248842423
577,733,3.0,945967541
586,733,4.0,1529899989
588,733,4.0,839316797
589,733,2.0,856038894
590,733,3.0,1258420571
592,733,5.0,837350680
597,733,1.0,940420917
599,733,3.5,1498797515
602,733,4.0,840876188
608,733,4.0,1117408408
1,736,3.0,964982653
6,736,5.0,845553619
11,736,4.0,902154542
19,736,2.0,965709785
27,736,3.0,962685941
28,736,2.5,1234516417
31,736,4.0,850466616
32,736,3.0,856736119
38,736,2.0,841341598
44,736,2.0,869251860
57,736,2.0,969753871
58,736,3.0,847718894
64,736,3.5,1161520113
68,736,4.0,1158532066
71,736,5.0,864737933
84,736,3.0,857653240
91,736,2.5,1112711143
93,736,4.0,942946677
115,736,1.0,957647314
116,736,4.0,1337199815
117,736,2.0,844163121
120,736,3.0,860069973
129,736,4.0,1167376173
140,736,3.0,967049071
144,736,3.0,1137323563
151,736,4.0,855947195
160,736,1.0,971115520
169,736,4.0,1078284514
170,736,3.0,840381235
174,736,5.0,848487194
177,736,4.0,1435890491
178,736,3.0,1164355295
179,736,5.0,852114051
187,736,1.5,1161863853
199,736,3.0,940543804
200,736,2.0,1229886338
206,736,3.0,850763267
214,736,2.0,853937855
217,736,3.0,955940827
219,736,3.0,1194827051
220,736,4.0,1230055768
223,736,3.0,1226209970
229,736,4.0,838144015
230,736,4.0,1196304525
232,736,3.0,1182907373
234,736,5.0,1004409035
235,736,4.0,841422634
240,736,5.0,849122459
243,736,5.0,837155436
244,736,2.0,975093513
249,736,3.0,1355786888
263,736,4.0,941591986
270,736,4.0,853918728
274,736,2.5,1172031275
276,736,4.0,858350384
277,736,4.0,861812794
284,736,4.0,832695534
288,736,2.0,978468441
297,736,1.0,900872295
301,736,1.0,1211377767
302,736,3.0,854472021
307,736,1.0,1186160977
321,736,4.0,843212595
325,736,1.0,1039398295
330,736,2.0,1285905032
337,736,5.0,860255715
344,736,4.5,1420496779
350,736,3.0,864940930
359,736,3.0,1198112116
364,736,4.0,869443366
368,736,3.0,971276934
372,736,4.0,874416317
373,736,3.0,846830149
380,736,3.0,1493667400
381,736,3.5,1164877263
385,736,4.0,834692018
389,736,5.0,857934174
402,736,3.0,849598075
413,736,5.0,1484439991
414,736,3.0,961437647
425,736,2.5,1085477359
434,736,2.5,1270604821
437,736,5.0,859720977
438,736,3.0,1105664666
448,736,3.0,1019124675
451,736,3.0,854089165
452,736,4.0,1019580846
453,736,3.0,972622202
456,736,3.0,856883308
458,736,4.0,845652537
469,736,3.0,965336444
470,736,4.0,849224778
474,736,2.0,974667817
477,736,3.0,1200939703
479,736,3.0,1039367699
480,736,2.5,1179177622
486,736,5.0,839537237
489,736,2.5,1333101354
492,736,4.0,863975947
495,736,3.5,1458636131
501,736,5.0,844973419
521,736,4.0,852713082
524,736,3.0,851608466
527,736,3.0,1033175858
529,736,4.0,855583216
534,736,3.5,1459795340
540,736,3.5,1179108936
544,736,5.0,850688537
559,736,3.0,845476080
566,736,4.0,849006000
570,736,4.0,1181477192
572,736,2.0,945888467
573,736,4.5,1186722420
580,736,3.5,1167792613
584,736,5.0,834988230
589,736,5.0,856038815
590,736,2.5,1258420533
593,736,2.0,1181007918
594,736,4.0,1109036715
599,736,2.5,1498518451
600,736,2.5,1237715103
607,736,5.0,963080303
608,736,3.0,1117408403
16,745,4.0,1377476943
18,745,4.0,1460242118
19,745,4.0,965708982
21,745,3.0,1412968166
27,745,5.0,962686299
39,745,4.0,974788030
57,745,4.0,965796004
63,745,5.0,1443348399
76,745,1.0,1439168612
89,745,3.0,1520408276
91,745,3.5,1112712296
104,745,5.0,1048587333
117,745,4.0,844163693
161,745,5.0,1186073240
167,745,5.0,1177516032
168,745,4.5,1306802059
182,745,4.5,1077070424
187,745,4.0,1161849970
232,745,3.5,1218480882
245,745,3.0,951183163
263,745,5.0,940384285
276,745,4.0,858350846
308,745,1.0,1421374532
310,745,5.0,1078649848
327,745,3.5,1234788133
356,745,5.0,1228073145
361,745,2.0,1204047580
376,745,5.0,1364933013
380,745,5.0,1493474061
387,745,4.0,1094875963
388,745,2.5,1386694166
396,745,4.0,1111688552
414,745,5.0,961438127
428,745,2.5,1111487578
445,745,4.0,1454621815
448,745,4.0,1028110529
474,745,4.0,1052504886
477,745,5.0,1200939361
488,745,4.5,1112382049
500,745,1.0,1005528205
517,745,2.5,1487955877
523,745,3.0,1503125952
541,745,5.0,835644730
559,745,5.0,865095758
573,745,4.5,1248839793
580,745,4.0,1167791058
597,745,4.0,941631197
599,745,4.0,1498533719
53,748,5.0,1237748062
57,748,2.0,965798916
160,748,4.0,971114546
186,748,4.0,1031080101
217,748,3.0,955941055
297,748,1.0,900872143
314,748,3.0,851785062
350,748,4.0,864941229
368,748,2.0,975829889
377,748,3.5,1340345459
380,748,3.0,1495234673
414,748,3.0,961514924
428,748,3.0,1111524848
437,748,2.0,859721148
469,748,4.0,965334591
474,748,3.5,1060105961
492,748,4.0,863976409
524,748,4.0,852404444
545,748,3.0,1240358617
555,748,2.0,980125071
559,748,3.0,865095840
599,748,2.5,1498511913
7,750,4.0,1106636810
16,750,4.5,1377476825
17,750,4.5,1307262443
23,750,3.0,1107164374
29,750,4.5,1310788122
41,750,2.0,1459367433
50,750,4.0,1514238177
57,750,5.0,965795892
59,750,5.0,953609857
76,750,3.0,1439166438
83,750,3.5,1333843482
89,750,4.5,1520408265
91,750,5.0,1112713140
103,750,3.5,1431954454
105,750,4.0,1447574331
137,750,5.0,1204859712
149,750,5.0,902084716
152,750,5.0,1450572506
156,750,5.0,946798960
167,750,2.0,1154718691
168,750,5.0,1306801677
177,750,4.0,1435533769
182,750,5.0,1054779870
186,750,4.0,1031073489
187,750,4.5,1161849861
198,750,3.0,1034135489
199,750,5.0,940381382
202,750,5.0,974924381
212,750,3.0,1523216878
218,750,5.0,1111625111
221,750,4.5,1118246604
227,750,4.5,1447209746
249,750,4.0,1346757623
260,750,4.0,1109410599
274,750,4.0,1200644379
275,750,3.0,1049078032
282,750,4.0,1378490687
288,750,3.5,1054569331
289,750,4.5,1143424596
290,750,5.0,975030570
298,750,3.0,1447584430
305,750,4.0,1460135277
310,750,4.0,1078647809
312,750,5.0,1043176553
313,750,5.0,1030474666
317,750,5.0,1430361445
318,750,4.0,1235480336
322,750,4.0,1217676540
328,750,5.0,1494210377
329,750,3.0,1523468346
330,750,4.5,1285904188
332,750,4.5,1352672860
334,750,3.5,1225478146
339,750,5.0,1460519033
346,750,4.5,1125857842
348,750,4.5,1378850230
354,750,3.0,1200953061
376,750,4.0,1364994426
380,750,5.0,1493474137
382,750,5.0,1515160627
385,750,5.0,867087048
387,750,5.0,1094875990
391,750,5.0,1030945391
393,750,5.0,1430506142
397,750,4.0,1181967429
405,750,4.5,1295912383
410,750,5.0,990728229
414,750,5.0,961512341
415,750,5.0,1382469985
416,750,4.5,1187495659
420,750,4.0,1218041771
422,750,5.0,986173307
425,750,3.0,1085477840
434,750,4.0,1270603339
445,750,5.0,1454621783
462,750,4.5,1123892004
465,750,5.0,959896479
469,750,5.0,965335315
474,750,4.5,1059398628
477,750,5.0,1200939347
487,750,3.5,1428574422
489,750,4.0,1333101579
497,750,4.0,1429127806
510,750,4.5,1141158725
513,750,5.0,1159980351
517,750,1.0,1487958658
520,750,5.0,1326609343
525,750,3.5,1476481392
552,750,4.0,1111473067
567,750,3.0,1525287719
572,750,5.0,946482912
590,750,4.5,1258416504
599,750,5.0,1498457219
600,750,4.5,1237858653
606,750,4.0,1171325774
608,750,4.0,1117415375
610,750,4.5,1479542905
18,778,4.5,1455050179
23,778,4.0,1107341701
28,778,3.5,1235806117
33,778,4.0,939647370
41,778,4.0,1458933752
45,778,4.0,1007484068
57,778,4.0,972173655
62,778,4.5,1521488884
63,778,4.0,1443199878
64,778,5.0,1161521611
76,778,4.5,1439166459
91,778,4.0,1112713437
105,778,5.0,1447574041
109,778,4.0,841441442
110,778,3.5,1175330233
112,778,3.5,1513989917
117,778,3.0,844163821
122,778,5.0,1461561523
131,778,4.0,1349840763
132,778,3.0,1157922796
137,778,2.0,1204859879
144,778,4.0,1136812815
153,778,3.5,1525548538
156,778,4.0,939884874
160,778,5.0,971619994
166,778,4.0,1189038614
167,778,4.5,1154722276
182,778,4.5,1054780334
187,778,3.5,1161850493
193,778,4.0,1435857306
195,778,4.0,974709814
198,778,4.0,1034134565
199,778,3.5,1126036000
212,778,3.0,1498429638
215,778,3.0,1260909090
219,778,4.0,1194740146
221,778,4.5,1119984369
222,778,3.5,1391350346
227,778,5.0,1447189556
233,778,3.5,1532964883
239,778,4.5,1221158928
249,778,4.5,1346757734
260,778,4.5,1109408450
266,778,5.0,945668565
269,778,4.0,850865553
274,778,4.0,1171172773
275,778,5.0,1049078651
286,778,3.5,1119563354
298,778,3.5,1447584451
305,778,5.0,1460135334
307,778,3.0,1186161528
317,778,5.0,1430361510
318,778,4.0,1333827950
322,778,3.5,1217676543
329,778,4.5,1523468384
330,778,4.0,1285905286
337,778,4.0,860255929
346,778,3.5,1125857678
351,778,4.5,1326028015
356,778,4.0,1229139323
357,778,3.5,1348612182
369,778,4.0,1237081513
370,778,4.5,1159162030
372,778,3.0,874415934
387,778,4.5,1094875332
391,778,5.0,1032388253
393,778,0.5,1430506242
400,778,5.0,1498870441
414,778,5.0,961517101
417,778,5.0,1530156701
418,778,5.0,1461865894
419,778,5.0,1321659315
424,778,3.0,1457902209
425,778,5.0,1114174049
432,778,3.5,1316391719
433,778,4.5,1506824039
434,778,4.5,1270603970
445,778,5.0,1454622009
448,778,4.0,1489334885
453,778,5.0,972622570
462,778,2.5,1154037995
474,778,4.0,1092012114
480,778,4.0,1179178545
483,778,4.5,1178293706
492,778,2.0,863976201
514,778,2.5,1533954042
522,778,4.0,1254547123
526,778,4.0,1502132900
528,778,4.0,1391736243
553,778,5.0,1230773527
555,778,5.0,978747779
560,778,4.5,1469648003
570,778,4.0,1181477946
580,778,5.0,1167791131
588,778,5.0,839316600
597,778,5.0,940362008
599,778,3.5,1498501560
600,778,3.5,1237712974
603,778,2.0,963179517
606,778,4.0,1172952489
608,778,3.0,1117336733
610,778,5.0,1479542077
1,780,3.0,964984086
6,780,5.0,845556915
7,780,4.5,1106635943
11,780,4.0,902154487
15,780,3.5,1510572881
17,780,4.0,1305696486
18,780,4.0,1455209824
21,780,3.5,1452052029
24,780,3.5,1458942032
27,780,3.0,962686571
28,780,3.0,1234516111
29,780,4.0,1362016798
31,780,4.0,850466616
32,780,3.0,856736119
34,780,3.0,1162050135
42,780,2.0,996220093
44,780,3.0,869251860
45,780,3.0,950741000
48,780,3.5,1127128851
57,780,3.0,965799571
58,780,5.0,847718910
59,780,4.0,953609540
63,780,3.0,1443201081
64,780,3.0,1161520462
66,780,3.5,1104643954
68,780,4.0,1158531402
71,780,5.0,864737933
72,780,3.5,1217324805
78,780,3.5,1252575127
82,780,4.0,1084467743
86,780,3.5,1344083232
90,780,3.0,856353996
91,780,3.5,1112713211
96,780,3.0,964772862
104,780,4.0,1048595468
109,780,3.0,841108877
112,780,5.0,1442535837
115,780,2.0,970838729
116,780,2.5,1337199715
117,780,3.0,844163204
120,780,2.0,860069973
121,780,4.0,847656203
122,780,4.0,1461561583
129,780,3.5,1167375481
133,780,3.0,843491793
135,780,3.0,1009691746
137,780,3.0,1204859345
140,780,4.0,1008776130
141,780,3.0,1513130655
144,780,2.5,1137323427
149,780,3.0,902084966
150,780,4.0,854203071
151,780,3.0,855947195
153,780,0.5,1525552465
160,780,1.0,971114316
164,780,5.0,999708378
171,780,4.0,866904157
174,780,3.0,848487212
176,780,4.0,840108684
177,780,3.5,1435533546
178,780,3.0,1164355216
179,780,5.0,852114051
182,780,1.5,1054780010
186,780,4.0,1031080005
187,780,0.5,1180300989
198,780,2.0,1034138101
199,780,3.0,1024710076
200,780,3.5,1229886639
201,780,4.0,939226691
202,780,2.0,974924550
206,780,3.0,850763267
212,780,2.0,1490114897
214,780,3.0,853937854
217,780,3.0,955940584
219,780,4.0,1198782269
220,780,4.0,1230055664
221,780,2.0,1118247109
223,780,3.5,1226209635
226,780,3.0,1095662602
230,780,3.0,1196304289
232,780,3.5,1218166039
233,780,2.5,1524781252
235,780,5.0,841422740
239,780,4.0,1221158240
240,780,5.0,849122459
244,780,1.0,975093206
246,780,2.5,1354134583
249,780,4.0,1353801108
254,780,3.0,1180446288
256,780,4.5,1447011355
264,780,3.5,1136978999
265,780,4.0,965315212
269,780,4.0,850865423
270,780,4.0,853918727
274,780,3.5,1171409792
276,780,5.0,858350384
277,780,4.0,861812794
279,780,4.0,1506394166
282,780,3.5,1378496890
288,780,1.0,974759525
292,780,4.5,1265680352
298,780,2.5,1453033072
301,780,2.5,1211378362
302,780,4.0,854472021
304,780,4.0,881428195
305,780,4.5,1460136292
307,780,2.0,1186411440
312,780,2.0,1043176953
313,780,3.0,1030474952
314,780,3.0,836643313
318,780,4.0,1238514366
321,780,4.0,843212595
322,780,3.0,1217676212
330,780,2.5,1285904918
332,780,2.0,1352671505
335,780,4.5,1261542369
337,780,5.0,860255715
340,780,5.0,848666212
347,780,5.0,847645986
354,780,3.5,1200941483
357,780,4.0,1348612049
359,780,3.5,1198112030
361,780,3.5,1204045269
364,780,5.0,869443366
368,780,2.0,971275047
374,780,4.0,849089184
376,780,4.0,1364994009
380,780,4.0,1493420350
381,780,4.0,1164877227
385,780,3.0,839867301
386,780,2.0,842613867
387,780,2.0,1094938230
389,780,5.0,857934174
391,780,1.0,1031030771
399,780,3.5,1167220383
402,780,5.0,852552188
414,780,4.0,961512595
419,780,4.5,1321659017
422,780,4.0,995235984
425,780,3.5,1085477305
428,780,3.0,1111489231
432,780,1.5,1316391462
434,780,2.5,1270604303
437,780,3.0,859720977
438,780,3.5,1105650467
445,780,2.0,1454621710
446,780,3.0,843839522
448,780,3.0,1019133014
451,780,3.0,854089163
452,780,5.0,1013396422
453,780,3.0,972622080
456,780,5.0,856883308
463,780,3.5,1145460355
464,780,3.5,1287399151
467,780,2.0,919672355
469,780,2.0,965334475
474,780,4.0,974667743
477,780,4.0,1200939639
480,780,3.0,1179177680
482,780,4.5,1105396861
483,780,3.0,1178294810
484,780,3.0,1342295820
486,780,5.0,839536984
489,780,2.5,1333101277
492,780,5.0,863975945
495,780,4.5,1458635950
501,780,5.0,844973487
513,780,2.5,1159980704
517,780,3.5,1487957666
521,780,4.0,852713082
522,780,3.5,1253344677
524,780,3.0,851608466
527,780,4.0,1033175078
529,780,4.0,855583215
534,780,4.5,1459787997
544,780,5.0,850688537
552,780,3.0,1111473067
555,780,4.0,978841695
559,780,5.0,865095875
560,780,3.5,1469648499
561,780,4.0,1491091239
566,780,3.0,849006044
570,780,3.5,1181477002
573,780,5.0,1186722183
577,780,3.0,945966506
579,780,5.0,958881895
580,780,3.0,1167792634
589,780,5.0,856038815
590,780,4.0,1258417707
592,780,5.0,837350932
593,780,2.5,1181007449
594,780,4.5,1109036527
595,780,4.0,938807441
597,780,1.0,941729029
599,780,3.5,1498542387
600,780,2.0,1237760690
602,780,4.0,840876371
605,780,3.5,1277097571
606,780,2.5,1173644144
607,780,4.0,963080278
608,780,3.0,1117408246
610,780,3.5,1479545838
4,800,4.0,945079106
33,800,4.0,939715233
84,800,5.0,857653639
108,800,5.0,1042840740
140,800,4.0,949666942
156,800,4.0,946800214
171,800,5.0,866904379
195,800,2.0,974706535
206,800,5.0,850763507
221,800,4.5,1119984592
275,800,5.0,1049078929
290,800,5.0,974939520
325,800,4.0,1039396510
357,800,3.5,1348609796
372,800,2.0,874415402
391,800,5.0,1031030319
437,800,5.0,859721361
555,800,3.0,978840381
603,800,4.0,963179423
33,805,1.0,939716819
42,805,5.0,996218329
44,805,4.0,869251982
60,805,4.0,1393541754
66,805,4.0,1113188355
68,805,3.0,1158533585
84,805,4.0,857653349
90,805,3.0,856354100
109,805,4.0,841189685
117,805,4.0,844163454
140,805,3.5,1067987173
150,805,4.0,854203230
168,805,4.0,1306793450
274,805,3.5,1229418499
283,805,3.0,901227633
292,805,4.0,1323632029
322,805,3.5,1217676916
335,805,3.0,1261541314
337,805,4.0,860255866
350,805,3.0,864941053
364,805,4.0,869443773
389,805,5.0,857934470
414,805,2.0,961518394
437,805,4.0,859721080
448,805,3.0,1019138615
451,805,5.0,854089710
474,805,3.0,1002928853
489,805,3.5,1333022368
492,805,5.0,863976101
501,805,4.0,844973931
521,805,4.0,852713294
524,805,4.0,852030454
570,805,3.5,1181476053
590,805,3.5,1258421509
602,805,3.0,840876032
6,818,3.0,845555514
19,818,4.0,965707552
84,818,3.0,860396938
90,818,5.0,856354233
274,818,2.0,1171932831
448,818,3.5,1178981107
474,818,3.0,1046888085
479,818,4.0,1039362294
492,818,3.0,863976525
599,818,2.0,1498510805
6,830,5.0,845556222
12,830,4.0,1247263452
19,830,2.0,965707016
68,830,3.0,1261623682
84,830,4.0,860396882
146,830,4.0,1312507715
177,830,2.5,1435535168
188,830,4.0,962559935
217,830,3.0,955944895
307,830,2.5,1186162844
314,830,3.0,845285507
414,830,1.0,961439104
416,830,1.5,1187495328
453,830,2.0,1005967668
474,830,2.0,1046887848
484,830,4.5,1342298362
489,830,4.0,1333232331
492,830,3.0,863976409
578,830,4.0,1300989485
587,830,2.0,953140292
606,830,3.5,1171325408
19,832,2.0,965711184
45,832,4.5,1121724761
60,832,3.0,1393541695
68,832,3.5,1158533778
82,832,3.0,1084468159
91,832,3.0,1112710947
135,832,4.0,1009691256
140,832,4.0,942842731
144,832,3.5,1137324019
202,832,3.0,974924954
203,832,4.0,1390094419
219,832,2.0,1200978047
265,832,3.0,965318456
269,832,4.0,850865644
274,832,3.5,1171934978
287,832,1.5,1110229816
297,832,3.0,900872113
304,832,3.0,881428022
337,832,4.0,860255929
350,832,3.0,864941080
363,832,2.5,1502584585
364,832,5.0,869443772
368,832,3.0,971275815
389,832,5.0,857934552
414,832,3.0,961517861
438,832,4.0,1105649540
456,832,5.0,856883450
474,832,2.0,1047055027
477,832,3.0,1269832640
480,832,2.5,1179178449
489,832,2.0,1332774609
492,832,5.0,863976201
524,832,4.0,851609869
561,832,3.0,1491091404
586,832,4.0,1529899325
599,832,2.5,1501801787
608,832,3.5,1117666601
44,836,3.0,869252163
78,836,3.0,1252573377
93,836,4.0,942946634
217,836,3.0,955941460
228,836,3.5,1363222739
254,836,3.5,1180445811
277,836,4.0,861813095
297,836,1.0,900875927
304,836,3.0,880248899
350,836,3.0,864941284
380,836,2.0,1494278898
387,836,2.0,1094939745
414,836,2.0,961516154
492,836,4.0,863976567
559,836,3.0,865096068
573,836,3.0,1341798492
599,836,2.0,1519237962
6,838,4.0,845555514
12,838,5.0,1247264096
33,838,5.0,939716327
57,838,3.0,965797105
68,838,3.5,1158535598
84,838,5.0,857653794
100,838,4.5,1100184279
104,838,4.0,1049291806
108,838,5.0,1042840302
113,838,4.0,980051757
132,838,2.0,1157923556
156,838,3.0,939843105
206,838,5.0,850763507
246,838,4.0,1354126122
288,838,3.0,978559679
345,838,5.0,1342826728
372,838,4.0,874414806
414,838,3.0,961438642
469,838,3.0,965425513
474,838,3.0,974668977
479,838,5.0,1039362753
488,838,5.0,1112382382
489,838,3.0,1333232210
500,838,3.0,1005527926
509,838,3.5,1436031723
572,838,4.0,945890853
579,838,5.0,958880131
587,838,4.0,953138201
599,838,3.0,1519174106
603,838,4.0,954482630
6,852,4.0,845555694
19,852,4.0,965706209
31,852,4.0,850467118
32,852,4.0,856736316
44,852,4.0,869252012
45,852,4.0,951170289
68,852,3.5,1158533697
71,852,4.0,864738060
84,852,3.0,857653405
109,852,3.0,841189749
117,852,3.0,844163870
120,852,2.0,860070141
140,852,4.0,949667543
141,852,2.5,1513132100
151,852,4.0,855947434
156,852,3.0,946799834
169,852,4.5,1078284897
200,852,3.5,1229876476
202,852,4.0,974923837
263,852,3.0,941591986
275,852,4.0,1049076680
294,852,3.0,966596115
310,852,3.0,1078647905
311,852,0.5,1057854340
314,852,3.0,843469800
337,852,4.0,860255929
350,852,3.0,864941080
402,852,3.0,852552030
414,852,4.0,961438579
437,852,5.0,859721103
438,852,3.5,1105827036
451,852,4.0,854089743
462,852,0.5,1121921359
474,852,2.0,1047055128
492,852,3.0,863976201
504,852,4.0,1063644431
521,852,3.0,852713356
572,852,3.0,945886771
590,852,3.0,1258421549
597,852,2.0,940361972
599,852,2.0,1498510334
603,852,1.0,954482597
608,852,2.0,1117408384
15,858,4.0,1510571941
16,858,2.5,1377476772
17,858,5.0,1305696683
18,858,4.0,1455050024
21,858,2.5,1376823648
22,858,3.0,1268726337
23,858,3.5,1107163336
28,858,4.5,1234338178
29,858,4.5,1307907013
39,858,4.0,974789111
42,858,5.0,996213544
45,858,5.0,950722240
50,858,4.0,1514240681
51,858,3.5,1230931501
57,858,5.0,965795615
59,858,5.0,953609775
60,858,5.0,1393542055
62,858,5.0,1521488566
63,858,4.0,1443199776
64,858,5.0,1161520037
68,858,4.0,1268848984
70,858,5.0,1355198320
72,858,4.5,1217324695
74,858,5.0,1207501497
76,858,5.0,1439165633
79,858,5.0,975281842
80,858,4.0,1377308032
82,858,3.5,1084467795
84,858,4.0,858772206
91,858,5.0,1112711140
96,858,4.0,964772681
97,858,5.0,1043382068
98,858,3.0,1532458318
103,858,4.5,1431954477
104,858,1.5,1055630130
105,858,5.0,1447574026
113,858,4.0,980087838
116,858,1.5,1337199795
118,858,5.0,944923703
120,858,5.0,860070306
122,858,5.0,1461561142
125,858,4.5,1474141453
131,858,4.0,1349840197
132,858,3.0,1157920986
135,858,4.0,1009694067
137,858,5.0,1204859691
140,858,5.0,942842394
141,858,2.5,1513129959
152,858,5.0,1450572429
153,858,1.0,1525548217
156,858,5.0,946798345
160,858,5.0,1058456802
165,858,3.0,1046741758
166,858,4.5,1188921618
168,858,5.0,1306801724
171,858,5.0,866904261
177,858,5.0,1435533567
182,858,4.5,1054781812
183,858,3.0,992331344
190,858,4.5,1504310662
193,858,4.5,1436558895
197,858,2.0,947462734
199,858,4.0,940379738
202,858,4.0,974912358
204,858,4.0,1327183341
211,858,4.5,1350912929
213,858,4.0,1316197388
217,858,2.0,956194704
219,858,4.5,1194686790
220,858,5.0,1230060343
221,858,4.5,1111177420
222,858,4.5,1391346840
224,858,4.0,971812264
227,858,4.5,1447189497
228,858,4.0,1363222959
231,858,4.0,1433089520
232,858,4.0,1200882932
233,858,4.0,1524781360
238,858,3.0,1007931691
239,858,5.0,1221158130
241,858,4.5,1447536095
245,858,2.0,951183090
247,858,4.0,1467643901
249,858,4.5,1346757706
254,858,4.0,1180446617
268,858,5.0,940173559
274,858,3.5,1171409113
275,858,5.0,1049076161
279,858,4.0,1506394191
282,858,5.0,1378489615
285,858,5.0,1454214716
290,858,5.0,974937901
292,858,4.0,1015375085
294,858,5.0,966597387
295,858,4.5,1320064796
298,858,5.0,1447516830
302,858,5.0,854473349
305,858,5.0,1460134082
307,858,4.5,1186160985
308,858,1.5,1421373875
313,858,5.0,1030476347
317,858,5.0,1430361419
319,858,5.0,1461351651
322,858,1.5,1217675809
324,858,4.0,974906492
325,858,5.0,1039395381
327,858,3.5,1234788107
328,858,5.0,1494206973
329,858,2.0,1523468326
330,858,4.0,1285904229
331,858,5.0,1537157513
336,858,4.0,1120568513
338,858,4.5,1530148305
339,858,4.5,1460186715
343,858,3.0,1202061265
346,858,4.0,1094646955
348,858,5.0,1378850181
350,858,3.0,864941118
354,858,4.0,1200869809
357,858,5.0,1348610443
361,858,2.5,1204047542
362,858,5.0,1530636989
364,858,5.0,869443772
367,858,5.0,997811235
368,858,5.0,975828806
372,858,5.0,874415441
376,858,4.0,1364994077
378,858,3.0,1445345918
380,858,4.0,1493419869
382,858,5.0,1515160584
385,858,5.0,865023921
387,858,4.5,1094876298
391,858,5.0,1030945609
400,858,5.0,1498870339
409,858,5.0,967919359
412,858,5.0,939563056
413,858,5.0,1484439756
414,858,5.0,961515566
415,858,5.0,1382469952
417,858,5.0,1529283518
419,858,5.0,1321659074
422,858,4.0,995235768
424,858,3.0,1457845710
425,858,3.5,1085477411
430,858,4.0,1057518801
432,858,4.0,1315243036
434,858,5.0,1270603341
435,858,5.0,1366676018
448,858,5.0,1019124147
452,858,5.0,1013394673
453,858,4.0,972621643
462,858,5.0,1388252488
464,858,5.0,1275549680
469,858,5.0,965333666
472,858,5.0,1345843342
474,858,5.0,983033120
479,858,4.0,1039367658
480,858,5.0,1179160125
483,858,4.0,1178213656
492,858,3.0,863976249
493,858,5.0,1001562629
494,858,5.0,1001666564
495,858,4.5,1458634582
496,858,5.0,1415166629
497,858,4.0,1429127498
503,858,4.5,1335219012
510,858,4.5,1141160565
520,858,2.0,1326608568
522,858,4.5,1253343508
532,858,5.0,1025523642
553,858,5.0,1219557534
554,858,5.0,944901513
570,858,3.0,1181477206
572,858,5.0,945889215
573,858,5.0,1415676012
577,858,5.0,945966632
580,858,4.5,1167789986
585,858,5.0,1307417181
586,858,3.0,1529899254
590,858,5.0,1258416477
593,858,5.0,1181007913
594,858,4.0,1109036743
596,858,3.5,1535709558
597,858,5.0,940361738
599,858,4.0,1498499662
600,858,4.0,1237712965
601,858,5.0,1441639429
603,858,5.0,953926758
606,858,4.0,1171234955
607,858,4.0,963078880
608,858,5.0,1117408367
610,858,5.0,1479545844
4,892,4.0,964622714
57,892,3.0,965796392
90,892,4.0,856354381
182,892,3.0,1055157952
217,892,3.0,955943917
294,892,3.0,966595332
372,892,4.0,874416120
474,892,3.0,974668805
579,892,5.0,977366005
593,892,4.0,1181008767
599,892,3.5,1498542565
606,892,3.5,1174786397
609,892,3.0,847221080
4,898,5.0,964623347
28,898,3.0,1243837286
84,898,5.0,860397176
89,898,4.0,1520408274
128,898,5.0,899032763
138,898,5.0,1222676107
156,898,5.0,939853337
177,898,5.0,1435535236
186,898,4.0,1031073593
188,898,5.0,962559988
216,898,5.0,975212362
221,898,3.5,1119984481
268,898,5.0,940181021
290,898,5.0,975031095
309,898,4.5,1126452119
345,898,4.0,1342826827
357,898,4.0,1348609811
367,898,4.0,997811870
412,898,5.0,939114116
469,898,4.0,965336845
474,898,4.0,1077028750
488,898,4.5,1112382463
508,898,2.0,1268297515
517,898,3.0,1487957269
587,898,4.0,953138131
590,898,4.0,1258783102
599,898,3.5,1498501399
603,898,5.0,954482181
606,898,5.0,1171375480
4,899,4.0,945079653
17,899,3.5,1305696265
20,899,4.0,1054147395
28,899,2.0,1234334934
50,899,4.0,1514238688
57,899,5.0,965796563
84,899,4.0,858773054
89,899,1.5,1520408297
100,899,4.5,1100184112
116,899,3.0,1337195933
132,899,4.0,1157923354
161,899,4.5,1176498953
169,899,5.0,1059427559
177,899,5.0,1435534723
182,899,5.0,1054783259
185,899,5.0,1044311949
186,899,4.0,1031073593
188,899,5.0,962560143
247,899,5.0,1467759490
265,899,4.0,965314334
288,899,4.0,976139656
290,899,5.0,975030750
305,899,4.5,1490211290
328,899,0.5,1494212069
357,899,5.0,1348610852
367,899,5.0,997811393
380,899,3.0,1494803693
387,899,3.0,1094877043
414,899,5.0,961513654
420,899,5.0,1218040266
438,899,4.0,1105829795
445,899,3.0,1454622110
469,899,3.0,965662154
474,899,4.0,1083589280
479,899,4.0,1039361316
483,899,4.0,1327277680
488,899,5.0,1112382142
489,899,4.5,1333022736
517,899,4.5,1487957169
525,899,4.5,1476478361
554,899,5.0,944900147
563,899,4.5,1439933049
597,899,4.0,940362325
599,899,3.0,1498525221
600,899,4.5,1237707891
603,899,4.0,953926507
606,899,4.0,1171501243
84,900,4.0,860397352
100,900,4.0,1100184329
177,900,3.0,1435536481
290,900,4.0,974942209
355,900,5.0,974965256
377,900,2.5,1340344005
414,900,4.0,961513901
474,900,3.5,1079963736
489,900,3.5,1333659149
603,900,4.0,953926605
605,900,3.0,1277094974
606,900,4.0,1171501448
4,902,4.0,945078446
21,902,3.0,1500701864
27,902,4.0,965149631
68,902,3.5,1230498380
84,902,4.0,858772779
89,902,1.0,1520408324
113,902,5.0,980306846
132,902,3.0,1157923328
177,902,5.0,1435534728
182,902,5.0,1054783285
186,902,5.0,1031072545
217,902,2.0,955934925
280,902,4.0,1348435642
304,902,4.0,945625667
307,902,3.5,1197475173
309,902,4.0,1086565768
315,902,4.0,939920661
346,902,3.0,1094645760
356,902,4.5,1232431178
358,902,4.0,1339546344
367,902,3.0,997812946
387,902,2.5,1094875476
391,902,5.0,1030945041
398,902,5.0,1311207274
414,902,4.0,961517591
474,902,3.5,1053021014
483,902,4.0,1327277608
489,902,5.0,1332706224
517,902,4.5,1487957197
525,902,4.0,1476478682
538,902,4.0,1307845496
552,902,3.5,1111473321
572,902,4.0,945886771
600,902,2.0,1237858756
603,902,4.0,954482305
606,902,5.0,1171326167
19,903,5.0,965710671
45,903,4.0,951756950
50,903,4.0,1519140456
57,903,4.0,965795785
59,903,5.0,953610229
66,903,4.5,1099187616
74,903,4.5,1207502105
75,903,1.0,1158968143
91,903,4.0,1112712251
105,903,4.0,1447579797
113,903,4.0,980307343
127,903,3.0,1263527011
137,903,4.0,1204859803
160,903,4.0,971195858
168,903,4.5,1306793315
171,903,5.0,866905882
177,903,4.0,1435534407
182,903,4.5,1077069064
195,903,2.0,994276287
198,903,4.0,1034137690
199,903,3.0,940379738
218,903,4.0,1111624918
219,903,3.5,1195259252
221,903,5.0,1111178200
249,903,4.0,1422131991
260,903,4.5,1109410827
275,903,5.0,1049079493
285,903,5.0,1459570730
290,903,5.0,974938228
305,903,3.5,1518198067
312,903,5.0,1043177323
346,903,4.0,1125857608
348,903,5.0,1378850653
354,903,4.0,1200953304
368,903,3.0,971275394
372,903,3.0,874414948
383,903,4.0,943571272
385,903,4.0,865023813
387,903,5.0,1094875275
391,903,5.0,1030827680
396,903,4.5,1111688481
410,903,5.0,990728229
412,903,4.0,939115095
414,903,5.0,1011105064
415,903,4.0,1382470095
422,903,3.0,986173387
431,903,3.0,1267051825
469,903,5.0,965662104
474,903,4.5,1055190127
477,903,3.5,1200940556
489,903,3.5,1334587819
502,903,3.5,1111757298
554,903,5.0,944898646
567,903,0.5,1525289892
570,903,2.5,1181476059
590,903,4.5,1258421384
597,903,3.0,940362409
603,903,5.0,953924781
606,903,4.0,1171326582
610,903,5.0,1479542931
4,904,4.0,945079837
16,904,3.5,1377476805
17,904,4.0,1307262274
18,904,4.5,1455050080
19,904,5.0,965712377
23,904,3.5,1107164418
29,904,4.5,1307945605
36,904,3.5,1100803350
57,904,5.0,965795803
59,904,5.0,953610229
84,904,4.0,858772543
91,904,2.5,1112713615
98,904,5.0,1532458324
105,904,4.5,1447574553
113,904,5.0,980307343
128,904,5.0,899033229
132,904,4.0,1157919926
137,904,4.0,1204859703
152,904,4.0,1450572466
156,904,5.0,940290635
160,904,4.0,971195858
166,904,3.5,1188921640
177,904,5.0,1435536832
182,904,4.0,1161623929
188,904,5.0,962560383
195,904,5.0,974707463
199,904,3.0,940381876
219,904,5.0,1194686851
221,904,4.5,1118246670
249,904,3.5,1346757663
254,904,4.5,1180564710
260,904,4.0,1109408320
274,904,3.0,1176702899
275,904,5.0,1049078012
285,904,5.0,1468964288
288,904,4.0,985626767
290,904,5.0,975030622
305,904,4.5,1460135276
307,904,4.0,1198680625
308,904,1.0,1421373901
309,904,4.0,1126451007
310,904,5.0,1078647895
312,904,4.0,1043177323
317,904,4.0,1430361441
318,904,4.0,1417205177
325,904,5.0,1039395789
328,904,3.5,1494210384
330,904,3.5,1285904486
332,904,4.5,1352673895
339,904,4.5,1460519035
346,904,4.5,1125857473
368,904,3.0,971275394
372,904,4.0,874414749
387,904,3.5,1121052573
391,904,5.0,1032649224
410,904,5.0,990728692
412,904,5.0,939114573
414,904,5.0,1011105029
415,904,4.5,1382470197
421,904,4.0,1311495212
422,904,3.0,989716114
454,904,5.0,1284801956
462,904,4.0,1123891840
465,904,5.0,959895941
469,904,5.0,965662034
474,904,4.0,983032310
477,904,3.5,1200939390
479,904,5.0,1039362207
484,904,2.5,1342365012
487,904,4.0,1428574413
488,904,5.0,1112382257
489,904,4.5,1385823606
496,904,5.0,1415166605
497,904,3.0,1429127323
572,904,5.0,946482960
585,904,4.0,1307417190
590,904,5.0,1258419557
596,904,4.5,1535827418
597,904,5.0,940361633
599,904,3.0,1498521700
601,904,5.0,1521467803
603,904,5.0,953926481
606,904,4.5,1171363120
610,904,5.0,1493850276
89,905,3.0,1520408275
105,905,4.0,1448195403
128,905,5.0,899033229
156,905,5.0,939853546
177,905,4.0,1435535973
186,905,5.0,1031073542
216,905,4.0,975211972
217,905,4.0,955943221
221,905,4.5,1111178214
275,905,3.0,1049079216
290,905,5.0,975030622
474,905,5.0,978575711
477,905,4.0,1200949117
606,905,5.0,1171376390
19,906,3.0,965711014
59,906,5.0,953610526
177,906,4.0,1435537126
188,906,5.0,962560423
309,906,3.5,1166068397
387,906,3.5,1117430420
474,906,5.0,983032159
474,907,3.0,1074607299
554,907,4.0,944900345
4,908,5.0,945173902
18,908,4.0,1455748398
36,908,3.5,1100803999
39,908,3.0,974787139
57,908,5.0,965795827
64,908,4.0,1161528942
75,908,4.5,1158967045
84,908,4.0,858772641
91,908,3.0,1112710923
128,908,5.0,899032847
131,908,4.0,1349839865
137,908,4.5,1204859724
152,908,4.0,1450572513
156,908,5.0,940290635
160,908,3.0,971112529
165,908,4.0,1046741248
168,908,5.0,1306802820
182,908,4.0,1054780406
186,908,4.0,1031072794
193,908,5.0,1436558703
195,908,5.0,1012727183
202,908,5.0,974912496
213,908,4.0,1316197344
219,908,4.0,1194688060
221,908,5.0,1118246696
249,908,4.0,1367765751
274,908,3.5,1204878965
275,908,5.0,1049078001
288,908,3.0,975691307
290,908,5.0,975030699
307,908,4.0,1198813463
309,908,3.5,1126451042
334,908,3.5,1225477649
339,908,4.5,1460519002
368,908,3.0,971273222
387,908,4.0,1094876356
391,908,5.0,1030824732
410,908,4.0,990728986
412,908,5.0,939114573
414,908,4.0,961516776
415,908,5.0,1382470195
450,908,4.0,974704945
462,908,4.0,1121921162
465,908,5.0,959895962
469,908,5.0,965662055
474,908,3.5,1089386974
477,908,4.0,1200941111
489,908,3.0,1385823643
497,908,3.0,1429127355
554,908,5.0,944901414
572,908,5.0,945889414
577,908,5.0,945966653
580,908,1.5,1167790960
590,908,5.0,1258418252
601,908,4.5,1521467823
603,908,4.0,953926507
606,908,4.5,1171310442
50,909,3.0,1514239063
84,909,3.0,860397278
89,909,2.5,1520408308
105,909,4.0,1447574396
110,909,4.0,1175329520
113,909,4.0,980307093
177,909,5.0,1435535626
216,909,4.0,975212422
217,909,4.0,955943574
275,909,5.0,1049078169
290,909,5.0,974938617
307,909,4.0,1186085192
315,909,5.0,939919421
377,909,4.0,1340345156
412,909,3.0,939114397
414,909,4.0,961516716
415,909,4.5,1382470181
421,909,4.0,1311494146
469,909,5.0,965425327
474,909,4.0,1046809068
483,909,5.0,1415578849
517,909,0.5,1487954015
590,909,4.0,1258783119
597,909,4.0,940362198
603,909,4.0,1000194311
606,909,4.0,1171362987
610,909,4.5,1494273054
4,910,5.0,945173989
17,910,3.5,1305696226
19,910,4.0,965705661
68,910,2.5,1268848806
84,910,3.0,858773054
89,910,1.5,1520408296
110,910,4.5,1175330185
127,910,4.0,1263527087
132,910,4.0,1157923212
137,910,4.0,1204859856
156,910,5.0,939854008
177,910,5.0,1435534598
199,910,4.0,946523653
216,910,4.0,975212038
217,910,4.0,955942801
221,910,4.0,1119984151
246,910,4.5,1354126965
260,910,2.5,1109411020
275,910,3.0,1049078069
280,910,3.0,1348434929
290,910,5.0,974938064
294,910,4.0,966594956
307,910,3.0,1186162190
318,910,3.5,1342626202
332,910,4.5,1352674442
355,910,4.0,974966389
367,910,4.0,997811632
382,910,4.0,1515160874
387,910,3.5,1094876652
391,910,5.0,1032388417
398,910,5.0,1311208658
409,910,5.0,968978852
412,910,4.0,939114231
414,910,5.0,961595311
420,910,5.0,1218040269
445,910,3.5,1454622112
462,910,3.5,1121921373
469,910,3.0,965336611
474,910,4.0,1076347375
477,910,3.5,1200949130
479,910,5.0,1039362276
483,910,4.5,1204472972
488,910,5.0,1112382266
489,910,4.5,1332706110
517,910,4.0,1487957563
587,910,4.0,953137911
590,910,5.0,1258418246
599,910,2.5,1498516800
603,910,4.0,953926507
606,910,5.0,1171236625
19,911,3.0,965705725
27,911,5.0,965149512
57,911,4.0,965796793
89,911,2.5,1520408306
128,911,4.0,899033506
177,911,4.0,1435536014
290,911,4.0,974943209
309,911,4.0,1126452246
387,911,4.0,1117431126
474,911,3.5,1100292182
520,911,4.0,1326687754
599,911,3.0,1498519832
606,911,4.5,1171377146
4,912,5.0,945173902
10,912,4.0,1455302254
16,912,3.5,1377476810
23,912,3.5,1107163409
31,912,5.0,850467425
32,912,5.0,856737165
42,912,5.0,996261986
51,912,3.0,1230929282
57,912,5.0,965796541
59,912,5.0,953609857
63,912,4.0,1443201230
66,912,4.5,1104644490
68,912,4.5,1158531003
72,912,4.5,1217324689
75,912,4.0,1158967840
84,912,4.0,860397090
91,912,4.0,1112712320
103,912,5.0,1431954433
105,912,4.0,1447574048
113,912,5.0,980307023
128,912,5.0,899032763
132,912,3.0,1157920920
135,912,4.0,1009694264
137,912,5.0,1204859738
140,912,4.0,1085569768
156,912,5.0,946798960
168,912,4.5,1306802375
177,912,5.0,1435536836
182,912,5.0,1054780481
187,912,4.0,1161864021
198,912,5.0,1034134297
199,912,5.0,1094260102
202,912,5.0,974912380
205,912,2.5,1519900636
213,912,3.5,1316197229
215,912,4.5,1260908781
220,912,5.0,1230061664
221,912,5.0,1118246723
227,912,3.5,1447189854
230,912,1.5,1196304813
245,912,3.0,951182649
247,912,4.0,1467665453
249,912,4.5,1410001922
263,912,4.0,941591605
274,912,3.5,1197880114
275,912,5.0,1049079133
282,912,3.5,1378490006
285,912,5.0,1456669687
288,912,4.0,976139635
290,912,5.0,974938151
295,912,4.0,1320064776
308,912,3.0,1421374237
309,912,5.0,1086564162
312,912,5.0,1043177067
313,912,3.0,1030555523
319,912,4.5,1461352089
322,912,5.0,1217676046
328,912,1.0,1494210380
332,912,4.5,1352672004
346,912,4.5,1125857764
348,912,5.0,1378850197
356,912,5.0,1228072996
367,912,5.0,997812810
376,912,4.0,1364994347
382,912,5.0,1515160629
387,912,5.0,1094876530
391,912,5.0,1030827662
409,912,4.0,969059617
410,912,4.0,990729022
414,912,5.0,961512311
421,912,4.0,1311494770
422,912,4.0,989715981
432,912,5.0,1316391691
448,912,4.5,1113129247
453,912,3.0,1005965667
462,912,4.0,1123891831
465,912,5.0,959896479
469,912,5.0,965661904
474,912,5.0,983032184
483,912,4.0,1215872942
488,912,4.5,1112382189
489,912,4.0,1332772997
496,912,4.5,1415166610
509,912,3.0,1435993017
517,912,4.0,1487957248
524,912,3.0,851609191
527,912,4.0,1033173535
554,912,5.0,944901161
563,912,4.0,1439932492
572,912,5.0,945889250
577,912,5.0,945966109
580,912,0.5,1167790940
590,912,5.0,1258416487
593,912,5.0,1181008487
599,912,4.0,1498499327
600,912,2.5,1237715089
601,912,4.0,1521467834
603,912,5.0,954482153
606,912,4.5,1171237188
610,912,3.5,1493850323
16,913,4.0,1377477016
18,913,4.0,1517525849
19,913,5.0,965712238
23,913,4.0,1107164441
27,913,4.0,965151031
57,913,5.0,965795851
59,913,5.0,953609637
63,913,4.0,1443199803
95,913,4.0,1043340225
127,913,5.0,1263527066
137,913,4.5,1204859769
156,913,5.0,946798252
168,913,4.5,1306802817
188,913,5.0,962560423
198,913,4.0,1034137677
199,913,4.5,1261363313
200,913,4.0,1229876484
202,913,4.0,974925496
216,913,4.0,975211546
219,913,4.5,1198782336
221,913,4.5,1119983933
275,913,3.0,1049078123
290,913,5.0,975030699
309,913,4.5,1086563234
318,913,3.5,1424455787
322,913,3.5,1217675567
376,913,4.0,1364933827
387,913,4.5,1123041880
410,913,4.0,990909374
412,913,5.0,939115095
414,913,4.0,961436823
469,913,3.0,965335241
474,913,4.0,1077546574
477,913,3.0,1200940509
488,913,3.5,1112382408
524,913,3.0,851609623
527,913,4.0,1033173751
555,913,5.0,978819462
561,913,4.5,1491094886
587,913,3.0,953136939
590,913,4.5,1258421525
597,913,4.0,940362325
599,913,3.5,1498501240
603,913,5.0,953925308
3,914,0.5,1306463567
4,914,5.0,945079670
20,914,4.5,1054036277
29,914,4.0,1362016608
33,914,5.0,940422746
50,914,3.0,1527542415
84,914,4.0,858772733
100,914,4.0,1100184107
104,914,4.0,1048586285
105,914,4.0,1448214363
132,914,3.0,1157923450
140,914,4.0,942841652
169,914,5.0,1059427248
177,914,4.0,1435534752
186,914,4.0,1031079112
188,914,5.0,962560181
292,914,2.0,1357062188
315,914,3.0,939919700
328,914,4.0,1494212046
357,914,4.0,1348610398
398,914,5.0,1311207286
474,914,4.5,1089386238
483,914,4.0,1215895901
488,914,4.5,1112382276
489,914,5.0,1332706506
517,914,4.5,1487953960
525,914,4.0,1476478038
552,914,3.5,1111473297
554,914,4.0,944900238
563,914,4.0,1439932656
590,914,4.0,1258419920
593,914,4.0,1181007078
600,914,4.5,1237858111
603,914,5.0,954482383
606,914,5.0,1171228846
19,915,2.0,965706045
57,915,5.0,965796333
84,915,3.0,860397323
89,915,2.0,1520408307
105,915,4.0,1448214365
113,915,5.0,980306937
132,915,2.5,1174934846
156,915,3.0,946799588
177,915,5.0,1435535580
186,915,4.0,1031080604
290,915,4.0,974942446
348,915,4.5,1378849927
355,915,4.0,974966389
357,915,3.0,1348610981
367,915,4.0,997812240
387,915,3.5,1094877857
410,915,4.0,990728374
412,915,3.0,939114354
414,915,4.0,961513948
474,915,4.0,983032398
479,915,5.0,1039367642
483,915,3.5,1215897398
488,915,3.0,1112382370
489,915,5.0,1332704752
525,915,3.5,1476478690
587,915,4.0,953138331
590,915,3.5,1267150894
600,915,3.5,1237716118
603,915,4.0,953926581
606,915,4.5,1171362994
53,916,5.0,1237748102
83,916,5.0,1332840258
84,916,3.0,860397294
89,916,3.5,1520408299
100,916,4.5,1100184150
113,916,5.0,980306890
132,916,3.5,1157979635
177,916,5.0,1435535343
186,916,5.0,1031073542
216,916,4.0,975212110
253,916,2.5,1286642684
275,916,3.0,1049079466
280,916,4.0,1348434789
305,916,4.5,1516130791
307,916,4.0,1200150332
355,916,4.0,974966389
356,916,4.5,1228072704
410,916,5.0,990909576
414,916,5.0,961513654
474,916,4.0,978575711
517,916,3.0,1487957530
525,916,4.0,1476478618
563,916,4.0,1439932454
599,916,3.0,1519121049
603,916,3.0,954482210
606,916,4.5,1171326349
89,918,3.0,1520408424
104,918,3.5,1257078112
169,918,4.0,1070250186
177,918,4.0,1435719333
188,918,4.0,962560181
290,918,5.0,975031234
357,918,5.0,1348611846
474,918,3.5,1087831778
489,918,5.0,1335869001
517,918,4.0,1487957203
1,919,5.0,964982475
4,919,5.0,945079521
18,919,4.0,1455748544
20,919,5.0,1054038078
33,919,5.0,940422746
36,919,1.5,1100803557
45,919,3.0,950740452
51,919,2.0,1230932502
64,919,4.0,1161521149
66,919,3.5,1104645169
68,919,3.0,1158531038
84,919,5.0,858772586
91,919,3.0,1112713366
100,919,4.5,1100183748
104,919,3.0,1090595804
115,919,4.0,944958086
132,919,3.5,1157922721
135,919,5.0,1009693267
137,919,5.0,1204859924
140,919,4.0,1085569784
156,919,4.0,941922678
169,919,5.0,1078284334
171,919,4.0,866905820
177,919,5.0,1435533777
182,919,4.0,1054781073
185,919,3.0,1044311830
186,919,5.0,1031079112
188,919,5.0,962560143
195,919,1.0,979470146
202,919,4.0,974912341
217,919,3.0,955941874
226,919,3.0,1095662480
227,919,4.0,1447209942
232,919,4.0,1076956366
234,919,4.0,1004408886
247,919,4.0,1467661173
266,919,1.0,944980614
267,919,5.0,959815004
274,919,3.5,1171427932
280,919,3.5,1348532290
282,919,5.0,1378495687
288,919,3.5,1054568911
290,919,5.0,975030570
294,919,2.0,966633792
305,919,5.0,1460135811
307,919,5.0,1186161447
309,919,4.5,1126452070
313,919,3.0,1030476460
325,919,4.0,1039397978
328,919,3.0,1494210670
330,919,4.5,1285905261
357,919,4.5,1348610304
367,919,5.0,997811194
380,919,3.0,1493474195
381,919,4.0,1200824479
387,919,3.0,1094877085
409,919,5.0,969060011
414,919,4.0,961516737
428,919,3.5,1111525120
448,919,4.0,1019125217
457,919,4.0,993610398
462,919,4.0,1154037891
469,919,4.0,965662075
474,919,4.5,1100291792
477,919,3.5,1200939942
479,919,5.0,1039362544
480,919,5.0,1179177957
483,919,1.0,1181496661
484,919,5.0,1342229153
489,919,4.5,1332773015
514,919,4.5,1534051777
517,919,4.5,1487954346
525,919,3.5,1476476746
527,919,5.0,1033175704
531,919,3.0,1032961819
554,919,5.0,944901822
561,919,3.5,1491094612
563,919,4.0,1448636460
573,919,4.0,1186722604
577,919,3.0,945966744
580,919,2.0,1167673498
590,919,5.0,1258420814
594,919,4.0,1108798681
596,919,4.0,1535826725
597,919,4.0,941631197
599,919,3.0,1498523826
600,919,3.0,1237764353
603,919,5.0,963177308
605,919,2.0,1277176088
607,919,5.0,964744224
608,919,2.5,1117408378
610,919,3.5,1493850305
4,920,5.0,945173602
7,920,3.0,1106635685
12,920,4.5,1247264114
27,920,4.0,962686447
41,920,3.0,1458939112
57,920,4.0,965796578
68,920,5.0,1158532765
75,920,3.0,1158967791
84,920,4.0,858772515
91,920,2.5,1112713503
100,920,4.0,1100184140
103,920,4.5,1431957405
116,920,1.0,1337200265
132,920,3.0,1157919867
140,920,5.0,1055092887
156,920,3.0,941922678
177,920,3.5,1435534305
198,920,5.0,1034138307
202,920,4.0,974924428
275,920,5.0,1049076206
288,920,3.0,976139692
303,920,3.0,1053302773
313,920,2.0,1030555777
357,920,5.0,1348610673
368,920,4.0,971274910
372,920,3.0,874417022
387,920,3.0,1094938343
391,920,5.0,1030945265
427,920,4.0,1053068809
469,920,3.0,965662034
474,920,2.0,1047054549
483,920,1.5,1181496632
489,920,4.0,1332773977
513,920,5.0,1159980400
517,920,4.0,1487957162
525,920,3.5,1476480627
527,920,3.0,1033173833
570,920,2.5,1181478283
577,920,5.0,945966158
590,920,5.0,1258416931
594,920,4.5,1109037759
599,920,3.0,1498523846
603,920,4.0,954482255
606,920,4.0,1175637519
607,920,2.0,963078392
19,921,3.0,965706068
156,921,3.0,946799400
216,921,4.0,975212308
217,921,2.0,955943345
275,921,5.0,1049076911
325,921,4.0,1039396945
469,921,3.0,965425327
474,921,3.0,1087832282
590,921,3.5,1267152159
9,922,4.0,1044657026
53,922,5.0,1237748084
57,922,4.0,965795803
59,922,4.0,953609611
66,922,5.0,1104644777
84,922,4.0,860397228
105,922,4.0,1448195659
137,922,5.0,1204859734
156,922,4.0,1106854096
177,922,5.0,1435536838
187,922,5.0,1161849981
216,922,5.0,975211546
221,922,5.0,1118246926
274,922,3.5,1284685294
318,922,4.0,1327169322
332,922,4.5,1352671024
387,922,4.0,1125886206
410,922,5.0,990909227
415,922,4.5,1382469976
422,922,5.0,986173215
474,922,4.0,1055439689
477,922,4.5,1245030056
488,922,3.0,1112382445
561,922,4.5,1491094791
590,922,4.0,1266389913
597,922,5.0,940362409
599,922,2.5,1498517318
1,923,5.0,964981529
9,923,5.0,1044657026
16,923,3.5,1377477349
18,923,5.0,1455059762
23,923,4.0,1107164855
50,923,4.0,1526329877
57,923,5.0,965795758
68,923,3.0,1252728105
74,923,5.0,1207501381
76,923,1.5,1439168706
83,923,3.5,1332840063
84,923,4.0,858772354
91,923,4.0,1112710903
100,923,3.5,1100185889
103,923,4.0,1477519255
105,923,4.0,1447574060
122,923,5.0,1461562092
128,923,4.0,899033269
137,923,5.0,1204859839
156,923,5.0,939884805
166,923,4.5,1189038377
168,923,5.0,1306801900
177,923,2.5,1435536924
182,923,3.5,1054780444
198,923,5.0,1034134297
199,923,5.0,940379698
202,923,5.0,974912380
221,923,4.5,1118246740
247,923,4.0,1467759737
265,923,4.0,965316039
267,923,2.0,959806612
274,923,3.0,1203892747
275,923,5.0,1049078001
282,923,1.0,1378490118
288,923,3.5,1054569504
290,923,5.0,974937918
292,923,1.5,1265680002
307,923,4.0,1194121098
346,923,4.0,1155066626
367,923,5.0,997812715
387,923,4.5,1094849170
391,923,5.0,1030827746
410,923,5.0,990729022
414,923,5.0,961516613
420,923,3.5,1218041914
422,923,4.0,986173215
430,923,5.0,963545726
448,923,4.5,1459083402
462,923,4.5,1121921147
469,923,5.0,965661809
474,923,4.5,1100119549
477,923,4.0,1200940534
480,923,5.0,1179160094
484,923,4.5,1342228707
489,923,3.5,1335869037
513,923,4.0,1159980395
524,923,3.0,851609788
552,923,4.5,1111473293
554,923,2.0,944901414
560,923,4.0,1469657403
561,923,4.0,1491094658
570,923,2.5,1181478196
577,923,3.0,945966617
590,923,4.0,1258416926
599,923,4.0,1498499063
600,923,4.0,1237715413
603,923,5.0,1002403371
608,923,3.5,1117490720
610,923,4.0,1479542942
7,924,4.0,1106712615
18,924,4.0,1458516291
19,924,3.0,965712377
23,924,4.0,1107162966
27,924,2.0,962686660
28,924,3.0,1234516770
29,924,5.0,1307906672
39,924,2.0,974787586
41,924,2.0,1459367435
42,924,5.0,996216038
45,924,4.0,950740805
50,924,4.5,1514238077
51,924,5.0,1230929275
57,924,5.0,965796656
59,924,5.0,953610267
63,924,3.5,1443199909
64,924,1.0,1161521031
68,924,1.5,1158532482
69,924,5.0,1021645837
73,924,4.0,1464282755
75,924,3.5,1158967613
83,924,5.0,1332839611
91,924,3.5,1112711183
95,924,5.0,1043340392
103,924,4.0,1431957200
105,924,4.0,1448214035
137,924,4.0,1204863861
140,924,4.0,1021898943
149,924,2.0,902084798
156,924,4.5,1106854511
160,924,5.0,971113925
167,924,1.0,1154723239
177,924,1.5,1435890584
182,924,5.0,1054779890
186,924,5.0,1031079431
187,924,4.0,1161850326
193,924,5.0,1436558672
197,924,4.0,947462579
198,924,4.0,1034135489
202,924,5.0,974912414
212,924,4.0,1523217002
233,924,3.5,1529334376
239,924,4.0,1221159034
249,924,4.5,1415415256
266,924,5.0,945751855
267,924,4.0,959807540
271,924,4.0,1234302201
274,924,2.5,1171934762
275,924,1.0,1049078032
279,924,4.0,1506394394
288,924,5.0,976139234
290,924,5.0,974938151
298,924,4.0,1447607114
304,924,4.0,891172958
305,924,4.0,1518198645
307,924,3.5,1186084299
312,924,5.0,1043176553
313,924,3.0,1030474705
314,924,5.0,845285383
315,924,3.0,939919421
318,924,3.5,1312876245
325,924,5.0,1039397092
328,924,4.0,1494210622
330,924,1.5,1285905245
333,924,2.0,965671389
339,924,5.0,1460182148
345,924,4.0,1342827347
352,924,4.0,1493931975
354,924,3.5,1200870595
362,924,5.0,1532214407
368,924,3.0,971275394
371,924,5.0,1407692564
372,924,2.0,874416443
377,924,5.0,1340342347
380,924,4.0,1508109502
384,924,3.0,994038103
385,924,4.0,849547129
387,924,5.0,1094876341
391,924,5.0,1032388098
412,924,5.0,939114775
414,924,5.0,961514698
420,924,4.0,1218207758
434,924,4.5,1270606834
440,924,4.5,1237569107
448,924,4.0,1019132961
452,924,3.0,1013395206
462,924,2.0,1123893232
465,924,5.0,959895962
469,924,5.0,965335373
474,924,4.0,1110994455
477,924,4.5,1200939944
489,924,4.0,1333101525
503,924,4.0,1335219595
520,924,3.0,1326608306
524,924,4.0,851609506
542,924,4.0,1163387449
561,924,4.0,1491094624
567,924,1.0,1525289415
572,924,5.0,945889997
577,924,3.0,945966819
580,924,3.5,1167673406
590,924,5.0,1258420784
596,924,4.0,1535827439
599,924,5.0,1498456847
600,924,4.0,1237708613
603,924,5.0,1000194332
606,924,5.0,1171310501
608,924,3.0,1147210995
610,924,4.5,1493850330
74,926,5.0,1207502168
84,926,5.0,858773023
105,926,4.0,1447574054
108,926,3.0,1042839569
128,926,5.0,899033362
177,926,5.0,1435535833
188,926,4.0,962559391
221,926,5.0,1111178208
253,926,4.5,1286642757
275,926,4.0,1049078323
345,926,5.0,1342828555
357,926,5.0,1348610665
367,926,4.0,997813545
377,926,4.5,1340343456
462,926,3.5,1238456326
469,926,4.0,965662034
474,926,4.5,1116517487
510,926,4.5,1141159343
554,926,4.0,944901968
555,926,4.0,978748483
580,926,1.0,1167790992
590,926,4.0,1258416492
603,926,5.0,953926507
606,926,4.0,1235151688
216,927,4.0,975212335
474,927,4.0,1100119644
606,927,4.0,1349082838
59,928,5.0,953610381
75,928,4.5,1158967852
137,928,3.5,1204859833
177,928,5.0,1435535847
216,928,5.0,974733351
219,928,3.0,1194686690
221,928,4.5,1111178196
290,928,5.0,974938036
367,928,4.0,997811450
387,928,4.0,1122184362
415,928,4.5,1382470168
469,928,3.0,965662034
474,928,5.0,983032159
489,928,2.5,1333023381
590,928,4.0,1258783096
599,928,4.0,1498528449
603,928,4.0,954482181
606,928,4.5,1171326548
474,929,3.5,1140441870
4,930,5.0,964538571
19,930,3.0,965710781
156,930,5.0,939854531
216,930,5.0,975211596
219,930,4.0,1195944835
221,930,4.0,1119984072
290,930,4.0,974938272
309,930,4.0,1166068873
387,930,4.5,1094876584
391,930,5.0,1030945141
412,930,4.0,939136951
415,930,4.0,1382470019
465,930,5.0,959895840
469,930,4.0,965335241
474,930,4.0,983032159
590,930,4.0,1258426687
597,930,4.0,941728717
599,930,4.0,1498499295
603,930,4.0,953925308
606,930,4.5,1171310419
19,931,4.0,965710914
84,931,3.0,860397409
201,931,3.0,940006866
372,931,4.0,874415062
387,931,4.0,1121915903
474,931,3.5,1129579344
599,931,3.0,1498522201
603,931,5.0,954482383
606,931,5.0,1171363287
45,934,3.0,950724757
51,934,1.0,1230930567
84,934,3.0,860397438
100,934,4.5,1100186407
104,934,3.5,1053336487
169,934,5.0,1059428008
182,934,2.5,1054781612
367,934,4.0,997812459
369,934,3.5,1237081698
409,934,2.0,968978942
474,934,3.0,1060606681
587,934,4.0,953139000
89,936,2.5,1520408345
104,936,3.5,1056228966
156,936,5.0,939853418
412,936,5.0,939114354
474,936,4.0,1137521219
606,936,4.0,1172017595
104,938,3.0,1161675732
290,938,5.0,975031297
369,938,1.5,1237081893
474,938,2.5,1089387375
489,938,4.5,1335868795
517,938,3.0,1487957223
1,940,5.0,964982176
57,940,4.0,969753691
128,940,5.0,899032847
177,940,3.0,1435536037
387,940,2.5,1094877263
474,940,3.5,1120355738
590,940,5.0,1258417339
605,940,4.0,1277096068
448,941,4.0,1092830001
474,941,3.5,1091456369
1,943,4.0,964983614
113,943,5.0,980307023
128,943,4.0,899033565
474,943,3.5,1088426742
600,943,4.0,1237858152
605,943,3.0,1277175685
606,943,4.0,1173571732
304,944,4.0,947131576
469,944,4.0,965846425
474,944,4.0,1087217719
89,945,4.0,1520408345
128,945,5.0,899033565
156,945,5.0,939854008
216,945,3.0,975212151
474,945,4.5,1100119798
517,945,3.0,1487957546
603,945,4.0,954482181
89,947,1.5,1520408347
156,947,5.0,939853546
474,947,3.5,1137521088
603,947,5.0,1000194379
84,948,4.0,860397409
177,948,5.0,1435803257
387,948,3.0,1095119611
474,948,4.0,1087831540
603,948,4.0,953926605
606,948,3.5,1171812999
89,950,3.0,1520408274
186,950,4.0,1031073630
221,950,4.5,1119984208
412,950,5.0,939115121
414,950,2.5,1079901608
474,950,4.0,1143998585
489,950,4.0,1332705730
57,951,4.0,969753168
84,951,4.0,860397323
89,951,3.5,1520408278
137,951,5.0,1204859789
216,951,5.0,975212004
221,951,4.0,1119984274
275,951,5.0,1049078069
290,951,5.0,975030982
387,951,3.5,1117438328
412,951,5.0,939114304
414,951,4.0,1485656836
474,951,4.5,1100119780
590,951,4.0,1264794190
599,951,5.0,1498457229
186,952,4.0,1031087898
288,952,3.0,978467717
292,952,4.0,1293563056
294,952,4.0,966595748
387,952,2.5,1095041918
448,952,4.5,1127643381
474,952,3.0,1089386622
489,952,4.5,1333831047
517,952,3.0,1487956619
577,952,4.0,945965795
580,952,3.0,1167862027
603,952,4.0,963177272
29,953,5.0,1307906372
51,953,5.0,1230929755
63,953,4.0,1443199729
66,953,4.0,1104645133
68,953,2.5,1180916203
70,953,5.0,1355198436
76,953,2.0,1439167723
84,953,3.0,858772760
103,953,4.0,1431954365
137,953,4.0,1204859888
140,953,3.0,942842215
156,953,3.5,1106855520
157,953,3.0,992479516
168,953,4.5,1306793289
169,953,5.0,1059427133
177,953,4.5,1435537077
186,953,5.0,1031073630
202,953,5.0,974912002
221,953,5.0,1111178205
224,953,4.0,971811286
232,953,4.0,1182909699
247,953,2.0,1467759763
265,953,5.0,965316060
275,953,5.0,1049079179
288,953,4.5,1066059673
290,953,5.0,974938836
305,953,4.0,1516130661
307,953,3.0,1186161871
309,953,4.0,1086563214
322,953,4.0,1217676860
327,953,5.0,1234788185
328,953,5.0,1494211083
357,953,5.0,1348610697
367,953,5.0,997812874
372,953,4.0,874415666
380,953,4.0,1494803542
387,953,2.5,1094938339
391,953,5.0,1030827772
414,953,5.0,1010675893
421,953,5.0,1311494608
462,953,4.0,1121921378
474,953,3.5,1100292234
480,953,4.0,1179162441
483,953,4.0,1178294254
488,953,4.5,1112381850
489,953,4.0,1333023344
502,953,1.5,1111757227
517,953,4.5,1487953643
525,953,3.5,1476481374
554,953,4.0,944902081
572,953,5.0,945889698
590,953,5.0,1258421308
597,953,5.0,940362325
599,953,3.5,1498500837
600,953,2.0,1237713489
601,953,4.5,1521467828
606,953,4.0,1171378155
608,953,0.5,1117161796
1,954,5.0,964983219
66,954,4.0,1099187566
84,954,4.0,860397244
89,954,3.5,1520408307
137,954,4.5,1204859817
177,954,4.0,1435535375
217,954,4.0,955935113
220,954,4.5,1230054684
275,954,5.0,1049079562
290,954,5.0,974938670
304,954,5.0,891172903
309,954,2.5,1126451098
387,954,3.0,1094877024
474,954,4.5,1053020968
480,954,4.5,1179179186
522,954,3.5,1253342846
567,954,2.0,1525288267
590,954,5.0,1258418954
57,955,5.0,965795869
84,955,4.0,860397306
89,955,3.0,1520408312
137,955,3.0,1204859912
156,955,3.0,939853418
177,955,5.0,1435535908
216,955,4.0,975212199
253,955,4.5,1286642779
290,955,5.0,974942093
357,955,3.0,1348610984
410,955,4.0,990909576
469,955,3.0,965336955
474,955,4.0,1087831602
488,955,4.0,1112382530
517,955,1.0,1487957331
555,955,5.0,978745928
590,955,4.0,1258418946
603,955,5.0,953925827
474,956,4.0,1101737024
19,965,2.0,965710693
51,965,5.0,1230930560
59,965,5.0,953610267
128,965,4.0,899033362
219,965,4.5,1194680879
221,965,4.5,1111178184
253,965,3.5,1286642850
305,965,4.0,1518768359
380,965,4.0,1494804728
387,965,4.0,1121744363
474,965,4.0,1130961711
64,968,3.5,1161536420
137,968,3.5,1204859078
186,968,5.0,1031079906
187,968,4.0,1161849790
274,968,3.0,1171784710
288,968,3.0,976138704
290,968,4.0,975032333
292,968,1.0,1015374438
305,968,5.0,1463503095
312,968,5.0,1043176065
313,968,5.0,1030474778
380,968,5.0,1493474405
384,968,3.0,996440991
387,968,3.5,1124608972
409,968,5.0,968978361
414,968,4.0,961436932
422,968,2.0,986173855
474,968,4.0,1100291775
477,968,2.0,1200939188
505,968,5.0,1298779478
555,968,3.0,978841464
562,968,4.5,1368892969
571,968,5.0,966900461
590,968,3.0,1258415259
591,968,2.0,970525046
599,968,3.0,1498521415
603,968,5.0,953925630
610,968,4.0,1495959070
27,969,4.0,965149694
50,969,3.5,1527108544
57,969,4.0,965796563
59,969,5.0,953609997
63,969,3.0,1443199835
103,969,4.0,1431957809
113,969,5.0,980306890
131,969,3.5,1349840182
137,969,4.0,1204859884
140,969,4.0,942842265
156,969,4.0,946799037
186,969,5.0,1031080578
199,969,4.0,1401308909
217,969,4.0,955936099
224,969,1.0,971812789
265,969,5.0,965314300
271,969,4.0,1234301699
288,969,3.0,976139709
290,969,5.0,974938303
325,969,5.0,1039397599
345,969,4.5,1342827857
387,969,3.0,1094877523
414,969,4.0,961512442
465,969,5.0,959896591
474,969,5.0,983032364
517,969,1.0,1487958608
524,969,3.0,851609453
527,969,4.0,1033175729
555,969,3.0,978748364
572,969,5.0,945888912
577,969,4.0,945965658
590,969,4.5,1258418242
603,969,5.0,953926529
606,969,4.0,1171377561
474,970,3.5,1096471043
84,971,3.0,860397365
177,971,5.0,1435536582
182,971,4.0,1055157500
202,971,4.0,974925858
290,971,5.0,974938908
309,971,4.5,1086565216
415,971,4.5,1382469873
474,971,3.5,1087831992
488,971,2.5,1112382415
489,971,5.0,1333659707
309,973,4.0,1086564073
414,973,4.0,961517193
474,973,3.5,1084982148
479,973,4.0,1039362729
606,973,4.0,1180551729
474,976,3.0,1100269624
6,986,4.0,845556475
19,986,3.0,965709445
20,986,3.5,1054038204
27,986,4.0,962685883
117,986,3.0,844163896
140,986,5.0,949666758
217,986,4.0,955941949
288,986,3.0,978467651
474,986,4.0,979180335
481,986,3.0,895844838
517,986,2.5,1487956303
577,986,3.0,945965795
605,986,4.0,1277094969
6,991,4.0,845556808
57,991,3.0,965799536
160,991,2.0,971115869
288,991,2.0,976121412
313,991,3.0,1030558421
391,991,4.0,1031030749
414,991,4.0,961512595
474,991,3.0,1060105177
480,991,4.0,1179160361
599,991,3.5,1519233999
606,991,4.0,1171735721
33,994,5.0,939646939
57,994,4.0,972172431
171,994,5.0,866905907
201,994,4.0,940350528
221,994,3.5,1119984623
275,994,4.0,1049079037
414,994,4.0,1029248908
474,994,3.5,1129579365
599,994,3.0,1519142485
603,994,5.0,953925210
606,994,5.0,1171816775
6,1006,4.0,845556694
458,1006,4.0,845652311
474,1006,3.5,1071595945
492,1006,4.0,863976722
599,1006,2.0,1519347349
20,1010,3.0,1054038376
27,1010,2.0,962686260
84,1010,3.0,860397598
140,1010,4.0,1021899137
288,1010,3.5,1054568488
414,1010,2.0,1036431562
448,1010,4.0,1019126928
474,1010,3.0,983032872
517,1010,3.0,1487954433
20,1013,4.0,1054038219
84,1013,3.0,860397477
113,1013,5.0,980307165
140,1013,4.0,1021899112
288,1013,3.0,978469957
320,1013,3.5,1284250735
328,1013,2.0,1494211147
342,1013,2.0,1042821145
385,1013,3.0,842893062
414,1013,3.0,961518330
474,1013,3.0,1047054662
590,1013,3.0,1258417326
20,1022,4.5,1054038135
27,1022,4.0,965149756
39,1022,3.0,974789035
68,1022,3.5,1158535652
104,1022,4.0,1048590907
117,1022,4.0,844163734
137,1022,3.0,1204859023
160,1022,5.0,971619022
161,1022,3.0,1176498609
169,1022,4.0,1059427297
177,1022,5.0,1435720405
217,1022,3.0,955942619
230,1022,2.0,1196304128
232,1022,2.5,1218169998
247,1022,2.0,1467936073
274,1022,2.5,1171785492
288,1022,3.0,978469358
292,1022,3.0,1360446298
318,1022,2.5,1346841051
328,1022,2.5,1494210989
357,1022,4.5,1348627557
372,1022,3.0,874415832
375,1022,3.0,1225230212
380,1022,3.0,1494803762
385,1022,3.0,842892370
395,1022,3.0,841505441
406,1022,3.5,1296959224
414,1022,4.0,961518975
438,1022,4.0,1105667308
448,1022,4.0,1019126704
474,1022,4.0,1047054285
484,1022,4.5,1342297643
505,1022,4.0,1298779438
509,1022,3.0,1435997868
514,1022,4.0,1533872666
525,1022,3.0,1476478228
554,1022,5.0,944900488
579,1022,4.0,958881146
590,1022,4.5,1258422411
599,1022,3.5,1498797822
600,1022,3.0,1237857824
605,1022,3.0,1277175761
1,1025,5.0,964982791
4,1025,4.0,945079232
20,1025,5.0,1054038107
39,1025,4.0,974788976
68,1025,2.5,1158534087
103,1025,4.0,1431969093
171,1025,4.0,866905858
177,1025,4.0,1435535478
211,1025,4.0,1350912068
226,1025,4.0,1095713354
274,1025,3.5,1172269383
288,1025,2.0,978469270
304,1025,4.0,891173962
328,1025,3.5,1494210934
387,1025,3.0,1095041386
395,1025,3.0,841505365
414,1025,4.0,961519060
474,1025,3.0,983032763
479,1025,3.0,1039362787
484,1025,5.0,1342299205
509,1025,2.5,1436000067
517,1025,2.5,1492338876
600,1025,3.5,1237763033
605,1025,3.0,1277175837
608,1025,3.5,1117505221
10,1028,0.5,1455306152
19,1028,2.0,965706092
20,1028,4.5,1054038076
45,1028,4.0,1121724907
50,1028,3.0,1527542562
57,1028,4.0,969753499
64,1028,4.0,1161559800
68,1028,2.5,1158533303
84,1028,4.0,858772136
91,1028,3.0,1112713728
100,1028,4.5,1100185898
103,1028,4.0,1431957550
111,1028,4.0,1517441192
117,1028,4.0,844163734
132,1028,4.0,1157923009
140,1028,4.0,1021899012
144,1028,4.5,1137324274
153,1028,2.0,1525552032
156,1028,3.0,1106855396
160,1028,4.0,971619022
169,1028,5.0,1059427087
177,1028,4.0,1435534426
186,1028,5.0,1031079149
188,1028,5.0,962559967
200,1028,3.0,1229876447
201,1028,4.0,939801930
205,1028,3.0,1519900755
216,1028,4.0,975212727
226,1028,3.0,1097545969
232,1028,3.5,1085353465
234,1028,4.0,1004409614
264,1028,5.0,1136978605
280,1028,4.0,1348453179
282,1028,4.5,1378497546
288,1028,4.0,976120723
304,1028,4.0,891173962
307,1028,4.0,1186161879
308,1028,4.0,1421375725
315,1028,3.0,939919700
325,1028,4.0,1039397019
328,1028,5.0,1494210524
330,1028,4.0,1285905662
357,1028,4.5,1348610883
367,1028,5.0,997812099
380,1028,4.0,1494803560
381,1028,4.5,1164876962
385,1028,3.0,842892309
387,1028,2.5,1094877981
391,1028,5.0,1032648645
398,1028,5.0,1311207219
414,1028,4.0,961595525
448,1028,5.0,1019126866
469,1028,4.0,965336236
474,1028,3.0,978575945
480,1028,4.5,1179178910
483,1028,4.5,1178294276
489,1028,4.5,1332774291
517,1028,5.0,1487954316
525,1028,4.5,1476478378
527,1028,3.0,1033173861
552,1028,3.5,1111473312
554,1028,5.0,944900488
563,1028,4.5,1441846393
587,1028,4.0,953138012
590,1028,3.5,1258421323
596,1028,4.0,1535826867
599,1028,2.5,1519120305
600,1028,3.0,1237713479
603,1028,4.0,963176642
605,1028,4.0,1277175750
606,1028,4.0,1171501294
1,1029,5.0,964982855
20,1029,4.5,1054038189
39,1029,3.0,974789035
45,1029,4.0,950726185
64,1029,4.0,1161620681
68,1029,2.5,1158535800
103,1029,4.0,1431957926
116,1029,3.0,1337195966
160,1029,3.0,971619114
177,1029,4.0,1435534825
200,1029,3.5,1229876599
217,1029,3.0,955942619
226,1029,3.5,1114838696
232,1029,2.0,1218170631
249,1029,4.0,1356439528
274,1029,3.5,1171944454
288,1029,3.0,978469270
293,1029,2.0,1044871018
357,1029,4.0,1348627649
372,1029,2.0,874416493
380,1029,4.0,1494803778
381,1029,2.5,1168664528
385,1029,3.0,842892279
391,1029,3.0,1030824424
414,1029,4.0,961519005
474,1029,3.0,983032230
479,1029,4.0,1039362276
483,1029,2.0,1181496771
484,1029,5.0,1342297692
500,1029,3.0,1005528355
505,1029,5.0,1298779440
517,1029,4.0,1487954350
525,1029,1.5,1476480470
563,1029,3.5,1441846389
600,1029,3.5,1237707965
1,1030,3.0,964982903
20,1030,3.0,1054038374
57,1030,3.0,969753973
169,1030,3.5,1059427794
177,1030,2.0,1435536378
234,1030,4.0,1004409156
288,1030,3.0,978468237
294,1030,2.0,966634240
414,1030,2.0,961519093
448,1030,4.0,1164622199
474,1030,2.0,1046886529
479,1030,2.0,1039362224
577,1030,3.0,945965825
597,1030,2.0,941640746
600,1030,3.0,1237714080
1,1032,5.0,964982791
17,1032,4.5,1305696325
19,1032,1.0,965709068
20,1032,3.5,1054038130
39,1032,3.0,974789035
57,1032,4.0,965796031
68,1032,2.5,1261623637
103,1032,4.5,1431968181
109,1032,3.0,841152033
111,1032,3.5,1518661672
160,1032,3.0,971619114
177,1032,3.5,1435535041
216,1032,4.0,975211831
217,1032,3.0,955942619
226,1032,3.0,1096420168
232,1032,3.0,1182910079
274,1032,3.5,1171785357
288,1032,4.0,978469358
307,1032,4.0,1186084642
318,1032,4.0,1235503695
322,1032,3.0,1217674947
328,1032,3.0,1494212057
377,1032,4.0,1340343403
385,1032,3.0,842892242
387,1032,4.5,1094877648
395,1032,1.0,841505546
414,1032,4.0,961518975
448,1032,4.0,1019126843
474,1032,2.0,1047054796
483,1032,4.0,1215896240
484,1032,5.0,1342298041
509,1032,3.0,1436000075
517,1032,4.0,1487956863
525,1032,2.5,1476478263
554,1032,4.0,944900489
579,1032,3.0,958881047
590,1032,4.0,1258426923
599,1032,3.5,1498501011
600,1032,3.0,1237709556
605,1032,1.0,1277096214
45,1033,4.0,959625102
51,1033,4.0,1230930537
103,1033,4.0,1431969698
109,1033,3.0,841152104
177,1033,3.5,1435535976
274,1033,3.5,1171932501
328,1033,4.0,1494211385
372,1033,2.0,874416661
380,1033,3.0,1494804481
414,1033,3.0,961437670
474,1033,4.5,1128098723
477,1033,3.5,1200947060
484,1033,4.5,1342300406
505,1033,4.0,1298779584
509,1033,3.0,1436000141
525,1033,3.0,1476480386
534,1033,4.5,1459787998
555,1033,4.0,978822393
563,1033,3.5,1441846398
600,1033,3.0,1237851805
20,1035,4.5,1054147359
27,1035,5.0,965149533
45,1035,5.0,1034343805
68,1035,2.0,1158533497
84,1035,5.0,860397090
91,1035,2.0,1112713738
100,1035,4.0,1100185894
103,1035,4.0,1431957547
116,1035,5.0,1337200404
117,1035,4.0,844163615
132,1035,3.5,1157922959
140,1035,5.0,1021898963
144,1035,4.5,1137324278
156,1035,4.5,1106855438
160,1035,2.0,971112839
169,1035,5.0,1059427524
177,1035,2.5,1435534428
186,1035,5.0,1031079112
188,1035,5.0,962560143
194,1035,4.0,1110316724
200,1035,3.5,1229887412
201,1035,4.0,939225400
205,1035,2.5,1523528499
226,1035,3.0,1095663039
232,1035,3.5,1182907470
247,1035,2.0,1467936308
250,1035,5.0,1121217778
264,1035,5.0,1136978907
280,1035,5.0,1348435634
288,1035,3.0,975691369
292,1035,4.0,1332678645
304,1035,4.0,891173884
307,1035,4.0,1186161851
308,1035,3.0,1421375673
315,1035,4.0,939919700
318,1035,2.5,1262805813
322,1035,2.5,1217676843
328,1035,5.0,1494212245
330,1035,4.5,1285905645
354,1035,4.0,1200953203
357,1035,4.5,1348610855
361,1035,2.0,1204045936
368,1035,3.0,971273409
380,1035,3.0,1494803558
381,1035,4.0,1200824251
385,1035,3.0,842893095
387,1035,2.0,1095120853
391,1035,5.0,1030824826
414,1035,5.0,961681635
426,1035,5.0,1451187517
448,1035,4.0,1019140874
450,1035,4.0,974704982
474,1035,5.0,974666694
483,1035,3.5,1215895317
489,1035,3.5,1332774225
517,1035,5.0,1487956649
525,1035,4.5,1476477806
527,1035,5.0,1033173992
538,1035,5.0,1307846823
546,1035,2.0,973588403
554,1035,5.0,944900238
563,1035,5.0,1439932577
590,1035,4.5,1258418231
596,1035,4.0,1535826716
74,1041,5.0,1207499247
90,1041,5.0,856354268
195,1041,4.0,974709608
221,1041,5.0,1111178190
275,1041,5.0,1049078844
290,1041,5.0,974938253
372,1041,4.0,874415199
391,1041,4.0,1032390066
474,1041,4.5,1165539921
603,1041,5.0,963179377
606,1041,4.0,1171811645
1,1042,4.0,964981179
6,1042,3.0,845556462
22,1042,3.0,1268726053
28,1042,2.5,1242290453
42,1042,2.0,996216279
45,1042,3.0,951170289
64,1042,3.0,1161620561
68,1042,2.5,1158535373
84,1042,3.0,858771280
95,1042,4.0,1043340086
132,1042,3.0,1157923521
156,1042,3.0,946799612
169,1042,4.5,1059427234
200,1042,5.0,1229888447
226,1042,3.0,1196229587
266,1042,3.0,945669609
275,1042,3.0,1049076710
276,1042,5.0,858351088
280,1042,4.0,1348532939
288,1042,3.0,978559702
294,1042,2.0,966595424
307,1042,2.5,1186162407
314,1042,3.0,847174097
357,1042,4.0,1348628300
372,1042,2.0,874416949
384,1042,2.0,994038709
398,1042,4.5,1311207319
414,1042,3.0,961438413
437,1042,3.0,859722250
453,1042,3.0,1005966959
474,1042,4.5,1053020921
482,1042,4.0,1105396640
483,1042,3.0,1327277790
489,1042,2.0,1385824141
492,1042,5.0,863976526
516,1042,4.0,994625077
544,1042,5.0,850688776
597,1042,4.0,941558405
599,1042,2.0,1519139368
600,1042,2.5,1237742599
603,1042,3.0,963178488
608,1042,3.0,1117415587
18,1059,3.5,1455735783
33,1059,4.0,939716519
45,1059,5.0,1009399318
57,1059,3.0,972173685
64,1059,3.5,1161564464
68,1059,3.5,1158534887
100,1059,4.0,1100184344
103,1059,4.0,1431957797
116,1059,1.0,1337195837
118,1059,3.0,944923551
132,1059,3.0,1329984112
144,1059,4.5,1136813360
160,1059,5.0,971620157
177,1059,3.0,1435534734
212,1059,3.0,1500932314
214,1059,4.0,853938103
222,1059,2.0,1391375308
233,1059,3.5,1529334567
287,1059,3.0,1110231572
313,1059,5.0,1030555742
318,1059,3.0,1417278667
357,1059,4.5,1348627227
387,1059,3.0,1095040902
391,1059,5.0,1030827326
414,1059,4.0,961514135
451,1059,4.0,854090644
474,1059,4.5,1100119801
483,1059,4.0,1415579215
484,1059,4.5,1342297482
489,1059,3.5,1332775139
495,1059,5.0,1458636903
544,1059,5.0,850688776
599,1059,3.0,1498525195
606,1059,4.5,1171365182
608,1059,3.0,1117415596
609,1059,3.0,847221054
128,1066,5.0,899032763
263,1066,5.0,941591605
474,1066,4.0,1087832326
606,1066,4.0,1171501344
474,1068,3.5,1106231071
4,1079,2.0,945078946
19,1079,4.0,965705725
32,1079,4.0,856737044
42,1079,3.0,996258093
50,1079,2.5,1514238276
51,1079,5.0,1230929741
57,1079,3.0,965796333
64,1079,4.5,1161521678
66,1079,4.5,1093143944
84,1079,5.0,858771772
89,1079,3.0,1520408310
91,1079,4.0,1112711159
96,1079,5.0,964773877
108,1079,5.0,1042840657
117,1079,4.0,844163734
132,1079,3.5,1157922774
144,1079,4.0,1137323857
156,1079,4.0,1106855007
171,1079,5.0,866905738
198,1079,2.0,1034137852
199,1079,4.0,946523745
216,1079,5.0,975212308
217,1079,3.0,955943368
219,1079,2.5,1200552444
221,1079,5.0,1119984605
225,1079,4.0,949111188
244,1079,5.0,975075399
249,1079,4.0,1347317480
255,1079,2.0,1005717608
266,1079,5.0,945669791
274,1079,4.0,1221685774
275,1079,5.0,1049076883
282,1079,4.0,1378497026
288,1079,5.0,975692448
290,1079,4.0,974943016
298,1079,3.5,1447597961
304,1079,5.0,891172854
318,1079,3.5,1235480341
332,1079,4.5,1352672768
369,1079,3.0,1237081579
372,1079,4.0,874415251
380,1079,5.0,1493422710
385,1079,4.0,842892256
387,1079,4.0,1094876730
410,1079,4.0,990910117
412,1079,3.0,939114353
414,1079,5.0,961595327
425,1079,4.0,1085477719
448,1079,5.0,1019127244
452,1079,5.0,1019585436
462,1079,4.0,1154037972
469,1079,5.0,965425364
474,1079,4.5,1089386295
480,1079,2.5,1179161775
489,1079,3.0,1332773957
509,1079,3.5,1436101652
514,1079,4.0,1536456448
517,1079,1.5,1492339049
520,1079,2.0,1326609456
525,1079,4.5,1476476403
570,1079,4.0,1181477899
572,1079,5.0,945892394
580,1079,4.0,1167790020
587,1079,4.0,953138446
590,1079,4.5,1258416915
597,1079,5.0,941641110
599,1079,2.5,1498516300
600,1079,3.0,1237759381
603,1079,4.0,953927834
606,1079,4.0,1171580215
607,1079,3.0,964744312
1,1080,5.0,964981327
4,1080,5.0,986934696
18,1080,4.5,1455231152
23,1080,3.5,1107341620
28,1080,3.5,1243837515
32,1080,3.0,856737165
45,1080,4.0,951757142
50,1080,3.5,1514238217
57,1080,4.0,969753218
61,1080,3.5,1145531671
63,1080,5.0,1443199898
66,1080,4.0,1093144031
76,1080,4.5,1439167537
89,1080,1.0,1520408299
91,1080,4.0,1112710878
122,1080,5.0,1461561803
128,1080,4.0,899033506
156,1080,2.5,1106855224
167,1080,3.5,1154718733
169,1080,3.0,1070251218
171,1080,5.0,866905763
182,1080,2.0,1054779609
187,1080,4.0,1161849782
197,1080,5.0,947461968
199,1080,4.5,1071179802
204,1080,4.0,1327182406
212,1080,4.5,1527796028
216,1080,3.0,975212199
217,1080,2.0,955943432
221,1080,4.5,1111178181
239,1080,4.0,1221159001
249,1080,5.0,1346757739
266,1080,5.0,944980614
274,1080,3.5,1175629007
282,1080,4.5,1514068317
286,1080,4.0,1119562012
288,1080,5.0,976120173
289,1080,3.5,1143424660
303,1080,1.0,1053302847
310,1080,3.5,1078647876
313,1080,1.0,1030557819
318,1080,4.0,1432578689
322,1080,5.0,1217676582
328,1080,5.0,1494210450
329,1080,0.5,1523468394
330,1080,4.5,1285904383
346,1080,4.0,1094650658
352,1080,5.0,1493932092
356,1080,5.0,1229139859
357,1080,5.0,1348610370
370,1080,4.0,1159162614
372,1080,2.0,874415285
380,1080,5.0,1493474107
381,1080,4.0,1165975908
385,1080,4.0,842892341
387,1080,4.5,1094876354
391,1080,4.0,1032389149
405,1080,4.5,1295914946
409,1080,3.0,967920044
410,1080,4.0,990909777
414,1080,5.0,961595418
418,1080,5.0,1461869088
420,1080,4.5,1218206961
423,1080,2.0,1155285428
425,1080,3.5,1085490382
445,1080,5.0,1454622122
448,1080,5.0,1019131169
462,1080,5.0,1121921114
469,1080,5.0,965336888
474,1080,3.0,978575945
477,1080,4.0,1200940037
480,1080,4.5,1179178085
483,1080,5.0,1291838628
488,1080,4.5,1112382327
489,1080,3.5,1333101639
509,1080,4.5,1436101723
513,1080,3.0,1159980378
520,1080,4.0,1326609414
525,1080,4.5,1476476788
527,1080,2.0,1033174428
560,1080,4.0,1469652879
570,1080,3.5,1181478028
573,1080,4.5,1186721839
580,1080,5.0,1167791269
587,1080,4.0,953137743
599,1080,4.5,1498539317
603,1080,4.0,953926854
608,1080,2.0,1117408365
610,1080,4.0,1479543344
19,1081,2.0,965706389
84,1081,4.0,858772760
216,1081,4.0,975212727
217,1081,5.0,955935417
252,1081,4.0,1498284492
385,1081,2.0,842892541
474,1081,3.5,1074888985
554,1081,4.0,944898710
555,1081,4.0,978822355
599,1081,2.5,1519235869
603,1081,3.0,953928361
606,1081,4.5,1171501305
6,1082,4.0,845556278
84,1082,3.0,858772009
181,1082,3.0,845471420
469,1082,4.0,965333459
474,1082,3.5,1098104429
597,1082,4.0,941640588
4,1084,5.0,945079259
6,1084,3.0,845555454
32,1084,4.0,856737338
43,1084,5.0,848994795
63,1084,4.0,1443200023
74,1084,5.0,1207501357
103,1084,5.0,1431957888
125,1084,4.5,1474295245
140,1084,4.0,1021898963
156,1084,5.0,946798346
177,1084,3.5,1435534787
181,1084,3.0,845472128
260,1084,4.5,1109408445
265,1084,3.0,965316167
275,1084,5.0,1049078103
288,1084,4.0,978647266
290,1084,5.0,974938169
294,1084,4.0,966597447
309,1084,3.0,1086563317
315,1084,4.0,939920310
357,1084,4.5,1348627752
372,1084,3.0,874414678
402,1084,5.0,849598337
405,1084,4.0,1295922337
410,1084,4.0,990729039
414,1084,3.0,961692359
474,1084,3.5,1053021255
484,1084,4.0,1342295119
589,1084,4.0,856045408
590,1084,4.0,1258422232
597,1084,5.0,940362281
599,1084,3.5,1498501471
600,1084,3.5,1237859157
607,1084,4.0,964744579
610,1084,4.0,1493850342
10,1088,3.0,1455619275
20,1088,4.5,1054147512
41,1088,1.5,1458939142
42,1088,3.0,996259001
47,1088,4.0,1496205519
51,1088,4.0,1230929736
64,1088,4.0,1161559902
68,1088,3.5,1158534614
84,1088,3.0,860398568
104,1088,3.0,1048590956
111,1088,3.0,1516153967
116,1088,4.5,1337195649
132,1088,4.0,1329984080
159,1088,4.0,1508641161
169,1088,4.5,1059427717
177,1088,3.5,1435534616
188,1088,4.0,962560253
200,1088,4.0,1229887977
221,1088,3.0,1111178147
226,1088,1.0,1096420160
286,1088,3.5,1119561544
307,1088,3.0,1186162146
381,1088,3.5,1168664508
387,1088,1.5,1095040878
391,1088,1.0,1030824424
414,1088,3.0,961514273
463,1088,3.5,1145460096
474,1088,3.5,1100292226
479,1088,4.0,1039362157
483,1088,3.0,1215895737
489,1088,4.5,1332775009
509,1088,3.0,1435992808
517,1088,1.0,1487958398
525,1088,4.5,1476478367
554,1088,5.0,944900489
555,1088,4.0,978822670
563,1088,4.0,1440793700
583,1088,3.5,1481474480
594,1088,4.5,1109035643
599,1088,2.5,1498515232
600,1088,3.5,1237851304
606,1088,3.0,1171926956
1,1089,5.0,964982951
16,1089,4.0,1377477608
17,1089,4.0,1307262280
18,1089,4.0,1455051391
19,1089,3.0,965710671
23,1089,4.0,1107163817
28,1089,3.0,1234338253
39,1089,5.0,974788071
41,1089,2.0,1459367458
42,1089,5.0,996217838
61,1089,4.5,1145532577
62,1089,5.0,1521488724
63,1089,3.0,1443201184
64,1089,4.0,1161520988
66,1089,4.0,1093747663
68,1089,3.5,1158532755
76,1089,4.5,1439166069
82,1089,3.5,1084465000
91,1089,4.0,1112711148
95,1089,5.0,1048382826
96,1089,5.0,964773108
103,1089,4.5,1432086525
105,1089,5.0,1447586269
110,1089,4.0,1175330137
122,1089,5.0,1461561470
131,1089,4.0,1349840429
132,1089,3.0,1157920267
140,1089,3.0,949666815
156,1089,4.0,1106854501
166,1089,4.0,1188774622
168,1089,5.0,1306802560
171,1089,5.0,866905820
177,1089,4.0,1435533711
182,1089,5.0,1054781289
187,1089,4.5,1161849370
195,1089,5.0,974705726
198,1089,5.0,1034135243
199,1089,4.0,940372348
202,1089,5.0,974924662
204,1089,4.5,1327183252
215,1089,3.0,1260909012
217,1089,3.0,955942896
219,1089,4.0,1194685989
220,1089,3.5,1230061908
221,1089,4.5,1111177438
222,1089,4.0,1391350213
233,1089,2.5,1529333236
239,1089,5.0,1221158521
247,1089,4.0,1467646501
249,1089,4.0,1346757745
251,1089,5.0,1470676803
254,1089,4.0,1180447535
260,1089,5.0,1109408216
261,1089,4.5,1404881506
266,1089,5.0,945670798
274,1089,4.5,1171408966
275,1089,5.0,1049076262
282,1089,5.0,1378490274
290,1089,4.0,974942304
294,1089,3.0,966597476
295,1089,5.0,1320064919
297,1089,5.0,900871748
298,1089,4.0,1447584413
305,1089,5.0,1460135345
307,1089,4.0,1186161465
308,1089,1.0,1421374372
309,1089,4.0,1166068331
312,1089,4.0,1043177537
313,1089,5.0,1030476169
317,1089,5.0,1430361494
318,1089,4.0,1424546872
328,1089,5.0,1494211893
330,1089,2.5,1285904497
332,1089,4.0,1352672930
343,1089,4.5,1202061357
352,1089,5.0,1493932013
354,1089,4.0,1200870772
356,1089,5.0,1228073067
357,1089,3.0,1348610159
362,1089,4.5,1530637278
366,1089,5.0,1445546542
368,1089,4.0,975827507
369,1089,2.5,1237081509
370,1089,2.5,1159162018
372,1089,5.0,874414806
380,1089,4.0,1493419782
387,1089,4.5,1094875279
391,1089,5.0,1030824751
393,1089,5.0,1430506089
403,1089,4.0,1225243649
405,1089,4.0,1295912277
412,1089,2.0,939114613
414,1089,5.0,961681753
417,1089,3.5,1536894565
419,1089,5.0,1321854719
424,1089,3.5,1457844568
425,1089,3.5,1085477821
428,1089,4.0,1111488213
433,1089,4.0,1506823959
434,1089,4.0,1270603496
441,1089,4.5,1449070451
448,1089,5.0,1019132326
452,1089,5.0,1019581156
453,1089,5.0,972621282
454,1089,4.0,1279547244
462,1089,3.5,1123893698
465,1089,5.0,959895993
469,1089,5.0,965336673
474,1089,4.0,1109690419
477,1089,4.0,1200939949
480,1089,4.0,1179178001
484,1089,4.0,1342228838
489,1089,3.5,1385823465
490,1089,4.0,1328146237
503,1089,4.5,1335219547
514,1089,4.0,1536456569
522,1089,4.0,1254133640
553,1089,4.5,1230773491
555,1089,5.0,978840250
560,1089,4.0,1469647269
561,1089,3.5,1491092055
573,1089,4.5,1186589585
580,1089,5.0,1167789893
585,1089,4.5,1307417625
590,1089,4.0,1258416629
597,1089,4.0,940362491
599,1089,5.0,1498533764
603,1089,5.0,953925210
606,1089,5.0,1171327143
608,1089,4.0,1117407755
610,1089,5.0,1479542947
1,1090,4.0,964984018
17,1090,4.5,1322629080
36,1090,2.5,1100803399
42,1090,5.0,996212773
51,1090,3.0,1230932491
59,1090,4.0,953610028
61,1090,4.0,1145532596
64,1090,5.0,1161528856
66,1090,4.0,1093747746
68,1090,2.5,1240093386
75,1090,1.0,1158967824
83,1090,1.5,1333842149
84,1090,4.0,858772239
122,1090,5.0,1461562305
140,1090,4.0,1055092338
160,1090,5.0,971112754
182,1090,5.0,1054781436
194,1090,4.5,1110316671
195,1090,5.0,974710189
202,1090,5.0,974912698
204,1090,4.0,1327183736
218,1090,3.0,1111624837
221,1090,4.5,1111178155
239,1090,4.5,1221159358
244,1090,5.0,975075169
264,1090,3.0,1136978280
266,1090,5.0,944891645
274,1090,4.0,1171943610
287,1090,3.0,1110229868
288,1090,4.5,1054568506
290,1090,4.0,974938908
305,1090,5.0,1462397928
312,1090,4.0,1043177095
318,1090,4.0,1292760177
325,1090,5.0,1039399280
368,1090,5.0,971273268
372,1090,4.0,874416661
384,1090,4.0,994038103
387,1090,3.5,1094877353
391,1090,4.0,1032389993
414,1090,5.0,961512475
419,1090,4.0,1321766180
434,1090,5.0,1270603951
437,1090,5.0,859721463
448,1090,4.0,1019137594
449,1090,3.5,1053200232
462,1090,4.0,1123891836
465,1090,4.0,959896591
469,1090,4.0,965846279
474,1090,3.5,1118667194
480,1090,4.0,1179178499
514,1090,4.0,1533948858
516,1090,3.0,994625023
546,1090,1.0,973588384
555,1090,5.0,978820179
573,1090,3.5,1186589654
577,1090,3.0,945966476
580,1090,4.0,1167791222
590,1090,3.5,1258421124
597,1090,5.0,941639399
599,1090,3.5,1498501447
606,1090,4.0,1171233601
610,1090,4.0,1493850277
3,1093,0.5,1306463627
17,1093,4.0,1305696318
42,1093,5.0,996219752
51,1093,5.0,1230928832
66,1093,3.5,1113190149
72,1093,3.5,1217324666
101,1093,5.0,968440947
103,1093,3.5,1431968141
137,1093,4.0,1204859071
158,1093,3.0,1290764776
161,1093,4.0,1176498673
246,1093,3.0,1353864698
266,1093,4.0,944940340
267,1093,5.0,959808749
268,1093,1.0,940180491
271,1093,3.0,1234301788
274,1093,3.5,1171784781
285,1093,2.5,1451151629
288,1093,4.0,976122034
307,1093,3.0,1197407444
325,1093,3.0,1039396129
332,1093,4.0,1352670948
345,1093,3.0,1342826717
354,1093,4.5,1200865438
369,1093,4.0,1237082928
377,1093,3.5,1340341947
385,1093,3.0,865026512
409,1093,3.0,968978193
414,1093,3.0,961436657
437,1093,4.0,859721874
440,1093,3.0,1237568717
474,1093,3.0,988579907
554,1093,4.0,944900697
590,1093,2.5,1258422694
599,1093,2.5,1498517836
603,1093,2.0,953926022
606,1093,4.0,1171230300
64,1096,5.0,1161536367
84,1096,5.0,858772479
177,1096,4.5,1435536111
290,1096,4.0,974939571
357,1096,3.5,1348611991
474,1096,2.5,1087832346
489,1096,5.0,1332706013
577,1096,3.0,945978402
587,1096,5.0,953141925
603,1096,3.0,953928066
1,1097,5.0,964981680
19,1097,5.0,965709282
20,1097,5.0,1054038065
27,1097,5.0,962686711
39,1097,4.0,974787586
41,1097,3.0,1459367688
42,1097,4.0,996212773
45,1097,5.0,1007484441
47,1097,4.0,1496209401
49,1097,4.5,1493093009
59,1097,5.0,953610660
62,1097,4.5,1521822348
63,1097,2.5,1443201101
64,1097,4.5,1161520129
68,1097,1.5,1158531418
70,1097,4.5,1355185283
84,1097,3.0,860397207
86,1097,4.0,1344083048
91,1097,3.0,1112713281
93,1097,5.0,942946932
96,1097,4.0,964773672
108,1097,5.0,1042840884
132,1097,3.5,1157921390
135,1097,4.0,1009690752
140,1097,4.0,942841866
149,1097,4.0,902084874
154,1097,5.0,1486297201
156,1097,3.0,1106854763
160,1097,3.0,971113554
164,1097,5.0,999707976
166,1097,4.0,1190828509
169,1097,4.0,1078284561
177,1097,3.0,1435890498
182,1097,2.0,1054779923
186,1097,3.0,1031079382
195,1097,3.0,974710189
198,1097,3.0,1034135503
199,1097,2.0,1094309545
201,1097,5.0,941211478
202,1097,4.0,974912792
219,1097,2.5,1218210265
222,1097,3.0,1391350034
226,1097,4.0,1095662692
230,1097,0.5,1196304816
232,1097,4.0,1182909878
234,1097,5.0,1004409582
238,1097,2.0,1007931078
249,1097,3.0,1346841356
265,1097,3.0,965316423
266,1097,2.0,945670679
275,1097,4.0,1049079449
286,1097,4.0,1119562950
288,1097,5.0,975691813
290,1097,5.0,974939555
292,1097,4.5,1265679812
293,1097,2.0,1044870855
301,1097,4.0,1211377777
303,1097,5.0,1053303213
304,1097,5.0,891173884
307,1097,3.0,1186161008
312,1097,5.0,1043176620
313,1097,2.0,1030474705
318,1097,3.5,1240164134
328,1097,5.0,1494207117
330,1097,4.0,1285905090
332,1097,3.5,1352672174
339,1097,3.5,1460182491
354,1097,4.0,1200870671
357,1097,3.5,1348611260
359,1097,4.0,1198112150
367,1097,5.0,997811632
372,1097,4.0,874414869
376,1097,3.5,1364933310
380,1097,4.0,1493419978
381,1097,4.0,1164876945
385,1097,3.0,865025491
387,1097,3.5,1095040505
390,1097,1.5,1250341925
391,1097,5.0,1030824424
414,1097,4.0,961514832
419,1097,0.5,1321659113
425,1097,3.5,1085477461
428,1097,1.0,1111489772
432,1097,3.0,1328232661
437,1097,3.0,859721463
448,1097,4.0,1019123941
452,1097,5.0,1013395206
460,1097,3.5,1359177501
462,1097,1.0,1478489774
464,1097,4.0,1275549800
469,1097,4.0,965333419
474,1097,4.0,1137521202
477,1097,4.5,1200939754
480,1097,5.0,1179161568
483,1097,3.0,1178293533
489,1097,4.0,1333101385
514,1097,4.5,1533872346
517,1097,5.0,1487954369
524,1097,2.0,851609016
527,1097,5.0,1033173716
534,1097,4.0,1459787996
542,1097,4.0,1163387020
554,1097,5.0,944902624
555,1097,5.0,978821009
558,1097,4.0,1035415412
561,1097,4.5,1491090977
562,1097,3.5,1368897641
570,1097,4.5,1181477282
577,1097,4.0,945967031
580,1097,3.0,1167860946
586,1097,4.0,1529901514
589,1097,4.0,856043430
590,1097,4.5,1258420584
596,1097,4.0,1535827243
597,1097,5.0,941639399
599,1097,4.0,1498498804
600,1097,2.0,1237764434
603,1097,4.0,953927858
606,1097,3.5,1175636650
607,1097,5.0,964744550
608,1097,2.5,1117504315
610,1097,4.5,1479542978
7,1101,4.0,1106635502
11,1101,5.0,901200233
27,1101,4.0,965150230
28,1101,3.0,1234516135
42,1101,5.0,996213578
45,1101,4.0,1091306211
50,1101,2.5,1527372035
57,1101,4.0,969754482
61,1101,1.5,1145531624
64,1101,3.0,1161521245
68,1101,3.5,1158533140
69,1101,5.0,1021645224
71,1101,5.0,864739360
82,1101,3.0,1084465304
84,1101,4.0,858772292
91,1101,3.0,1112711132
100,1101,5.0,1100184137
116,1101,5.0,1337200060
129,1101,4.0,1167375540
140,1101,4.5,1055093098
164,1101,5.0,999708257
182,1101,3.5,1054783801
199,1101,2.0,940380107
200,1101,4.0,1229887266
202,1101,3.0,974918973
217,1101,4.0,955940827
221,1101,2.5,1111177417
222,1101,1.5,1391354071
230,1101,2.5,1196304952
234,1101,3.0,1004408226
239,1101,3.5,1221158977
249,1101,3.5,1416930822
263,1101,4.0,941591851
268,1101,2.0,940235579
279,1101,4.0,1506395346
287,1101,0.5,1110229962
288,1101,3.0,976138347
289,1101,2.0,1143424609
292,1101,4.0,1293562937
304,1101,4.0,891173581
307,1101,0.5,1186161510
310,1101,0.5,1078648204
334,1101,3.5,1225478329
339,1101,2.5,1460183145
354,1101,4.0,1200870886
357,1101,4.0,1348612212
359,1101,3.0,1198112870
368,1101,4.0,975829472
369,1101,2.5,1237082926
376,1101,4.0,1364994494
380,1101,3.0,1494803483
385,1101,3.0,865025790
387,1101,3.0,1094938336
405,1101,4.0,1295915290
414,1101,5.0,961514217
428,1101,2.0,1111623184
434,1101,3.5,1271039401
438,1101,4.0,1105649512
448,1101,2.5,1178981120
452,1101,4.0,1013394459
464,1101,4.5,1287400261
469,1101,3.0,965334356
474,1101,3.5,1087832633
478,1101,3.0,1121467330
480,1101,4.0,1179178123
482,1101,4.5,1105396060
483,1101,2.0,1181494974
489,1101,3.0,1333101619
513,1101,2.5,1159980360
514,1101,3.0,1533954111
517,1101,0.5,1487957523
524,1101,3.0,851609016
525,1101,3.5,1476477463
570,1101,3.0,1181477909
577,1101,4.0,945967480
587,1101,4.0,953142065
590,1101,3.0,1258420879
597,1101,5.0,941729698
599,1101,2.5,1519119750
603,1101,1.0,953928433
606,1101,2.5,1228165028
607,1101,4.0,963079043
608,1101,3.0,1117408357
4,1103,5.0,964539723
32,1103,4.0,856737123
68,1103,2.5,1269122238
74,1103,5.0,1207499290
84,1103,4.0,858771931
221,1103,4.0,1111178164
285,1103,3.0,1449626065
387,1103,4.0,1117431118
414,1103,5.0,961516939
474,1103,4.0,1002928717
477,1103,3.5,1200939279
480,1103,4.0,1179159650
568,1103,5.0,1243575835
599,1103,3.5,1519120030
603,1103,5.0,953926581
32,1104,5.0,856737082
84,1104,4.0,860397100
118,1104,4.0,944924487
131,1104,4.5,1349838654
171,1104,5.0,866905907
177,1104,5.0,1435535246
182,1104,4.5,1054781830
221,1104,5.0,1111176441
285,1104,5.0,1453074758
309,1104,3.0,1086565114
357,1104,5.0,1348610658
387,1104,4.0,1094876737
391,1104,5.0,1030827952
397,1104,4.5,1181966593
414,1104,4.0,961517073
469,1104,5.0,965661904
474,1104,4.0,983032344
568,1104,5.0,1243575815
599,1104,3.0,1498526959
603,1104,5.0,953926481
28,1120,3.0,1234334932
44,1120,4.0,869252186
64,1120,3.5,1161564472
68,1120,3.5,1269121378
125,1120,4.5,1474592639
160,1120,3.0,971620157
167,1120,3.0,1154719045
182,1120,3.5,1054780451
187,1120,4.0,1161849193
195,1120,4.0,1008558636
263,1120,4.0,940384880
271,1120,4.0,1234301707
275,1120,4.0,1049078987
283,1120,3.0,901227469
290,1120,4.0,974942189
307,1120,3.0,1186162288
318,1120,3.5,1419076676
325,1120,3.0,1039396588
346,1120,3.0,1094646772
414,1120,4.0,961517536
424,1120,3.5,1457845548
428,1120,3.5,1111523582
437,1120,4.0,859722232
453,1120,4.0,972622830
599,1120,3.5,1498501293
603,1120,2.0,963179734
606,1120,3.5,1182292367
3,1124,0.5,1306464216
42,1124,5.0,996258339
68,1124,2.0,1269122828
84,1124,5.0,858772698
474,1124,4.0,1109039744
477,1124,4.0,1245554497
514,1124,4.0,1534114007
555,1124,4.0,978821716
572,1124,4.0,945891017
590,1124,3.5,1267152152
597,1124,5.0,941639767
603,1124,3.0,953927944
606,1124,3.5,1171377668
53,1125,5.0,1237748096
91,1125,3.5,1112716838
132,1125,3.0,1157979739
172,1125,4.5,1238716069
202,1125,4.0,974924001
211,1125,4.0,1350912043
216,1125,3.0,975212477
221,1125,4.0,1111176433
268,1125,4.0,940173963
288,1125,4.0,976120241
313,1125,1.0,1030558411
327,1125,4.0,1234787254
369,1125,4.5,1236830443
380,1125,4.0,1494804195
387,1125,4.0,1094877800
392,1125,2.0,1027524144
409,1125,3.0,967920162
410,1125,4.0,990910063
448,1125,4.0,1019127479
474,1125,3.0,978576312
488,1125,4.0,1112382504
527,1125,4.0,1033175443
552,1125,4.0,1111473307
597,1125,4.0,941640278
84,1135,3.0,860398581
217,1135,3.0,955944568
288,1135,3.0,978559764
294,1135,4.0,966596048
414,1135,3.0,961596071
448,1135,3.0,1019127916
462,1135,3.0,1233283579
474,1135,2.0,1046887386
555,1135,3.0,978822796
561,1135,2.5,1491094494
587,1135,4.0,953140091
597,1135,4.0,941641183
603,1135,3.0,953928066
1,1136,5.0,964981327
4,1136,5.0,986934625
16,1136,4.0,1377476972
18,1136,4.5,1455210625
19,1136,3.0,965705588
23,1136,3.0,1107341920
28,1136,3.5,1234338716
29,1136,4.0,1308084085
31,1136,3.0,850467408
39,1136,4.0,974788244
45,1136,5.0,1091306083
50,1136,4.0,1514238006
57,1136,5.0,965796238
63,1136,5.0,1443199789
64,1136,4.0,1161520638
66,1136,5.0,1093747499
68,1136,3.5,1158532161
76,1136,5.0,1439166982
84,1136,4.0,858772064
87,1136,5.0,1296109068
89,1136,2.5,1520408267
91,1136,5.0,1112711175
104,1136,4.5,1292699463
114,1136,3.5,1485390580
122,1136,5.0,1461561527
128,1136,4.0,899033506
129,1136,3.5,1167375403
131,1136,3.0,1349840276
135,1136,5.0,1009694275
137,1136,5.0,1204863777
143,1136,1.0,1444880544
152,1136,3.5,1450572527
156,1136,5.0,939854531
167,1136,4.0,1154722973
169,1136,5.0,1059427872
171,1136,5.0,866905762
177,1136,4.5,1435890536
180,1136,4.0,1270237867
182,1136,4.0,1054784002
186,1136,5.0,1031073654
187,1136,4.0,1180734773
199,1136,5.0,940380847
202,1136,5.0,974923446
204,1136,5.0,1327182389
211,1136,4.0,1350913300
212,1136,4.0,1490115611
216,1136,5.0,975212004
217,1136,2.0,955943400
219,1136,3.5,1194686049
221,1136,4.0,1111176272
223,1136,3.5,1226210067
225,1136,3.0,949111248
226,1136,5.0,1095662764
232,1136,3.5,1218480813
233,1136,3.0,1530047068
239,1136,5.0,1221158237
247,1136,2.0,1467661266
263,1136,4.0,941590574
266,1136,5.0,944980427
274,1136,3.5,1171409305
275,1136,5.0,1049079204
279,1136,5.0,1506394324
282,1136,5.0,1378490033
287,1136,4.0,1110230101
288,1136,5.0,976120146
290,1136,4.0,974938796
292,1136,4.0,1219625093
298,1136,2.5,1447584423
304,1136,4.0,891173173
305,1136,2.5,1463437043
307,1136,3.5,1186161067
308,1136,4.0,1421373927
313,1136,2.0,1030557292
318,1136,3.5,1262804347
322,1136,5.0,1217676351
328,1136,5.0,1494207080
329,1136,0.5,1523468382
330,1136,4.5,1285904378
331,1136,4.5,1537235348
334,1136,4.0,1225478123
348,1136,4.5,1378850310
356,1136,4.0,1229139732
357,1136,4.5,1348610396
367,1136,3.0,997811251
369,1136,3.5,1237083059
370,1136,2.5,1159162023
372,1136,3.0,874415666
380,1136,5.0,1493473845
381,1136,4.0,1200824320
385,1136,4.0,865025940
387,1136,4.5,1094876102
391,1136,5.0,1030824520
398,1136,5.0,1311207902
401,1136,4.0,1515527938
409,1136,5.0,967920079
412,1136,5.0,939114231
414,1136,5.0,961595286
418,1136,5.0,1461868659
420,1136,5.0,1218040275
425,1136,3.5,1085477611
428,1136,3.5,1111488173
434,1136,5.0,1270605004
445,1136,5.0,1454622088
448,1136,5.0,1019130885
452,1136,5.0,1013396371
453,1136,5.0,1005966715
457,1136,5.0,993610573
462,1136,4.5,1130433405
469,1136,5.0,965336905
474,1136,4.5,1081177312
477,1136,4.5,1200939813
480,1136,5.0,1179160187
483,1136,4.5,1277996223
488,1136,5.0,1112382154
489,1136,3.5,1333101417
509,1136,4.0,1435993023
514,1136,4.0,1533948683
517,1136,2.0,1487957926
520,1136,5.0,1326609174
522,1136,4.5,1253344802
524,1136,5.0,851609412
525,1136,4.5,1476476369
552,1136,5.0,1112151123
560,1136,4.0,1469652410
572,1136,4.0,979923820
573,1136,4.5,1186589741
580,1136,5.0,1167673425
590,1136,3.5,1258419551
596,1136,4.0,1535709619
597,1136,4.0,941640314
599,1136,4.5,1498539536
600,1136,4.5,1237850747
601,1136,4.0,1521467856
606,1136,4.0,1171736505
608,1136,3.0,1117491522
610,1136,5.0,1479543327
16,1147,4.0,1377477315
199,1147,3.0,940372348
202,1147,5.0,975015787
290,1147,4.0,974938836
318,1147,4.0,1413117703
412,1147,5.0,939114868
448,1147,5.0,1019132603
462,1147,3.5,1123893742
474,1147,3.0,1201833166
573,1147,2.5,1186590373
16,1148,4.0,1377476909
18,1148,4.5,1455050359
19,1148,4.0,965705539
20,1148,5.0,1054038506
21,1148,3.0,1403459916
27,1148,5.0,962686041
50,1148,3.5,1514238509
57,1148,5.0,965796004
63,1148,5.0,1443348398
64,1148,4.0,1161529053
76,1148,0.5,1439168931
89,1148,2.0,1520408270
91,1148,4.0,1112712966
104,1148,5.0,1048587333
161,1148,5.0,1186073273
167,1148,5.0,1154723076
168,1148,4.5,1306801690
171,1148,5.0,866905859
177,1148,4.0,1435534390
182,1148,4.5,1077070479
186,1148,4.0,1031080831
187,1148,4.0,1161849972
217,1148,4.0,955942540
232,1148,2.5,1182910138
245,1148,3.0,951183163
260,1148,4.5,1109410561
263,1148,5.0,940384254
275,1148,5.0,1049078712
283,1148,2.0,901227633
288,1148,4.0,1071523220
308,1148,1.0,1421374464
310,1148,5.0,1078649856
327,1148,4.0,1234788157
328,1148,3.0,1494210553
356,1148,5.0,1228073147
376,1148,5.0,1364932995
380,1148,5.0,1493420569
387,1148,4.0,1094876008
391,1148,5.0,1030827652
396,1148,4.0,1111688485
414,1148,5.0,961438086
425,1148,3.5,1085490686
428,1148,3.0,1111487517
448,1148,4.0,1028110632
474,1148,4.0,1053372059
477,1148,4.5,1200939377
488,1148,4.5,1112381887
500,1148,4.0,1005528205
502,1148,4.5,1111757311
509,1148,3.5,1436424181
517,1148,3.0,1487957082
573,1148,5.0,1186590015
580,1148,3.0,1167790849
590,1148,3.5,1258419577
597,1148,5.0,941557863
599,1148,4.5,1498533710
28,1171,3.0,1243837744
84,1171,3.0,860397491
156,1171,3.0,946799453
216,1171,4.0,975212641
217,1171,3.0,955944095
266,1171,3.0,945669322
275,1171,3.0,1049076638
294,1171,3.0,966595852
372,1171,3.0,874416360
410,1171,4.0,990910479
414,1171,2.0,961438327
437,1171,4.0,859721766
448,1171,4.0,1178980929
474,1171,4.0,1129579494
597,1171,5.0,941557863
599,1171,3.0,1498523415
603,1171,3.0,963178342
33,1177,3.0,939715369
84,1177,4.0,858772999
202,1177,4.0,975013885
265,1177,4.0,965319171
474,1177,5.0,979180476
603,1177,4.0,963179922
105,1178,4.0,1447574111
199,1178,5.0,940380424
249,1178,4.0,1346757558
305,1178,5.0,1516130775
312,1178,5.0,1043177080
339,1178,4.5,1460868619
391,1178,5.0,1030827723
414,1178,4.0,1025108482
421,1178,4.5,1311495271
469,1178,5.0,965661977
474,1178,3.5,1137521161
599,1178,5.0,1519029292
4,1179,4.0,964539180
19,1179,2.0,965712263
57,1179,2.0,972172824
84,1179,3.0,860397352
103,1179,4.5,1440773393
140,1179,3.0,942843452
156,1179,5.0,939897861
199,1179,4.5,1401308834
202,1179,4.0,974925694
216,1179,4.0,975211596
217,1179,3.0,955942953
275,1179,5.0,1049078693
288,1179,3.0,976121042
290,1179,4.0,974938647
294,1179,2.0,966597510
325,1179,5.0,1039399105
368,1179,3.0,975827507
385,1179,4.0,865025166
391,1179,4.0,1031030437
465,1179,4.0,959895840
469,1179,4.0,965335273
474,1179,3.5,1087832040
480,1179,3.5,1179162056
514,1179,4.0,1533945171
572,1179,1.0,979923721
597,1179,4.0,941728764
603,1179,5.0,953925349
4,1183,1.0,964778513
7,1183,1.5,1106712613
32,1183,3.0,856736427
33,1183,3.0,939647016
57,1183,4.0,972174580
59,1183,5.0,953609997
64,1183,4.0,1161521304
85,1183,4.0,889466862
90,1183,4.0,856354212
91,1183,2.5,1112711171
113,1183,5.0,980051704
116,1183,3.0,1337200232
140,1183,3.0,1085569823
160,1183,4.0,971112587
182,1183,4.0,1054782648
199,1183,4.0,940544123
202,1183,4.0,974924481
244,1183,3.0,975076228
263,1183,5.0,941591735
265,1183,3.0,965318540
286,1183,3.0,1119563360
304,1183,3.0,946442342
305,1183,2.5,1490211148
312,1183,5.0,1043177268
368,1183,3.0,971274999
372,1183,5.0,874414409
385,1183,4.0,852567172
391,1183,3.0,1030827343
425,1183,3.5,1085477729
437,1183,5.0,859721191
453,1183,4.0,972622737
465,1183,5.0,959896573
467,1183,5.0,919671976
474,1183,2.0,974668666
480,1183,4.5,1179161642
481,1183,4.0,884773369
517,1183,4.0,1487953906
524,1183,3.0,852404399
559,1183,4.0,865095771
572,1183,5.0,945890139
577,1183,4.0,945966456
580,1183,4.0,1167862034
599,1183,4.0,1498499559
603,1183,4.0,953924781
606,1183,3.5,1178491029
74,1185,4.0,1207501759
84,1185,4.0,858772641
85,1185,5.0,889467896
391,1185,5.0,1032390126
474,1185,4.0,1165539928
488,1185,2.5,1112382301
597,1185,4.0,941639716
599,1185,3.0,1519136685
603,1185,4.0,953927787
606,1185,4.0,1171842142
84,1187,3.0,860397544
275,1187,5.0,1049079020
290,1187,4.0,974943029
414,1187,2.0,961517616
474,1187,4.0,1101822547
4,1188,5.0,964538500
16,1188,2.5,1377476656
33,1188,4.0,939647873
59,1188,5.0,953610432
96,1188,5.0,964773068
177,1188,2.5,1435535079
202,1188,4.0,974923720
263,1188,4.0,941591657
275,1188,3.0,1049079562
323,1188,4.0,1422640610
372,1188,2.0,874415902
410,1188,5.0,990909576
414,1188,4.0,991146041
448,1188,3.0,1019127229
474,1188,5.0,974668617
500,1188,1.0,1005528065
576,1188,1.0,1358151539
593,1188,5.0,1181007098
594,1188,4.5,1108972669
597,1188,4.0,941558258
603,1188,4.0,954482255
606,1188,3.0,1171229433
79,1189,5.0,975281591
84,1189,4.0,860397394
221,1189,4.5,1119984353
245,1189,4.0,951182799
318,1189,3.5,1413645925
357,1189,3.5,1348610501
462,1189,4.5,1201445750
474,1189,4.0,1181347974
547,1189,4.0,942723498
599,1189,3.0,1519123626
603,1189,4.0,953927813
16,1193,4.0,1377476813
17,1193,4.5,1305696771
18,1193,4.5,1517686025
19,1193,4.0,965702660
22,1193,5.0,1268726374
23,1193,3.5,1107163763
48,1193,3.0,1127129756
57,1193,4.0,965795928
62,1193,4.0,1521488855
63,1193,4.0,1443201170
64,1193,5.0,1161528996
68,1193,3.0,1240092977
69,1193,5.0,1021642934
70,1193,5.0,1355198584
72,1193,4.0,1217324703
73,1193,5.0,1464282741
74,1193,5.0,1207501807
84,1193,4.0,858772258
88,1193,5.0,1331421346
91,1193,4.0,1112711128
97,1193,4.0,1043382111
98,1193,4.5,1532458201
103,1193,4.5,1431954401
105,1193,4.5,1447574045
110,1193,4.0,1175330077
113,1193,5.0,980087865
116,1193,4.0,1337199877
125,1193,5.0,1474141468
128,1193,3.0,899033127
131,1193,3.5,1349840190
137,1193,4.0,1204863618
140,1193,3.0,942842304
144,1193,4.0,1136812862
152,1193,4.5,1450572437
153,1193,3.0,1525550558
156,1193,4.0,939884874
157,1193,3.0,992479618
166,1193,4.0,1188926309
168,1193,4.5,1306801716
171,1193,5.0,866905795
177,1193,4.0,1435533599
178,1193,5.0,1164355404
182,1193,4.0,1054780366
186,1193,4.0,1031072107
190,1193,4.5,1504310666
193,1193,5.0,1435857277
197,1193,5.0,947461020
220,1193,5.0,1230060289
221,1193,5.0,1111176238
226,1193,4.0,1095662748
233,1193,3.0,1529333447
237,1193,4.5,1410631769
238,1193,3.0,1007930967
239,1193,4.0,1221158192
241,1193,4.5,1447536273
247,1193,5.0,1467646503
249,1193,4.5,1453079305
265,1193,3.0,965316088
268,1193,4.0,940173779
274,1193,4.5,1186728753
275,1193,5.0,1049079320
282,1193,5.0,1378490003
285,1193,5.0,1451151153
286,1193,4.0,1119563048
287,1193,3.0,1110230026
288,1193,5.0,979163450
290,1193,5.0,974937663
292,1193,2.5,1265680094
295,1193,5.0,1320064817
298,1193,4.0,1447597795
301,1193,4.5,1211378235
305,1193,5.0,1460135175
307,1193,3.5,1186161061
317,1193,3.0,1430361425
318,1193,4.0,1424546885
322,1193,2.5,1217676359
326,1193,4.5,1322867698
327,1193,4.0,1234788126
328,1193,5.0,1494207087
329,1193,4.0,1523468322
330,1193,4.0,1285904427
333,1193,5.0,965671389
339,1193,5.0,1460519025
346,1193,4.0,1125857385
351,1193,3.5,1326027949
362,1193,5.0,1530637098
368,1193,5.0,971273035
378,1193,4.5,1445347051
380,1193,4.0,1494803420
387,1193,4.0,1094876498
390,1193,5.0,1250335780
391,1193,5.0,1030945772
392,1193,4.0,1027524098
400,1193,4.5,1498870428
409,1193,5.0,969058201
414,1193,4.0,961516716
415,1193,5.0,1382469968
417,1193,4.5,1532134177
420,1193,4.0,1218040990
421,1193,4.0,1311494748
422,1193,5.0,986173189
424,1193,4.0,1457843675
434,1193,4.5,1270606755
435,1193,4.5,1366676026
443,1193,4.0,1420236768
448,1193,5.0,1019123928
450,1193,5.0,974705774
469,1193,5.0,965662034
472,1193,4.5,1345843364
474,1193,3.5,1053021005
477,1193,4.5,1200939373
480,1193,3.5,1179160200
483,1193,3.0,1178293569
495,1193,5.0,1458635276
497,1193,5.0,1429127304
503,1193,4.0,1335219029
514,1193,4.0,1533948671
517,1193,1.5,1488399289
522,1193,4.0,1253343369
524,1193,1.0,851609665
552,1193,4.0,1111473066
560,1193,3.5,1469652451
570,1193,3.0,1181477509
572,1193,5.0,945889361
573,1193,4.0,1248842434
580,1193,4.0,1167789891
587,1193,5.0,953136994
590,1193,4.5,1258416482
597,1193,5.0,941640888
601,1193,4.0,1521467829
603,1193,4.0,953924781
606,1193,4.5,1171376383
608,1193,3.5,1117503152
1,1196,5.0,964981827
4,1196,5.0,964538763
7,1196,4.0,1106635996
15,1196,5.0,1510572645
16,1196,3.0,1377476993
17,1196,5.0,1305696635
18,1196,4.0,1455209805
19,1196,4.0,965703555
21,1196,4.5,1403460820
27,1196,4.0,962686386
28,1196,4.0,1234338139
30,1196,5.0,1500370341
31,1196,4.0,850467408
32,1196,4.0,856737165
39,1196,5.0,974789111
42,1196,3.0,996215831
45,1196,5.0,950726388
51,1196,5.0,1230929268
52,1196,4.0,1468051103
57,1196,4.0,965798130
59,1196,4.0,953609923
62,1196,4.5,1521488711
63,1196,5.0,1443199754
64,1196,3.5,1161520897
66,1196,4.0,1093747539
68,1196,5.0,1158531361
69,1196,5.0,1021643068
72,1196,4.5,1217324882
75,1196,4.5,1158990239
76,1196,4.0,1439168691
77,1196,5.0,1535107474
79,1196,5.0,975281343
82,1196,4.0,1084464979
84,1196,4.0,858772153
86,1196,4.0,1344083118
91,1196,4.5,1112711436
95,1196,5.0,1043340018
103,1196,4.5,1431955078
112,1196,5.0,1442535776
115,1196,5.0,949126947
118,1196,4.0,944924329
122,1196,5.0,1461561368
123,1196,4.0,1447291880
124,1196,4.5,1336584447
128,1196,4.0,899033229
129,1196,4.0,1167375417
131,1196,2.5,1349840282
132,1196,2.0,1157922624
135,1196,4.0,1009693055
137,1196,4.0,1204859543
140,1196,3.0,942842265
141,1196,3.0,1513129840
149,1196,2.0,902084798
153,1196,0.5,1525548175
160,1196,4.0,971113406
164,1196,4.0,999708174
165,1196,4.0,1046741873
166,1196,4.5,1188924422
167,1196,4.5,1154721847
171,1196,4.0,866905738
177,1196,3.0,1435523533
180,1196,4.0,1270237862
182,1196,3.0,1054779803
183,1196,4.0,992331144
186,1196,5.0,1031079382
187,1196,4.0,1180734824
193,1196,4.5,1435857227
195,1196,4.0,974706225
198,1196,5.0,1034135531
199,1196,3.5,1119190979
200,1196,5.0,1229886264
201,1196,5.0,939227261
202,1196,5.0,974912096
210,1196,5.0,1473705473
211,1196,4.5,1350913287
212,1196,3.5,1523216797
215,1196,4.5,1260908666
217,1196,5.0,955935806
219,1196,4.5,1194685932
220,1196,5.0,1230055698
225,1196,4.0,949111054
226,1196,5.0,1095662649
227,1196,4.0,1447189623
228,1196,4.0,1363222890
231,1196,3.5,1433089453
232,1196,4.5,1218164794
234,1196,5.0,1004407958
239,1196,5.0,1221158579
244,1196,4.0,975075045
246,1196,5.0,1354127117
247,1196,4.5,1467643909
248,1196,3.5,1534591641
249,1196,5.0,1346757817
254,1196,4.0,1180446478
256,1196,4.0,1446579723
263,1196,4.0,941591604
264,1196,3.5,1136979016
265,1196,5.0,965314811
266,1196,5.0,945670292
267,1196,5.0,959807517
268,1196,5.0,940185291
274,1196,4.5,1171409426
276,1196,5.0,858351060
279,1196,5.0,1506394237
288,1196,4.5,1079984551
290,1196,5.0,974942120
292,1196,4.0,1039914974
294,1196,4.0,966594589
298,1196,4.0,1447516843
303,1196,5.0,1053303076
304,1196,5.0,891173435
305,1196,5.0,1460134091
307,1196,3.0,1186411459
308,1196,2.5,1421373683
312,1196,5.0,1043175598
313,1196,4.0,1030474666
318,1196,3.0,1254132819
323,1196,4.5,1422640078
325,1196,4.0,1039398154
328,1196,5.0,1494206982
330,1196,5.0,1285904568
332,1196,4.5,1352672144
334,1196,4.0,1225477656
335,1196,5.0,1261542410
343,1196,3.0,1202060819
348,1196,5.0,1378850299
352,1196,4.0,1493931935
354,1196,4.0,1200870600
357,1196,4.5,1348611032
362,1196,4.5,1530640083
363,1196,1.5,1502584356
365,1196,4.0,1488332785
367,1196,4.0,997812715
368,1196,3.0,971274603
369,1196,4.0,1237081881
370,1196,2.5,1159162861
372,1196,4.0,874414869
375,1196,5.0,1225314356
376,1196,4.0,1364933358
380,1196,5.0,1493419755
381,1196,3.5,1200824537
382,1196,5.0,1515160696
383,1196,3.0,943571184
385,1196,5.0,865025491
387,1196,4.5,1094876567
391,1196,5.0,1030945391
399,1196,5.0,1167220406
400,1196,5.0,1498870150
407,1196,4.0,1424349169
408,1196,4.0,1472537296
414,1196,5.0,961512311
416,1196,2.0,1187496661
425,1196,3.0,1085477383
428,1196,3.5,1111525113
432,1196,3.5,1316391496
434,1196,5.0,1270604157
438,1196,5.0,1105654505
441,1196,4.0,1449070464
448,1196,5.0,1019124147
452,1196,5.0,1013395184
453,1196,4.0,972621643
462,1196,2.5,1123893572
464,1196,5.0,1275549376
465,1196,3.0,959896514
466,1196,2.5,1439885052
469,1196,5.0,965333710
474,1196,5.0,983034060
475,1196,5.0,1498029371
477,1196,5.0,1200939665
480,1196,5.0,1179160264
483,1196,4.5,1327276799
493,1196,5.0,1001562382
494,1196,5.0,1001666564
509,1196,4.0,1435993043
510,1196,3.5,1141160599
514,1196,5.0,1533871843
522,1196,4.5,1253344712
524,1196,5.0,851609335
525,1196,4.5,1476475807
527,1196,5.0,1033173260
534,1196,4.5,1459787997
540,1196,5.0,1179108924
548,1196,3.5,1488825011
549,1196,2.0,1464282591
552,1196,5.0,1111473084
554,1196,5.0,944902514
555,1196,5.0,978744095
557,1196,3.0,1452797288
560,1196,4.0,1469647857
561,1196,5.0,1491090693
562,1196,3.0,1368892199
567,1196,2.0,1525288379
570,1196,4.0,1181555518
571,1196,3.0,966900054
572,1196,5.0,945888912
573,1196,5.0,1186589671
577,1196,3.0,945966131
580,1196,4.0,1167673444
582,1196,4.0,1446792616
586,1196,4.5,1529899129
590,1196,5.0,1258420454
593,1196,5.0,1181007435
596,1196,3.5,1535627133
597,1196,5.0,940420585
599,1196,5.0,1519029372
600,1196,4.0,1237760638
603,1196,3.0,953927628
606,1196,4.5,1171324086
607,1196,3.0,963078880
608,1196,4.0,1117491243
610,1196,5.0,1479544565
1,1197,5.0,964981872
4,1197,5.0,964538763
16,1197,4.0,1377477008
17,1197,3.5,1305696774
19,1197,5.0,965705725
24,1197,4.0,1458941008
27,1197,5.0,965150190
28,1197,2.5,1243837364
31,1197,5.0,850467408
32,1197,5.0,856737123
39,1197,5.0,974788384
42,1197,5.0,996258052
45,1197,5.0,1091306041
57,1197,5.0,965796373
64,1197,4.5,1161520498
66,1197,4.0,1093747453
68,1197,5.0,1158531521
79,1197,4.0,975282009
84,1197,4.0,858772565
89,1197,2.0,1520408268
91,1197,5.0,1112712901
98,1197,5.0,1532457921
100,1197,3.5,1100184059
103,1197,3.5,1431954492
111,1197,3.5,1516155000
122,1197,5.0,1461561484
129,1197,5.0,1167376218
135,1197,5.0,1009693055
137,1197,3.5,1204859796
141,1197,3.5,1513131865
148,1197,3.0,1482548478
159,1197,4.0,1508640218
165,1197,5.0,1046741873
166,1197,4.5,1189038549
167,1197,4.5,1154721881
169,1197,4.0,1059428056
171,1197,4.0,866905763
177,1197,5.0,1435720615
180,1197,4.0,1270237872
182,1197,3.5,1054781212
186,1197,4.0,1031087825
193,1197,3.0,1435857238
198,1197,5.0,1034136756
199,1197,4.0,940379799
200,1197,5.0,1229886108
201,1197,5.0,939801781
202,1197,4.0,974921250
215,1197,4.5,1260908604
216,1197,3.0,975212110
219,1197,3.5,1217436302
220,1197,4.5,1230061146
221,1197,4.5,1118246789
224,1197,5.0,971812860
225,1197,4.0,949111248
226,1197,4.5,1159341825
232,1197,4.0,1076952680
239,1197,4.5,1221158369
244,1197,5.0,975075399
247,1197,5.0,1467644052
251,1197,5.0,1470677173
258,1197,5.0,1534892497
263,1197,4.0,941591735
266,1197,4.0,945669791
267,1197,5.0,959807660
268,1197,5.0,940183205
274,1197,4.0,1171934686
275,1197,5.0,1049076865
280,1197,3.5,1348532030
287,1197,3.5,1110230018
288,1197,4.0,975692427
294,1197,4.0,966633792
298,1197,3.0,1447584558
304,1197,5.0,891173173
305,1197,4.5,1519551423
307,1197,3.5,1186161029
308,1197,4.5,1421373693
313,1197,3.0,1030474547
324,1197,3.0,974906429
325,1197,3.0,1039395453
328,1197,4.0,1494207070
330,1197,4.5,1285904466
356,1197,4.0,1229139792
357,1197,4.5,1348610271
365,1197,1.5,1488594765
368,1197,5.0,971273300
370,1197,2.5,1159162718
372,1197,4.0,874414948
376,1197,4.0,1364994154
380,1197,3.5,1502325733
381,1197,4.0,1164383604
385,1197,4.0,865025275
387,1197,4.0,1094876359
388,1197,4.0,1386694183
391,1197,5.0,1030828021
392,1197,3.0,1027524123
398,1197,5.0,1311207864
400,1197,4.5,1498870278
409,1197,5.0,968979078
412,1197,5.0,939114177
414,1197,5.0,961513654
415,1197,4.5,1382470062
426,1197,5.0,1451080688
434,1197,4.0,1270604677
437,1197,4.0,859722136
445,1197,5.0,1454622090
452,1197,5.0,1013394715
457,1197,5.0,993610548
469,1197,5.0,965333764
474,1197,4.5,1087832016
480,1197,4.5,1179160217
483,1197,5.0,1178213522
487,1197,4.0,1428574579
488,1197,5.0,1112382098
493,1197,4.0,1001562338
509,1197,4.0,1435992296
514,1197,5.0,1533872246
516,1197,4.0,994624807
520,1197,5.0,1326609129
522,1197,4.5,1253344774
524,1197,5.0,851609213
525,1197,4.5,1476476375
538,1197,5.0,1307846151
539,1197,5.0,1332474844
555,1197,5.0,978820041
561,1197,5.0,1491090717
562,1197,5.0,1368894019
563,1197,3.0,1439932378
567,1197,2.5,1525287953
570,1197,4.0,1181477363
573,1197,3.0,1186721805
577,1197,3.0,945965683
590,1197,4.5,1258416624
593,1197,1.5,1181008009
596,1197,3.5,1535627162
597,1197,5.0,940420799
598,1197,2.5,1430617010
599,1197,3.5,1498501425
600,1197,5.0,1237763240
601,1197,5.0,1521398207
603,1197,3.0,953927685
605,1197,5.0,1277175645
610,1197,4.5,1493850231
1,1198,5.0,964981827
4,1198,3.0,964538728
9,1198,5.0,1044656716
13,1198,5.0,987456848
15,1198,4.0,1510571989
16,1198,3.5,1377476852
17,1198,4.5,1305696619
18,1198,4.0,1455049377
19,1198,5.0,965709394
21,1198,4.0,1417378082
24,1198,4.5,1458941536
25,1198,5.0,1535470495
27,1198,5.0,965150190
28,1198,2.5,1234569517
29,1198,4.5,1307906966
30,1198,5.0,1500370343
31,1198,4.0,850467408
32,1198,5.0,856737270
39,1198,4.0,974789111
45,1198,4.0,950726408
50,1198,3.5,1527106209
52,1198,3.5,1468051097
57,1198,5.0,965798130
62,1198,4.5,1521490520
63,1198,5.0,1443199755
66,1198,3.0,1104644125
68,1198,5.0,1158531882
72,1198,4.5,1217324858
75,1198,4.5,1158990045
77,1198,5.0,1535107476
78,1198,4.5,1252575207
82,1198,4.5,1084464972
84,1198,4.0,858772111
91,1198,5.0,1112712826
95,1198,5.0,1069614382
96,1198,5.0,964772622
103,1198,3.5,1431957032
105,1198,4.0,1448196223
110,1198,3.5,1175330124
112,1198,5.0,1442535778
115,1198,4.0,944950887
116,1198,5.0,1337199765
128,1198,5.0,899032806
135,1198,4.0,1009690737
137,1198,4.5,1204859688
139,1198,4.0,1453923978
140,1198,4.0,942841170
141,1198,3.0,1513129799
152,1198,3.5,1450572456
153,1198,0.5,1525548264
156,1198,4.0,939842493
160,1198,3.0,971113406
164,1198,5.0,999708154
165,1198,5.0,1046741758
166,1198,4.5,1188926513
167,1198,4.0,1177516040
171,1198,5.0,866905738
177,1198,3.5,1435523538
178,1198,4.0,1164355272
180,1198,4.0,1270237900
182,1198,3.5,1054781077
186,1198,5.0,1031072474
187,1198,3.0,1161863830
193,1198,2.0,1435857225
198,1198,4.0,1034137577
199,1198,4.0,940380371
200,1198,4.0,1229885859
201,1198,5.0,939227364
202,1198,5.0,974918419
209,1198,5.0,1524607502
210,1198,3.0,1473881958
211,1198,4.5,1350913324
212,1198,4.0,1523216792
213,1198,4.0,1316196847
215,1198,4.0,1260908653
216,1198,5.0,974733351
217,1198,5.0,955935759
218,1198,4.0,1111625101
219,1198,4.5,1194685892
220,1198,5.0,1230055455
221,1198,3.5,1118246614
222,1198,4.0,1391346897
223,1198,3.5,1226209945
226,1198,4.0,1095662453
231,1198,4.0,1433089446
232,1198,4.5,1182907601
234,1198,4.0,1004407958
239,1198,4.0,1221158245
247,1198,4.0,1467643891
248,1198,4.0,1534591642
249,1198,5.0,1346758006
256,1198,5.0,1446579702
265,1198,5.0,965314300
266,1198,5.0,945670292
267,1198,5.0,959815004
274,1198,4.0,1212003426
275,1198,4.0,1049077222
279,1198,4.0,1506394231
288,1198,5.0,976138178
290,1198,5.0,975031719
292,1198,4.0,1219625017
294,1198,4.0,966633760
295,1198,2.0,1320064822
298,1198,4.5,1450441571
299,1198,4.0,974620129
302,1198,5.0,854473396
304,1198,5.0,891173435
305,1198,3.0,1461856896
307,1198,4.0,1226946657
308,1198,1.0,1421373683
309,1198,4.0,1166068294
310,1198,4.0,1078648289
313,1198,5.0,1030474598
323,1198,2.5,1422640063
328,1198,5.0,1494210760
330,1198,3.5,1285904477
334,1198,3.5,1225477633
339,1198,5.0,1460518945
342,1198,4.0,1042821230
343,1198,4.5,1202060835
352,1198,4.0,1493932037
355,1198,5.0,974965256
356,1198,4.0,1229142749
357,1198,4.0,1348610298
359,1198,3.0,1198112070
363,1198,4.0,1502584376
367,1198,5.0,997811126
368,1198,4.0,975828806
370,1198,4.0,1159162040
372,1198,5.0,874417242
376,1198,4.0,1364994056
380,1198,5.0,1493419758
381,1198,4.0,1164383449
382,1198,5.0,1515160690
385,1198,5.0,865025491
387,1198,4.0,1094876512
392,1198,5.0,1027524111
393,1198,5.0,1430505811
398,1198,4.5,1311207956
399,1198,5.0,1167220403
400,1198,4.5,1498870158
408,1198,5.0,1467371924
413,1198,1.0,1484439850
414,1198,5.0,961515566
415,1198,4.0,1382470692
417,1198,2.5,1530384953
425,1198,4.0,1085477395
439,1198,4.5,1436943790
441,1198,5.0,1449070467
448,1198,5.0,1019124147
452,1198,5.0,1013394526
462,1198,3.5,1488672595
469,1198,4.0,965333666
474,1198,4.0,983034022
475,1198,5.0,1498029334
477,1198,4.0,1200939393
479,1198,4.0,1039367579
480,1198,5.0,1179160219
482,1198,4.0,1105396533
483,1198,4.0,1178292917
487,1198,3.5,1428574150
488,1198,3.5,1112382073
489,1198,4.0,1333101305
493,1198,4.0,1001562629
494,1198,5.0,1000384043
497,1198,4.0,1429127325
509,1198,4.0,1435992293
510,1198,4.0,1141159012
511,1198,5.0,1450093999
514,1198,5.0,1533871625
516,1198,4.0,994624807
520,1198,5.0,1326609042
522,1198,3.5,1254100839
524,1198,5.0,851609256
525,1198,4.0,1476481383
527,1198,5.0,1033175704
531,1198,5.0,1032961819
532,1198,4.0,1025523148
534,1198,4.0,1459787998
549,1198,4.5,1464282584
555,1198,4.0,978819723
557,1198,3.5,1452797292
560,1198,4.0,1469652436
561,1198,5.0,1491090690
567,1198,2.5,1525287993
570,1198,4.0,1181476551
572,1198,4.0,945888912
573,1198,5.0,1186589562
577,1198,4.0,945965283
580,1198,4.5,1167673435
586,1198,5.0,1529899130
590,1198,5.0,1258416451
596,1198,3.5,1535627318
597,1198,5.0,941730854
599,1198,3.5,1498500961
600,1198,4.0,1237850738
601,1198,4.0,1521467805
603,1198,4.0,953927655
606,1198,3.5,1171310364
610,1198,5.0,1479545833
15,1200,5.0,1510572775
19,1200,3.0,965710693
21,1200,2.0,1419795311
23,1200,3.0,1107341788
27,1200,1.0,962686447
28,1200,4.0,1234338743
30,1200,3.0,1500370434
31,1200,3.0,850467408
39,1200,5.0,974787586
41,1200,2.0,1459367478
49,1200,4.5,1493093189
51,1200,5.0,1230929263
57,1200,4.0,965799430
63,1200,2.5,1443199762
66,1200,5.0,1093747661
68,1200,2.5,1158531997
75,1200,2.5,1158967713
78,1200,3.0,1252575261
79,1200,4.0,975281975
80,1200,4.5,1377473772
82,1200,3.5,1084467941
84,1200,4.0,858772698
91,1200,5.0,1112711448
95,1200,4.5,1105400608
96,1200,5.0,964772731
115,1200,5.0,959801035
122,1200,5.0,1461561520
131,1200,3.5,1349840772
135,1200,5.0,1009691562
137,1200,4.0,1204859777
140,1200,4.5,1080845650
149,1200,3.0,902084798
155,1200,4.0,965939389
160,1200,1.0,971113438
164,1200,5.0,999708195
167,1200,1.5,1154722044
182,1200,4.5,1064782813
183,1200,5.0,992331285
186,1200,5.0,1031079431
187,1200,4.5,1180734819
198,1200,3.0,1039797013
202,1200,5.0,974921268
212,1200,3.5,1523216803
215,1200,2.5,1260908710
217,1200,3.0,956194747
220,1200,5.0,1230061519
221,1200,5.0,1119984398
230,1200,3.0,1196304682
231,1200,5.0,1433089483
234,1200,4.0,1004407980
239,1200,4.0,1221158430
244,1200,5.0,975073808
249,1200,3.5,1346754274
254,1200,4.0,1180564652
266,1200,5.0,945670292
267,1200,5.0,959807517
271,1200,4.0,1234302566
274,1200,4.0,1171491997
279,1200,4.5,1506394355
288,1200,3.0,975691813
298,1200,4.0,1447584725
303,1200,5.0,1053303091
304,1200,4.0,891173435
305,1200,3.5,1462474119
308,1200,1.0,1421373802
312,1200,4.0,1043176581
313,1200,5.0,1030474684
317,1200,4.0,1430512249
328,1200,4.0,1494211035
330,1200,4.0,1285904027
332,1200,4.0,1352673434
343,1200,3.5,1202061382
345,1200,4.5,1342828544
352,1200,4.0,1493931972
361,1200,3.0,1204048158
368,1200,5.0,971274603
372,1200,5.0,874415726
376,1200,3.5,1364994290
377,1200,4.5,1340343440
380,1200,5.0,1493423198
385,1200,4.0,865025057
387,1200,3.5,1094876630
391,1200,3.0,1032388237
414,1200,5.0,961512403
425,1200,3.5,1085477630
428,1200,3.5,1111488423
432,1200,4.0,1328232756
434,1200,5.0,1270604026
443,1200,3.0,1420236655
448,1200,2.0,1113129252
452,1200,5.0,1019581156
462,1200,2.0,1154037863
465,1200,5.0,959896015
469,1200,4.0,965333750
474,1200,3.5,1116853629
480,1200,4.0,1179160559
482,1200,4.5,1105396870
483,1200,4.5,1181494833
484,1200,1.5,1342295106
489,1200,4.0,1332772670
493,1200,4.0,1001562708
494,1200,5.0,1001666589
514,1200,5.0,1534052813
520,1200,5.0,1326609271
522,1200,4.5,1449731613
524,1200,5.0,851609623
532,1200,5.0,1025523686
533,1200,4.0,1424753991
542,1200,4.0,1163387217
555,1200,5.0,978748483
561,1200,4.5,1491090838
562,1200,4.0,1368892357
570,1200,4.0,1181555711
573,1200,4.0,1248842041
577,1200,3.0,945966456
580,1200,4.5,1167789904
586,1200,5.0,1529903306
590,1200,4.5,1258420736
596,1200,3.5,1535709667
597,1200,5.0,941729229
599,1200,5.0,1498533615
600,1200,2.0,1237759117
603,1200,4.0,953927759
606,1200,3.5,1177104994
608,1200,4.5,1117491293
610,1200,5.0,1479544099
16,1201,3.0,1377477410
17,1201,5.0,1305696878
18,1201,5.0,1455051405
27,1201,4.0,965149552
28,1201,4.0,1234338285
29,1201,5.0,1307907031
50,1201,4.0,1536870006
51,1201,4.0,1230932475
57,1201,5.0,965798542
61,1201,4.5,1145532700
63,1201,4.0,1443199813
66,1201,5.0,1099187356
68,1201,3.5,1230497900
76,1201,1.5,1439168755
82,1201,3.0,1084463795
91,1201,4.5,1112716602
103,1201,5.0,1431954445
105,1201,4.0,1448168233
140,1201,4.0,942842894
164,1201,5.0,999708209
168,1201,5.0,1306801930
171,1201,5.0,866905882
183,1201,4.0,992331435
187,1201,5.0,1161849644
197,1201,3.0,947462764
202,1201,5.0,974918508
217,1201,1.0,955935759
221,1201,4.0,1111176269
222,1201,3.5,1391350089
249,1201,5.0,1347886940
268,1201,5.0,940266842
274,1201,3.0,1171409049
282,1201,4.5,1378490129
288,1201,4.0,978465510
295,1201,3.5,1320064990
296,1201,5.0,1532993957
298,1201,4.0,1450452228
305,1201,5.0,1460135283
307,1201,4.0,1200150685
309,1201,4.5,1086563449
315,1201,3.0,939922322
328,1201,2.5,1494210392
329,1201,2.0,1523468413
354,1201,4.0,1200953294
362,1201,5.0,1530641077
368,1201,4.0,975828964
372,1201,4.0,874415355
380,1201,5.0,1493473855
382,1201,4.5,1515160728
385,1201,3.0,865025755
387,1201,4.0,1166243775
391,1201,4.0,1034216816
414,1201,5.0,961513349
415,1201,5.0,1382470161
421,1201,4.5,1311494717
448,1201,5.0,1019124194
469,1201,5.0,965333710
474,1201,3.5,1086016563
483,1201,5.0,1311339409
489,1201,4.0,1332774415
494,1201,4.0,1001666423
499,1201,4.5,1289960416
524,1201,4.0,851609665
552,1201,4.0,1111473316
560,1201,4.0,1469652475
580,1201,4.0,1167791046
590,1201,4.5,1297830384
597,1201,4.0,941729264
599,1201,3.5,1498500787
603,1201,5.0,963177205
606,1201,4.0,1171237257
610,1201,5.0,1479542951
4,1203,5.0,945174025
16,1203,4.0,1377476856
18,1203,5.0,1455050107
23,1203,3.0,1107341565
47,1203,2.5,1496205502
60,1203,3.0,1393542084
62,1203,5.0,1521822604
63,1203,4.0,1443735650
64,1203,5.0,1161565961
66,1203,4.5,1099187301
84,1203,4.0,858772641
100,1203,4.0,1100186395
105,1203,4.5,1447574052
135,1203,5.0,1009694318
137,1203,4.5,1204859709
152,1203,5.0,1450572515
168,1203,5.0,1306801599
177,1203,4.5,1435534495
187,1203,4.0,1161849225
202,1203,4.0,974912395
213,1203,4.0,1316195547
215,1203,4.0,1260908727
221,1203,4.5,1118246632
237,1203,4.0,1411233968
249,1203,5.0,1346752532
265,1203,4.0,965316218
274,1203,3.5,1199751945
282,1203,4.5,1378489980
292,1203,4.0,973816970
305,1203,5.0,1460135663
308,1203,0.5,1421373899
309,1203,5.0,1086565028
318,1203,4.0,1286611622
322,1203,4.0,1217677750
328,1203,5.0,1494210997
332,1203,4.0,1352671268
338,1203,5.0,1530148436
339,1203,4.0,1460182155
343,1203,4.5,1202060847
345,1203,5.0,1342827258
372,1203,4.0,874414749
377,1203,5.0,1340342211
388,1203,1.0,1386694132
415,1203,4.5,1382470207
420,1203,4.0,1218037390
421,1203,4.5,1311494567
474,1203,4.0,1047054271
477,1203,4.0,1200940079
480,1203,5.0,1179160046
483,1203,5.0,1295093310
503,1203,4.0,1335219050
552,1203,3.5,1111473301
567,1203,4.5,1525283592
577,1203,4.0,945966653
580,1203,0.5,1167790938
590,1203,5.0,1258416446
601,1203,5.0,1521398258
29,1204,4.5,1308084015
50,1204,4.5,1526329645
57,1204,5.0,965795827
64,1204,5.0,1161529352
75,1204,3.5,1158989794
83,1204,3.0,1333843536
108,1204,5.0,1042839907
137,1204,5.0,1204859766
140,1204,5.0,942841471
156,1204,4.0,946798960
182,1204,4.0,1126561558
186,1204,4.0,1031072742
199,1204,5.0,1070938364
202,1204,5.0,974923127
221,1204,3.5,1119983987
226,1204,2.0,1095662276
288,1204,5.0,978467527
290,1204,5.0,974937901
294,1204,5.0,966633760
307,1204,3.5,1186161930
309,1204,4.0,1086563225
310,1204,5.0,1078648353
312,1204,5.0,1043177067
315,1204,3.0,939920310
332,1204,4.5,1352673468
354,1204,4.0,1200953210
372,1204,5.0,874414948
382,1204,5.0,1515160739
384,1204,5.0,994038103
385,1204,5.0,865025717
387,1204,4.0,1094876506
391,1204,5.0,1030825954
414,1204,5.0,961512311
437,1204,5.0,859721463
469,1204,4.0,965661836
474,1204,4.0,1126284508
477,1204,4.0,1200940521
489,1204,3.0,1385823809
494,1204,3.0,1000384075
517,1204,2.0,1487953360
572,1204,5.0,945888912
590,1204,4.5,1258421500
597,1204,5.0,941641669
599,1204,4.0,1498499166
606,1204,4.0,1171376888
1,1206,5.0,964983737
17,1206,5.0,1322628945
18,1206,4.5,1455050357
23,1206,4.0,1107341571
28,1206,2.5,1234516765
41,1206,5.0,1458939506
50,1206,4.0,1514238074
57,1206,4.0,965798685
66,1206,5.0,1104644833
68,1206,3.0,1252727946
73,1206,5.0,1464282740
74,1206,5.0,1207501395
76,1206,4.5,1439166958
83,1206,4.0,1333169113
91,1206,5.0,1112713440
95,1206,5.0,1043340455
103,1206,5.0,1477364701
104,1206,3.0,1048795254
105,1206,5.0,1447574118
111,1206,1.5,1516153663
125,1206,4.5,1474371143
132,1206,3.5,1157922800
135,1206,5.0,1009694121
149,1206,3.0,902084874
153,1206,2.5,1525550483
156,1206,5.0,1106855084
166,1206,4.0,1189038528
177,1206,1.0,1435533733
182,1206,5.0,1054779822
187,1206,4.0,1161849504
193,1206,5.0,1435857302
198,1206,5.0,1034134565
199,1206,4.0,940381382
202,1206,4.0,974925048
204,1206,4.0,1327183545
212,1206,4.0,1490114860
215,1206,4.0,1260908807
220,1206,5.0,1230061852
221,1206,4.5,1119984296
222,1206,4.0,1391350118
226,1206,4.0,1095662853
233,1206,4.0,1529334133
239,1206,5.0,1221158632
241,1206,4.0,1447536471
246,1206,3.5,1354127267
249,1206,4.0,1390729931
260,1206,2.0,1109410986
266,1206,5.0,944981086
267,1206,1.0,959807517
268,1206,3.0,940173888
274,1206,4.5,1171409259
275,1206,3.0,1049078088
287,1206,2.5,1110230054
288,1206,4.0,976139234
298,1206,3.5,1447585008
305,1206,5.0,1460135381
307,1206,3.5,1186161521
312,1206,5.0,1043176581
318,1206,3.5,1424546880
322,1206,3.0,1217676526
328,1206,4.5,1494207085
329,1206,0.5,1523468393
330,1206,4.0,1285903996
332,1206,4.0,1352672053
339,1206,5.0,1460182461
346,1206,4.0,1094650866
352,1206,3.5,1493931988
356,1206,4.0,1229142952
357,1206,4.0,1348610009
362,1206,5.0,1530640263
371,1206,5.0,1407692577
372,1206,2.0,874416234
384,1206,3.0,996929980
385,1206,5.0,865024776
387,1206,5.0,1094875230
390,1206,3.0,1250341043
391,1206,5.0,1030827179
393,1206,5.0,1430506339
405,1206,4.5,1295911364
410,1206,4.0,990727918
414,1206,5.0,961514724
416,1206,4.0,1187497538
417,1206,5.0,1529284346
418,1206,4.5,1461865827
419,1206,4.5,1322336862
420,1206,4.0,1218036953
421,1206,4.5,1311494926
425,1206,3.0,1085477836
428,1206,4.5,1111487889
432,1206,4.0,1315243615
434,1206,4.5,1271039384
437,1206,4.0,859721959
448,1206,4.0,1034616598
450,1206,5.0,974705774
452,1206,5.0,1013395218
453,1206,4.0,1005968555
462,1206,3.5,1154038002
464,1206,3.0,1275548772
469,1206,5.0,965335350
474,1206,3.5,1115044104
480,1206,4.0,1179161220
490,1206,4.0,1328145207
497,1206,4.0,1430332452
502,1206,5.0,1111757634
503,1206,4.0,1335219585
517,1206,0.5,1487953357
525,1206,3.5,1476480148
527,1206,3.0,1033174024
542,1206,4.0,1163387506
555,1206,4.0,978841345
561,1206,2.0,1491094666
570,1206,3.5,1181477917
580,1206,4.0,1167790316
590,1206,3.0,1258420840
597,1206,5.0,940361870
599,1206,4.5,1498539520
600,1206,5.0,1237712957
603,1206,5.0,953926787
606,1206,4.5,1171236748
608,1206,3.5,1147212290
16,1207,4.0,1377476891
18,1207,4.5,1455050736
27,1207,5.0,962686825
64,1207,4.0,1161529233
68,1207,3.0,1158533138
84,1207,4.0,858772565
85,1207,5.0,889468122
91,1207,3.0,1112712199
98,1207,4.0,1532458353
105,1207,4.0,1448168239
137,1207,3.0,1204859752
152,1207,4.5,1450572522
156,1207,4.0,1106855457
168,1207,5.0,1306801608
177,1207,5.0,1435534396
182,1207,4.5,1066639196
193,1207,5.0,1435857322
199,1207,3.0,940380847
212,1207,3.5,1490115049
221,1207,5.0,1111178168
226,1207,4.0,1095663017
247,1207,3.0,1467661227
280,1207,4.0,1348434102
292,1207,4.5,1265680175
304,1207,5.0,891173884
305,1207,4.5,1460135352
307,1207,3.0,1186161862
309,1207,3.0,1126451015
315,1207,5.0,939919421
317,1207,3.0,1430512244
325,1207,4.0,1039397109
330,1207,4.0,1285904603
357,1207,5.0,1348611733
367,1207,5.0,997811156
380,1207,5.0,1494803535
381,1207,3.0,1164383649
387,1207,3.5,1094876849
398,1207,5.0,1311207986
410,1207,4.0,990729062
413,1207,5.0,1484439771
414,1207,5.0,1039531135
418,1207,5.0,1461868702
421,1207,4.5,1311495223
424,1207,3.5,1457845211
469,1207,4.0,965661977
474,1207,4.0,1134343855
477,1207,4.0,1200940973
480,1207,4.0,1179160281
488,1207,5.0,1112382157
503,1207,4.0,1335219072
514,1207,4.0,1533948821
517,1207,3.0,1487953348
554,1207,5.0,944901745
580,1207,0.5,1167790977
590,1207,5.0,1258416898
597,1207,5.0,940362325
601,1207,4.0,1521467858
607,1207,4.0,963079328
1,1208,4.0,964983250
7,1208,4.0,1106635462
16,1208,4.0,1377477450
18,1208,3.5,1455051397
23,1208,4.0,1107162888
28,1208,3.0,1234516758
29,1208,4.0,1308084034
41,1208,2.0,1459367446
50,1208,4.5,1527106159
57,1208,4.0,965799430
59,1208,5.0,953609954
61,1208,4.5,1145531565
63,1208,5.0,1443199821
64,1208,5.0,1161521096
68,1208,3.0,1158532363
74,1208,5.0,1207501319
76,1208,4.0,1439167500
84,1208,5.0,858772615
91,1208,2.5,1112713456
95,1208,5.0,1043339777
103,1208,4.0,1431957246
105,1208,5.0,1448168140
110,1208,4.0,1175329843
115,1208,5.0,966978689
122,1208,5.0,1461561687
137,1208,5.0,1204859781
153,1208,2.0,1525551043
156,1208,4.0,946798960
160,1208,5.0,991075729
168,1208,5.0,1306801984
171,1208,5.0,866905820
182,1208,5.0,1054780329
195,1208,3.0,997734144
199,1208,5.0,940379738
202,1208,4.0,974912467
204,1208,4.5,1327183527
215,1208,5.0,1260908749
221,1208,5.0,1111175995
222,1208,3.5,1391350069
239,1208,5.0,1221158727
251,1208,5.0,1470677204
266,1208,5.0,944891672
268,1208,5.0,940173779
274,1208,4.0,1202111741
275,1208,5.0,1049079466
279,1208,3.5,1506394410
282,1208,4.5,1378490160
287,1208,3.5,1110231633
288,1208,4.5,1220235736
289,1208,4.0,1143424573
290,1208,5.0,974939475
298,1208,4.0,1450452231
311,1208,2.5,1057854233
312,1208,5.0,1043177067
313,1208,4.0,1030557148
317,1208,5.0,1430366145
318,1208,4.0,1265573914
328,1208,4.0,1494210389
330,1208,2.5,1285904064
332,1208,4.0,1352671696
346,1208,4.5,1094646952
348,1208,5.0,1378850772
354,1208,3.5,1200870664
356,1208,5.0,1228073085
357,1208,3.5,1348611143
362,1208,5.0,1530640297
368,1208,5.0,971274603
369,1208,3.0,1237082914
372,1208,5.0,874417241
377,1208,5.0,1340345165
380,1208,4.0,1493474214
381,1208,2.0,1170587454
385,1208,4.0,865026336
387,1208,5.0,1094875238
391,1208,5.0,1030945408
414,1208,5.0,961512403
419,1208,3.0,1321854974
420,1208,3.5,1218041267
427,1208,5.0,1053068859
428,1208,3.5,1111623185
434,1208,3.5,1271039077
437,1208,5.0,859721556
448,1208,4.0,1036695762
454,1208,3.0,1279547273
462,1208,3.0,1123890920
465,1208,5.0,959896514
469,1208,5.0,965846390
474,1208,3.5,1117481021
477,1208,5.0,1232338078
480,1208,4.0,1179160664
495,1208,4.5,1458635536
510,1208,4.0,1141158708
524,1208,4.0,851609788
552,1208,4.0,1111472941
554,1208,3.0,944902697
555,1208,5.0,978748797
560,1208,4.0,1469647925
572,1208,5.0,945889382
580,1208,3.5,1167790956
590,1208,4.5,1258416620
594,1208,3.0,1108798893
597,1208,5.0,941640239
599,1208,5.0,1519029295
603,1208,5.0,953926787
606,1208,4.5,1171309724
608,1208,3.0,1117408362
610,1208,5.0,1479542936
17,1209,3.5,1307262267
18,1209,5.0,1455050528
28,1209,3.0,1235805640
29,1209,4.5,1308025043
74,1209,4.0,1207502875
168,1209,4.5,1306802855
187,1209,5.0,1161849906
197,1209,5.0,947462811
202,1209,5.0,974924273
249,1209,4.5,1362914598
274,1209,4.0,1202448511
362,1209,5.0,1532214433
387,1209,3.0,1094876481
405,1209,3.5,1298431405
448,1209,5.0,1062423064
474,1209,3.5,1126533605
606,1209,4.5,1171379582
610,1209,5.0,1479544789
1,1210,5.0,964980499
7,1210,4.0,1106635965
11,1210,4.0,902154266
15,1210,5.0,1510572653
17,1210,5.0,1305696490
18,1210,4.5,1455209798
19,1210,3.0,965709445
21,1210,4.5,1417378078
27,1210,4.0,962684909
28,1210,4.0,1234515113
30,1210,5.0,1500370347
33,1210,5.0,939647873
39,1210,5.0,974787586
42,1210,5.0,996258118
44,1210,5.0,869252333
45,1210,5.0,950726673
52,1210,5.0,1468051109
57,1210,4.0,965798130
59,1210,3.0,953608307
62,1210,4.5,1521488714
63,1210,4.5,1443199768
64,1210,3.5,1161520048
66,1210,3.0,1093747693
68,1210,5.0,1158531261
69,1210,5.0,1021642769
70,1210,5.0,1355198266
71,1210,3.0,864738037
72,1210,4.5,1217324808
77,1210,5.0,1535107480
79,1210,5.0,975282009
82,1210,4.0,1084464985
84,1210,4.0,858771139
86,1210,4.0,1344083030
91,1210,4.0,1112711157
95,1210,4.5,1105400853
96,1210,5.0,964772712
97,1210,5.0,1043382136
101,1210,4.0,968440698
103,1210,3.5,1431957028
112,1210,5.0,1442535785
114,1210,3.5,1485388367
120,1210,5.0,860070182
122,1210,5.0,1461561411
124,1210,4.5,1336584462
125,1210,4.0,1474289493
129,1210,4.0,1167375407
132,1210,2.0,1157921254
135,1210,4.0,1009693068
137,1210,3.0,1204859820
140,1210,3.5,1117729537
141,1210,4.5,1513129848
149,1210,4.0,902084798
160,1210,5.0,971113953
164,1210,4.0,999708029
165,1210,3.0,1046741234
166,1210,5.0,1188926273
167,1210,4.0,1154721662
171,1210,5.0,866904240
172,1210,4.5,1291065631
177,1210,3.0,1435533540
182,1210,2.5,1054779829
183,1210,4.0,992331285
186,1210,5.0,1031072228
187,1210,4.0,1161863821
195,1210,4.0,974705240
198,1210,5.0,1034136682
199,1210,2.0,940543906
200,1210,5.0,1229885935
201,1210,5.0,940006866
202,1210,3.0,974912027
208,1210,4.0,940639513
210,1210,5.0,1473705479
211,1210,4.0,1350913053
212,1210,3.5,1523216796
217,1210,5.0,955935905
219,1210,4.0,1194686138
220,1210,4.5,1230055670
224,1210,2.0,971812895
226,1210,5.0,1097545652
232,1210,5.0,1077235144
234,1210,5.0,1004408002
239,1210,5.0,1221158189
246,1210,5.0,1354126788
247,1210,3.5,1467644197
248,1210,3.5,1534591644
249,1210,4.5,1346757895
254,1210,4.0,1180446169
255,1210,5.0,1005717141
256,1210,4.0,1446579739
261,1210,4.5,1404881450
263,1210,4.0,940384546
264,1210,3.5,1136979013
266,1210,3.0,944891365
267,1210,5.0,959806709
268,1210,1.0,940185272
274,1210,4.0,1171409967
275,1210,4.0,1049076195
276,1210,5.0,858350816
279,1210,4.5,1506394308
283,1210,4.0,901227886
288,1210,4.5,1066059692
292,1210,4.0,1039914974
294,1210,4.0,966633825
298,1210,4.5,1447585006
303,1210,5.0,1053303183
304,1210,5.0,881232527
305,1210,5.0,1460135354
307,1210,3.0,1186411468
312,1210,5.0,1043175521
313,1210,3.0,1030474577
318,1210,4.0,1238514353
328,1210,4.0,1494210594
330,1210,5.0,1285904933
332,1210,3.5,1352672627
334,1210,3.5,1225480739
337,1210,5.0,860255992
344,1210,5.0,1420497000
350,1210,4.0,864941053
354,1210,4.0,1200870086
357,1210,4.0,1348610216
361,1210,2.0,1204045281
364,1210,3.0,869443773
368,1210,4.0,971273072
370,1210,2.0,1159162853
372,1210,5.0,874415402
376,1210,4.5,1364933342
380,1210,5.0,1493419767
381,1210,3.5,1200824536
382,1210,4.5,1515161557
385,1210,4.0,865025491
387,1210,4.0,1118029797
391,1210,4.0,1032389300
399,1210,5.0,1167220405
400,1210,5.0,1498870163
408,1210,4.0,1472537300
414,1210,5.0,961436248
425,1210,3.0,1085477285
428,1210,3.5,1111623640
430,1210,4.0,962936051
432,1210,3.5,1316391473
434,1210,4.5,1270604436
437,1210,5.0,859721119
438,1210,5.0,1105654507
448,1210,5.0,1019123866
452,1210,4.0,1013394824
453,1210,3.0,972621007
462,1210,1.0,1154037668
464,1210,5.0,1275549267
465,1210,4.0,959895475
469,1210,3.0,965333863
474,1210,4.0,1002928633
475,1210,5.0,1498029362
477,1210,4.5,1200939648
479,1210,3.0,1039360590
480,1210,3.5,1179177713
483,1210,4.5,1327276791
492,1210,4.0,863976101
494,1210,4.0,1001666475
513,1210,4.0,1159980678
514,1210,4.0,1533872364
517,1210,2.0,1492338986
522,1210,4.0,1253344684
524,1210,3.0,851609335
525,1210,4.0,1476475901
527,1210,5.0,1033174098
534,1210,4.5,1459787997
540,1210,5.0,1179108750
549,1210,2.0,1464282608
551,1210,3.5,1505548058
554,1210,5.0,944898646
555,1210,5.0,978821670
557,1210,3.0,1452797322
559,1210,4.0,865095758
560,1210,4.0,1469647971
561,1210,4.5,1491090721
567,1210,1.5,1525288690
570,1210,4.0,1181478655
572,1210,5.0,945888944
573,1210,5.0,1186589710
577,1210,4.0,945965737
580,1210,4.0,1167673442
586,1210,4.5,1529899132
590,1210,4.5,1258420427
591,1210,5.0,970524400
593,1210,4.5,1181007601
594,1210,4.0,1109036645
596,1210,4.0,1535627154
597,1210,5.0,940420695
599,1210,5.0,1498533608
600,1210,4.5,1237743471
603,1210,3.0,953927884
605,1210,5.0,1277097594
606,1210,4.5,1171324088
607,1210,3.0,963078417
608,1210,4.0,1117408257
610,1210,5.0,1479544574
18,1212,4.5,1455059742
23,1212,5.0,1107162640
57,1212,5.0,965796633
59,1212,5.0,953610203
74,1212,5.0,1207501258
156,1212,5.0,946800148
168,1212,5.0,1306802055
177,1212,3.0,1435535282
188,1212,5.0,962560383
202,1212,4.0,974924628
221,1212,5.0,1111178150
253,1212,4.5,1286642647
312,1212,4.0,1043177445
313,1212,1.0,1030556827
318,1212,3.5,1417205182
346,1212,4.0,1125857669
362,1212,4.5,1530643915
387,1212,5.0,1094876316
469,1212,5.0,965661904
474,1212,4.0,1143683482
590,1212,4.5,1258415372
597,1212,3.0,940362409
599,1212,3.0,1498519663
600,1212,4.0,1237759887
1,1213,5.0,964982951
4,1213,4.0,945079729
16,1213,3.5,1377476956
17,1213,4.5,1305696699
18,1213,4.5,1455050000
23,1213,3.0,1107164469
28,1213,4.0,1234338180
29,1213,4.0,1308025032
33,1213,3.0,939646865
39,1213,4.0,974789540
41,1213,2.0,1459367440
42,1213,5.0,996214157
45,1213,5.0,951756891
61,1213,4.0,1145532539
63,1213,4.0,1443201226
64,1213,5.0,1161520853
66,1213,3.5,1099187078
68,1213,3.5,1240093011
76,1213,5.0,1439165644
84,1213,3.0,858772461
91,1213,4.0,1112712318
100,1213,3.5,1100183731
103,1213,5.0,1431954394
105,1213,5.0,1447574024
118,1213,5.0,944924360
122,1213,5.0,1461561146
131,1213,4.0,1349840259
135,1213,4.0,1009693602
140,1213,3.0,942843185
152,1213,4.0,1450572454
156,1213,4.0,1106855028
160,1213,4.0,971113158
168,1213,5.0,1306802015
177,1213,4.0,1435536859
178,1213,4.0,1164355572
180,1213,4.5,1270237889
182,1213,5.0,1055153970
195,1213,5.0,974709608
197,1213,3.0,947462347
198,1213,4.0,1034137793
199,1213,4.0,940372592
200,1213,4.0,1229886360
201,1213,4.0,939227627
219,1213,2.5,1194685974
220,1213,5.0,1230061623
221,1213,4.5,1111175957
222,1213,4.0,1391350093
239,1213,5.0,1221158601
247,1213,3.5,1467646448
249,1213,4.0,1346757707
266,1213,5.0,945670764
268,1213,5.0,940266842
274,1213,4.0,1171409055
275,1213,5.0,1049078044
279,1213,3.5,1506394210
280,1213,5.0,1348434161
282,1213,4.5,1378490607
288,1213,4.0,976120925
290,1213,5.0,974938755
295,1213,4.5,1320064972
298,1213,4.0,1450452225
305,1213,5.0,1460135270
307,1213,4.0,1186161459
309,1213,2.5,1166068343
313,1213,5.0,1030476374
317,1213,4.0,1430361421
327,1213,4.5,1234788813
328,1213,4.5,1494210611
330,1213,3.5,1285904239
331,1213,5.0,1537235351
332,1213,4.0,1352672716
339,1213,4.5,1460182421
343,1213,5.0,1202060780
348,1213,4.5,1378850307
352,1213,3.5,1493931948
357,1213,5.0,1348612143
362,1213,4.0,1530640211
368,1213,4.0,975827507
372,1213,5.0,874415832
378,1213,4.0,1445346216
380,1213,5.0,1493474014
385,1213,5.0,865025717
387,1213,3.5,1117356023
391,1213,4.0,1030945624
400,1213,4.5,1498870443
403,1213,4.5,1225243612
405,1213,4.5,1295914277
409,1213,5.0,969072204
413,1213,4.5,1484439561
414,1213,5.0,961516639
415,1213,5.0,1382470027
417,1213,3.5,1529284422
419,1213,4.0,1321659212
422,1213,5.0,986173244
424,1213,3.5,1457845744
434,1213,4.5,1270604002
437,1213,5.0,859721556
448,1213,5.0,1019132316
461,1213,4.0,1505935438
462,1213,4.5,1123891892
464,1213,4.5,1275549653
469,1213,4.0,965336611
474,1213,3.5,1053021608
480,1213,4.0,1179160131
484,1213,4.5,1342228582
503,1213,5.0,1335219083
510,1213,3.5,1141160602
514,1213,4.5,1533872252
522,1213,3.5,1253343431
528,1213,4.0,1391735936
532,1213,5.0,1025570428
553,1213,5.0,1219558003
554,1213,5.0,944902081
555,1213,5.0,978840077
561,1213,4.0,1491091964
573,1213,4.5,1186589246
577,1213,4.0,945966718
580,1213,4.0,1167790635
585,1213,5.0,1307580821
590,1213,4.0,1258420771
599,1213,4.0,1498500397
600,1213,2.0,1237742323
603,1213,4.0,963179312
607,1213,4.0,963079311
608,1213,4.5,1189471142
610,1213,5.0,1479542160
1,1214,4.0,964981855
15,1214,5.0,1510572684
16,1214,4.0,1377477839
18,1214,4.0,1455050629
19,1214,4.0,965703555
21,1214,1.5,1419795364
23,1214,4.0,1107341579
28,1214,3.5,1234338454
31,1214,4.0,850467425
39,1214,5.0,974787510
41,1214,0.5,1459367443
49,1214,4.0,1493093185
51,1214,5.0,1230929258
61,1214,4.5,1145532688
63,1214,2.5,1443199787
64,1214,4.0,1161520595
66,1214,4.0,1093747875
68,1214,2.0,1158531713
75,1214,4.5,1158967602
76,1214,4.0,1439166544
80,1214,5.0,1377308249
82,1214,3.5,1084467898
84,1214,3.0,860397257
91,1214,5.0,1112713343
95,1214,4.0,1043340455
96,1214,5.0,964773743
98,1214,4.5,1532457890
105,1214,4.0,1448195676
122,1214,5.0,1461561511
131,1214,4.5,1349840573
135,1214,4.0,1009694067
137,1214,5.0,1204859754
140,1214,4.0,1080845712
144,1214,3.0,1136812788
149,1214,5.0,902084716
160,1214,2.0,971113925
166,1214,4.0,1189038370
167,1214,2.0,1154723102
171,1214,5.0,866905795
177,1214,2.5,1435533611
182,1214,4.5,1066151134
183,1214,4.0,992331285
186,1214,4.0,1031073489
187,1214,4.0,1161849824
196,1214,4.5,1460954418
198,1214,2.0,1034135503
199,1214,4.0,940380410
200,1214,3.5,1229877238
202,1214,4.0,974921250
213,1214,4.5,1316196944
217,1214,3.0,956194704
221,1214,5.0,1118246884
225,1214,4.0,949261297
228,1214,4.5,1363222906
230,1214,3.5,1196304584
231,1214,4.0,1433089506
234,1214,5.0,1004408002
236,1214,5.0,943013896
239,1214,4.0,1221158308
249,1214,4.5,1346754258
254,1214,4.0,1180564643
265,1214,2.0,965314811
271,1214,4.0,1234302536
274,1214,4.0,1171409571
279,1214,5.0,1506394349
288,1214,3.0,976137780
290,1214,4.0,974942346
292,1214,3.0,1265680466
298,1214,4.0,1447584732
299,1214,3.0,974620404
303,1214,5.0,1053303079
304,1214,4.0,891173460
305,1214,4.0,1463335665
307,1214,2.0,1227538416
312,1214,4.0,1043175952
313,1214,4.0,1030474666
330,1214,4.0,1285904024
332,1214,4.5,1352672064
334,1214,3.5,1234630002
339,1214,4.0,1460868485
343,1214,4.0,1202061362
344,1214,1.0,1420496980
345,1214,5.0,1342828521
352,1214,5.0,1493931915
354,1214,4.0,1200870323
361,1214,3.0,1204048155
368,1214,4.0,975828806
372,1214,5.0,874417086
376,1214,5.0,1364994191
377,1214,5.0,1340343421
380,1214,5.0,1493474048
382,1214,5.0,1515160736
387,1214,4.0,1125212099
391,1214,4.0,1032736600
393,1214,3.0,1430506219
405,1214,4.0,1300134613
412,1214,4.0,939114735
414,1214,5.0,961514668
425,1214,4.0,1085477582
428,1214,3.5,1111488414
432,1214,4.0,1316391601
434,1214,5.0,1270605001
440,1214,4.5,1237569147
448,1214,3.0,1019124174
452,1214,4.0,1013394673
462,1214,3.0,1154037840
465,1214,5.0,959895941
469,1214,5.0,965333710
474,1214,4.0,1103379434
477,1214,4.5,1200939818
480,1214,5.0,1179160557
483,1214,4.0,1178293094
484,1214,1.5,1342295299
489,1214,4.0,1332772871
493,1214,2.0,1001562662
494,1214,5.0,1001666589
502,1214,4.5,1111757653
503,1214,2.5,1335219463
514,1214,4.0,1533872256
520,1214,5.0,1326609215
522,1214,5.0,1449731619
524,1214,3.0,851609753
527,1214,5.0,1033176358
532,1214,5.0,1025523686
533,1214,4.0,1424753977
555,1214,5.0,978748483
560,1214,3.5,1470702523
561,1214,4.5,1491091923
562,1214,4.5,1368892355
570,1214,3.5,1181477531
571,1214,2.0,966900180
572,1214,4.0,979922376
573,1214,4.5,1248842008
577,1214,4.0,945966986
580,1214,4.0,1167792663
590,1214,4.5,1258420654
594,1214,4.0,1109036961
596,1214,4.0,1535709656
597,1214,5.0,940420585
599,1214,5.0,1519029442
600,1214,2.5,1237709566
603,1214,5.0,953925452
606,1214,4.0,1171325965
607,1214,3.0,963079420
608,1214,4.0,1117491494
610,1214,4.5,1493850227
23,1217,3.5,1107341647
64,1217,5.0,1161531086
66,1217,5.0,1099188036
74,1217,4.0,1207501935
84,1217,4.0,858773023
156,1217,5.0,946799037
199,1217,5.0,940381382
325,1217,5.0,1039396324
390,1217,5.0,1250335792
414,1217,5.0,961512311
474,1217,4.0,1089386649
597,1217,4.0,941639635
600,1217,4.0,1237759877
603,1217,4.0,953927628
606,1217,4.0,1171324457
1,1219,2.0,964983393
4,1219,4.0,964539961
7,1219,5.0,1106635496
16,1219,3.0,1377477594
18,1219,4.5,1455050177
19,1219,4.0,965704863
39,1219,5.0,974788126
41,1219,4.0,1459367455
59,1219,5.0,953610203
68,1219,4.5,1158532359
74,1219,4.5,1207501896
84,1219,4.0,858772845
91,1219,5.0,1112710880
98,1219,5.0,1532458204
105,1219,4.5,1447574141
116,1219,2.5,1337199455
122,1219,4.0,1461561765
132,1219,4.0,1157922823
137,1219,5.0,1204859799
156,1219,4.5,1106855157
160,1219,3.0,971195858
168,1219,4.0,1306801603
177,1219,5.0,1435534184
182,1219,3.0,1069633872
202,1219,4.0,974924662
219,1219,3.5,1194686648
221,1219,4.5,1119983925
225,1219,3.0,949261262
249,1219,5.0,1346757676
260,1219,4.0,1109410702
274,1219,4.0,1197426191
275,1219,4.0,1049078012
285,1219,4.5,1449626163
288,1219,5.0,976138527
290,1219,5.0,974937993
305,1219,5.0,1460135296
307,1219,3.0,1186161602
309,1219,3.5,1166068970
312,1219,5.0,1043175952
313,1219,3.0,1030475592
317,1219,5.0,1430366136
325,1219,5.0,1039397876
328,1219,5.0,1494210797
329,1219,2.0,1523468410
330,1219,3.5,1285903841
339,1219,4.0,1460182818
346,1219,5.0,1125857425
354,1219,4.0,1200952862
357,1219,4.5,1348611077
367,1219,4.0,997811331
368,1219,3.0,971275360
372,1219,3.0,874415516
374,1219,3.0,849089349
380,1219,4.0,1494803477
382,1219,5.0,1515160705
385,1219,4.0,865025073
387,1219,4.5,1121052530
391,1219,5.0,1030945710
409,1219,4.0,969072061
412,1219,4.0,939114647
416,1219,4.0,1187497552
418,1219,4.5,1461865939
424,1219,4.0,1457902433
452,1219,4.0,1013396622
454,1219,4.5,1279547312
462,1219,4.5,1190437201
465,1219,5.0,959895907
469,1219,4.0,965661925
474,1219,4.5,1089386307
477,1219,4.0,1200940546
489,1219,3.5,1334170450
517,1219,1.0,1487953306
562,1219,4.0,1368892373
567,1219,2.5,1525287875
570,1219,3.0,1181478116
571,1219,4.0,966900180
590,1219,5.0,1258420975
599,1219,3.0,1498526185
600,1219,4.0,1237858963
603,1219,5.0,953925452
606,1219,4.5,1171326504
607,1219,3.0,963079420
608,1219,3.0,1117503132
1,1220,5.0,964981909
7,1220,4.5,1106635464
24,1220,3.5,1458941742
57,1220,4.0,969753346
63,1220,5.0,1443200106
68,1220,3.0,1158532296
76,1220,1.5,1439168770
79,1220,5.0,975281545
84,1220,3.0,860397365
91,1220,5.0,1112713446
96,1220,3.0,964772847
100,1220,3.0,1100183794
104,1220,4.0,1053207006
122,1220,4.5,1461562308
135,1220,4.0,1009693108
156,1220,3.0,946799749
167,1220,4.5,1154718683
169,1220,4.0,1059427628
171,1220,5.0,866905820
177,1220,3.0,1435534174
182,1220,3.5,1054782080
183,1220,4.0,992331667
200,1220,4.5,1229878369
202,1220,4.0,974918657
212,1220,4.0,1523216940
216,1220,3.0,975212804
219,1220,4.5,1194932334
221,1220,4.5,1111175999
222,1220,5.0,1391349962
226,1220,4.0,1095662881
249,1220,4.0,1346758092
255,1220,5.0,1005717433
266,1220,5.0,944979968
275,1220,4.0,1049077048
282,1220,4.0,1378495314
288,1220,3.5,1054568476
289,1220,3.5,1143424582
298,1220,3.5,1466276714
304,1220,4.0,891173356
305,1220,5.0,1460222189
307,1220,2.5,1186161539
313,1220,1.0,1030557667
318,1220,3.5,1319980316
328,1220,5.0,1494211492
356,1220,5.0,1229140166
357,1220,3.0,1348612245
368,1220,3.0,975828914
369,1220,3.5,1237081577
372,1220,3.0,874415775
380,1220,5.0,1493474197
385,1220,4.0,865025940
387,1220,3.5,1094877587
391,1220,5.0,1030824540
410,1220,4.0,990910395
414,1220,5.0,961515708
418,1220,5.0,1461868039
448,1220,3.0,1019563582
452,1220,4.0,1013395144
462,1220,3.0,1123890905
469,1220,4.0,965333831
474,1220,3.0,1002928933
479,1220,5.0,1039362337
482,1220,3.0,1105396001
483,1220,3.0,1181494985
489,1220,3.0,1385823565
499,1220,5.0,1289960540
513,1220,4.0,1159980341
522,1220,4.0,1255455457
524,1220,3.0,851609741
525,1220,4.0,1476477525
552,1220,4.0,1111472942
554,1220,1.0,944900238
555,1220,4.0,978820747
560,1220,3.5,1469653946
572,1220,2.0,979923391
577,1220,4.0,945967371
590,1220,4.0,1258420940
594,1220,4.0,1108798899
597,1220,4.0,940420695
599,1220,3.5,1498501792
600,1220,2.5,1237859154
603,1220,3.0,953928124
606,1220,4.5,1171377515
608,1220,4.0,1117415342
17,1221,4.5,1305696752
18,1221,5.0,1460242083
21,1221,2.5,1428775441
23,1221,3.5,1107163341
28,1221,4.0,1234338282
39,1221,5.0,974789111
42,1221,5.0,996213544
45,1221,4.0,950723493
57,1221,5.0,965795745
59,1221,4.0,953610986
62,1221,5.0,1521488574
63,1221,4.0,1443201175
64,1221,5.0,1161528995
68,1221,3.0,1158531015
72,1221,4.5,1217324698
74,1221,5.0,1207502422
76,1221,4.5,1439166402
79,1221,5.0,975281842
80,1221,4.0,1377308052
82,1221,3.0,1084464993
91,1221,4.0,1112712986
95,1221,5.0,1043340018
96,1221,4.0,964772610
103,1221,4.5,1431954396
105,1221,4.5,1447574027
118,1221,5.0,944924276
125,1221,4.5,1474289973
131,1221,4.0,1349840201
132,1221,3.0,1157920997
137,1221,5.0,1204859699
140,1221,3.0,942840891
152,1221,4.0,1450572436
156,1221,4.0,1106854933
160,1221,5.0,1058456805
165,1221,3.0,1046741758
166,1221,4.5,1188921623
168,1221,5.0,1306801827
177,1221,4.0,1435533674
182,1221,4.5,1054781955
190,1221,4.0,1504310664
198,1221,3.0,1034137533
202,1221,4.0,974918419
211,1221,3.5,1350912932
217,1221,2.0,956194704
219,1221,4.0,1214043291
222,1221,4.5,1391346862
238,1221,4.0,1007931691
239,1221,5.0,1221158628
241,1221,4.0,1447536136
247,1221,4.0,1467644462
249,1221,4.0,1347317381
268,1221,4.0,940173559
274,1221,3.5,1186728678
275,1221,4.0,1049079110
282,1221,5.0,1378489657
290,1221,5.0,974937974
292,1221,4.0,1015375085
294,1221,4.0,966597387
295,1221,4.5,1320064798
298,1221,3.5,1450452223
302,1221,5.0,854473396
305,1221,5.0,1460135167
307,1221,4.5,1186161428
308,1221,1.0,1421374691
313,1221,4.0,1030474533
319,1221,5.0,1461351725
322,1221,1.0,1217676453
327,1221,4.0,1234788153
328,1221,5.0,1494207076
338,1221,5.0,1530148346
339,1221,4.5,1460346330
343,1221,3.0,1202061269
346,1221,3.5,1094646958
348,1221,5.0,1378850200
357,1221,5.0,1348610451
362,1221,5.0,1530637014
367,1221,4.0,997812715
368,1221,4.0,975828806
372,1221,5.0,874415199
376,1221,4.5,1364932910
380,1221,5.0,1493474216
385,1221,4.0,865025755
387,1221,4.5,1094876300
391,1221,4.0,1032387210
392,1221,5.0,1027524082
400,1221,4.5,1498870513
409,1221,5.0,969057728
412,1221,5.0,939563056
413,1221,4.5,1484439559
414,1221,5.0,961515566
415,1221,5.0,1382469965
417,1221,5.0,1530156633
419,1221,4.0,1321659193
424,1221,2.5,1457845759
425,1221,3.5,1085477639
432,1221,4.0,1315243038
435,1221,5.0,1366676021
448,1221,5.0,1019124147
452,1221,5.0,1013394673
453,1221,4.0,972621643
462,1221,4.5,1214102466
463,1221,4.5,1145460455
464,1221,5.0,1275549682
469,1221,5.0,965333666
472,1221,5.0,1345843356
474,1221,5.0,983033120
480,1221,5.0,1179160127
483,1221,3.5,1181494841
493,1221,5.0,1001562471
494,1221,5.0,1001666564
496,1221,4.0,1415166620
503,1221,4.0,1335219023
522,1221,4.0,1253343510
553,1221,5.0,1219559706
572,1221,5.0,945889273
573,1221,3.0,1248842030
577,1221,4.0,945966674
580,1221,4.0,1167790632
586,1221,3.0,1529899256
590,1221,5.0,1258416472
593,1221,4.0,1181008279
596,1221,3.0,1535709743
597,1221,5.0,940361738
599,1221,4.0,1498499670
601,1221,4.5,1441639465
603,1221,5.0,953926758
606,1221,4.0,1171237134
608,1221,4.5,1117503038
610,1221,5.0,1479542899
1,1222,5.0,964981909
16,1222,4.5,1377477957
17,1222,4.5,1305696870
18,1222,4.5,1455050183
23,1222,5.0,1107341684
27,1222,1.0,962684822
28,1222,4.0,1234338173
29,1222,4.0,1308084128
36,1222,2.5,1100803585
41,1222,2.0,1459367467
42,1222,5.0,996216146
57,1222,4.0,969754290
59,1222,5.0,953610028
63,1222,2.5,1443199857
64,1222,4.0,1161521646
66,1222,4.5,1093747612
68,1222,2.5,1158532539
79,1222,4.0,975281874
83,1222,5.0,1333170720
103,1222,5.0,1477364699
105,1222,4.0,1447574057
110,1222,4.0,1175329966
115,1222,5.0,944959028
122,1222,5.0,1461561649
129,1222,4.0,1167377073
156,1222,4.5,1106855249
160,1222,4.0,971113496
166,1222,3.5,1188921668
168,1222,4.5,1306802554
182,1222,5.0,1054780297
183,1222,4.0,992331344
187,1222,4.5,1161849352
195,1222,4.0,974710250
204,1222,5.0,1327183322
205,1222,3.5,1523528510
211,1222,4.0,1350913038
217,1222,3.0,956194747
221,1222,4.5,1118246751
222,1222,4.0,1391350128
226,1222,5.0,1130137446
239,1222,5.0,1221158997
261,1222,4.0,1404881478
266,1222,5.0,944891695
268,1222,2.0,940180731
274,1222,4.0,1171172712
275,1222,5.0,1049079341
279,1222,4.0,1506394405
282,1222,4.0,1514068174
288,1222,3.0,976138178
298,1222,4.0,1450452234
305,1222,5.0,1460135294
307,1222,3.0,1186161615
312,1222,5.0,1043177268
313,1222,5.0,1030556143
317,1222,3.0,1430366044
318,1222,4.0,1235482996
328,1222,3.0,1494210787
330,1222,5.0,1285904221
352,1222,4.0,1493931984
354,1222,3.5,1200952972
356,1222,4.5,1229143535
362,1222,4.5,1530640321
368,1222,4.0,971274692
372,1222,3.0,874415355
380,1222,5.0,1493474209
384,1222,4.0,994038410
385,1222,4.0,865025772
387,1222,4.0,1094875301
391,1222,4.0,1032389236
405,1222,4.5,1295912972
414,1222,5.0,961512442
418,1222,4.0,1461869820
419,1222,4.5,1321757413
425,1222,4.0,1085490371
428,1222,3.0,1111488452
434,1222,5.0,1270603899
449,1222,3.0,1053200179
452,1222,5.0,1019580676
462,1222,3.0,1123893415
464,1222,5.0,1275550294
469,1222,5.0,965333794
474,1222,4.0,1081862501
477,1222,5.0,1200940569
480,1222,3.5,1179161887
493,1222,4.0,1001562740
508,1222,4.5,1268298460
525,1222,3.5,1476476644
528,1222,4.0,1391736165
552,1222,4.0,1112151219
555,1222,4.0,978820487
558,1222,5.0,1035415531
560,1222,4.0,1469648017
561,1222,4.5,1491090917
577,1222,4.0,945966432
580,1222,5.0,1167783691
585,1222,4.0,1307417782
597,1222,5.0,941639716
599,1222,3.5,1498798149
603,1222,3.0,953927759
606,1222,4.0,1171310082
608,1222,3.0,1117336675
610,1222,4.5,1479542976
16,1223,4.0,1377477855
18,1223,4.5,1455050616
22,1223,4.0,1268330594
50,1223,3.0,1514238949
57,1223,4.0,965796255
63,1223,5.0,1443348411
83,1223,0.5,1332837822
89,1223,1.5,1520408324
104,1223,4.0,1048587352
124,1223,4.0,1336409689
161,1223,5.0,1186073276
177,1223,4.0,1435535044
211,1223,3.5,1350911995
260,1223,4.5,1109410590
263,1223,5.0,940384310
310,1223,5.0,1078649861
356,1223,5.0,1228073162
376,1223,5.0,1364932833
380,1223,5.0,1493473895
387,1223,4.0,1094942143
414,1223,5.0,961438151
448,1223,4.0,1019126661
474,1223,4.5,1053372016
477,1223,5.0,1200940516
488,1223,4.5,1112382086
517,1223,2.5,1487962701
576,1223,4.0,1358151540
599,1223,4.5,1498533210
1,1224,5.0,964984018
29,1224,4.0,1307905945
32,1224,3.0,856737338
51,1224,5.0,1230930522
59,1224,5.0,953609923
66,1224,4.5,1104645055
156,1224,4.0,946799037
182,1224,5.0,1054780420
221,1224,5.0,1111178158
290,1224,4.0,974938560
312,1224,4.0,1043177124
332,1224,3.5,1352674367
357,1224,3.5,1348611833
372,1224,4.0,874415603
414,1224,4.0,961512341
474,1224,4.0,1100614728
547,1224,3.0,942723440
599,1224,3.5,1498500971
603,1224,2.0,953927590
4,1225,4.0,964539326
41,1225,4.5,1459367677
45,1225,4.0,1007484081
50,1225,3.5,1514238218
64,1225,4.0,1161521567
83,1225,5.0,1332840366
84,1225,4.0,858772153
91,1225,3.0,1112711137
100,1225,3.5,1100183792
105,1225,5.0,1448196381
116,1225,3.0,1337200139
135,1225,3.0,1009694318
137,1225,5.0,1204859825
156,1225,4.5,1106854480
160,1225,2.0,971113406
166,1225,4.5,1189038516
168,1225,4.5,1306801804
171,1225,4.0,866905795
177,1225,3.0,1435534154
182,1225,4.5,1055157309
215,1225,5.0,1260908741
221,1225,5.0,1118246793
222,1225,3.0,1391350150
233,1225,3.0,1529334387
239,1225,3.5,1221158896
244,1225,5.0,975074928
251,1225,5.0,1470677293
253,1225,5.0,1286643940
263,1225,4.0,1120071547
265,1225,4.0,965316167
271,1225,3.0,1234302654
275,1225,5.0,1049077233
288,1225,4.0,979163436
290,1225,5.0,975030982
301,1225,4.5,1211379351
305,1225,5.0,1463503082
328,1225,4.0,1494210538
330,1225,4.5,1285904031
332,1225,4.5,1352672815
346,1225,4.0,1125859287
354,1225,4.5,1200941432
357,1225,5.0,1348611750
359,1225,5.0,1198112888
369,1225,2.5,1237083107
377,1225,4.0,1340343678
385,1225,3.0,865026316
391,1225,5.0,1030827784
409,1225,5.0,969059617
414,1225,5.0,961516639
437,1225,5.0,859721432
462,1225,3.5,1121921051
469,1225,5.0,965662177
474,1225,4.5,1053020859
477,1225,4.0,1200941464
478,1225,3.5,1121467318
480,1225,5.0,1179160583
489,1225,4.0,1385823551
499,1225,5.0,1289960403
509,1225,3.5,1436424190
510,1225,3.5,1141158702
513,1225,5.0,1159980339
524,1225,5.0,851609623
526,1225,4.0,1502132985
528,1225,3.5,1391736086
554,1225,5.0,944901599
555,1225,4.0,978748587
570,1225,3.0,1181477974
572,1225,5.0,945889414
573,1225,4.5,1248842066
577,1225,4.0,945966653
580,1225,4.0,1167790551
594,1225,4.0,1108798889
597,1225,5.0,941639635
599,1225,4.0,1519118633
603,1225,4.0,953927685
606,1225,4.0,1171237077
17,1228,4.5,1326943248
64,1228,4.0,1161566014
68,1228,2.0,1261623357
84,1228,4.0,858772586
95,1228,5.0,1043339852
103,1228,5.0,1431957900
128,1228,4.0,899032763
131,1228,4.5,1349840156
137,1228,4.5,1204863671
156,1228,3.0,939884805
182,1228,4.5,1054780529
199,1228,4.0,1023655015
244,1228,4.0,975075169
274,1228,3.5,1205360533
275,1228,5.0,1049077205
290,1228,5.0,975031129
292,1228,3.0,1265680114
298,1228,3.5,1450452249
307,1228,3.5,1186162326
317,1228,3.0,1430512246
325,1228,5.0,1039395869
380,1228,3.0,1494803739
385,1228,4.0,865026373
387,1228,4.0,1117757506
391,1228,5.0,1031030133
409,1228,5.0,969059617
410,1228,5.0,990807651
414,1228,4.0,961516737
448,1228,5.0,1324744267
462,1228,5.0,1121928321
469,1228,5.0,965846167
474,1228,3.0,1057669410
477,1228,4.0,1200942089
572,1228,4.0,979923914
585,1228,5.0,1307581840
590,1228,3.5,1258422376
597,1228,5.0,940362491
599,1228,3.5,1498500853
603,1228,5.0,953927628
610,1228,5.0,1479542176
16,1230,4.0,1377477576
21,1230,2.5,1418932215
28,1230,2.0,1243837368
50,1230,3.5,1527108505
74,1230,5.0,1207501321
84,1230,4.0,858773023
89,1230,1.5,1520408669
103,1230,4.0,1432086587
105,1230,4.0,1447579516
113,1230,5.0,980087838
135,1230,4.0,1009690802
137,1230,5.0,1204863789
140,1230,2.0,942841351
156,1230,5.0,946799250
198,1230,3.0,1034136655
199,1230,3.0,1023654652
216,1230,5.0,975212004
217,1230,2.0,955943221
226,1230,4.0,1114838315
233,1230,3.5,1448816387
255,1230,1.0,1005717179
260,1230,3.5,1109408266
268,1230,4.0,940173779
275,1230,5.0,1049078140
294,1230,2.0,966595028
298,1230,3.0,1447584507
307,1230,2.5,1198680550
318,1230,4.0,1272569327
322,1230,3.0,1217676694
339,1230,4.0,1460970881
346,1230,4.5,1094650654
377,1230,3.5,1340344449
382,1230,5.0,1515148964
387,1230,5.0,1142665399
391,1230,4.0,1030945009
397,1230,5.0,1181967391
409,1230,5.0,967920044
412,1230,4.0,939114074
437,1230,5.0,859722136
445,1230,5.0,1454622103
448,1230,5.0,1029135309
462,1230,4.5,1121921095
469,1230,5.0,965336139
474,1230,4.0,1082256456
480,1230,5.0,1179160649
482,1230,3.0,1105396065
483,1230,4.5,1178293883
489,1230,2.5,1385823639
517,1230,1.5,1487953350
561,1230,4.0,1491094939
572,1230,5.0,945892234
587,1230,5.0,953137777
597,1230,5.0,940361613
599,1230,4.0,1498499225
600,1230,5.0,1237710341
603,1230,4.0,953926758
606,1230,4.5,1171365476
610,1230,3.0,1493850321
31,1231,3.0,850467468
42,1231,5.0,996258009
84,1231,4.0,860397257
137,1231,4.0,1204859035
140,1231,4.0,1180627829
202,1231,4.0,974912566
288,1231,3.0,979163628
290,1231,4.0,975031636
339,1231,5.0,1460518764
357,1231,3.5,1348609767
387,1231,3.0,1094877171
414,1231,5.0,961516863
442,1231,1.0,1331560577
469,1231,4.0,965846099
474,1231,4.0,1047054374
479,1231,5.0,1039362642
524,1231,4.0,851609597
576,1231,2.0,1358151530
577,1231,5.0,945978383
590,1231,4.0,1258429516
597,1231,5.0,941639536
599,1231,3.5,1498501272
23,1233,5.0,1107162927
28,1233,3.5,1234338465
59,1233,5.0,953609857
105,1233,4.0,1447574144
131,1233,4.0,1349840367
137,1233,4.5,1204859784
140,1233,3.0,942842265
168,1233,4.5,1306801988
182,1233,4.5,1054781432
183,1233,4.0,992331344
195,1233,3.0,974709608
199,1233,5.0,940372697
215,1233,4.0,1260908771
221,1233,4.0,1118246878
244,1233,5.0,975075995
290,1233,4.0,975030982
310,1233,5.0,1078647887
312,1233,4.0,1043177108
339,1233,4.5,1460970827
354,1233,4.0,1200953127
368,1233,4.0,971274649
372,1233,3.0,874416949
385,1233,3.0,865023937
391,1233,5.0,1030945391
405,1233,4.5,1295922950
414,1233,5.0,961512341
431,1233,4.5,1267051832
462,1233,4.0,1130434019
467,1233,5.0,919671539
469,1233,4.0,965333710
474,1233,3.5,1120184777
524,1233,5.0,851609788
532,1233,5.0,1025523686
570,1233,3.5,1181476002
572,1233,5.0,946482626
577,1233,3.0,945966674
590,1233,4.5,1258421363
597,1233,4.0,941729029
599,1233,3.5,1498797653
603,1233,5.0,963177579
17,1234,4.0,1305696795
18,1234,4.5,1455820726
19,1234,4.0,965705661
28,1234,3.0,1234569526
36,1234,4.0,1100803365
57,1234,5.0,969753201
63,1234,2.5,1443199800
68,1234,3.5,1158533066
75,1234,4.5,1158967139
84,1234,4.0,858772615
89,1234,0.5,1520408268
91,1234,4.0,1112713646
105,1234,4.0,1448196037
140,1234,5.0,942841170
147,1234,4.5,1203267710
152,1234,4.0,1450572533
156,1234,4.0,939853183
161,1234,4.0,1176498505
166,1234,4.0,1188773625
167,1234,3.5,1154723107
202,1234,5.0,974923681
213,1234,4.0,1316197302
217,1234,5.0,955942837
221,1234,3.5,1118246800
255,1234,1.0,1005717457
268,1234,4.0,940173830
275,1234,5.0,1049079320
288,1234,3.5,1054569310
290,1234,4.0,974942189
294,1234,3.0,966597447
305,1234,5.0,1460221996
309,1234,4.0,1126451981
325,1234,4.0,1039398929
332,1234,4.0,1352674038
356,1234,4.0,1228073039
376,1234,4.5,1364933092
380,1234,5.0,1493474277
383,1234,3.0,943571272
385,1234,4.0,865025940
387,1234,3.0,1152605551
409,1234,5.0,967920044
412,1234,5.0,939114231
414,1234,5.0,961595392
415,1234,5.0,1382470066
431,1234,4.0,1267051803
437,1234,5.0,859722136
448,1234,4.0,1019127145
469,1234,4.0,965336645
474,1234,4.0,1137520986
483,1234,4.5,1215542614
488,1234,3.0,1112382171
514,1234,4.5,1533948733
517,1234,2.0,1487953346
520,1234,5.0,1326609744
522,1234,4.5,1254573617
524,1234,4.0,851609487
570,1234,2.5,1181475984
572,1234,5.0,945892338
580,1234,2.0,1167790962
587,1234,4.0,953137934
590,1234,4.0,1258419911
597,1234,5.0,940361711
603,1234,4.0,953926816
606,1234,4.5,1171761003
51,1235,5.0,1230929688
70,1235,4.0,1355184600
84,1235,3.0,860397278
105,1235,3.5,1447574462
113,1235,5.0,980087865
177,1235,3.0,1435534931
260,1235,5.0,1109408609
274,1235,4.5,1175660948
313,1235,5.0,1030557475
356,1235,4.5,1228072625
357,1235,4.0,1348612385
387,1235,4.5,1094942147
410,1235,5.0,990909699
414,1235,4.0,1511540900
440,1235,4.5,1237568731
454,1235,5.0,1279476457
462,1235,3.5,1123891505
469,1235,5.0,965336158
474,1235,4.0,1092142721
480,1235,4.0,1179162123
572,1235,5.0,945892463
587,1235,4.0,953137813
597,1235,5.0,941640314
600,1235,5.0,1237715383
603,1235,3.0,953926854
606,1235,3.5,1173572097
23,1237,4.0,1107162947
85,1237,5.0,889468402
122,1237,5.0,1461562724
137,1237,4.5,1204863783
156,1237,4.0,960646812
182,1237,5.0,1054780648
305,1237,3.5,1464676090
322,1237,3.0,1217675084
329,1237,5.0,1523468283
332,1237,4.0,1352674423
346,1237,5.0,1094646270
387,1237,5.0,1094875355
410,1237,5.0,990729085
469,1237,4.0,965661866
474,1237,2.5,1053021721
567,1237,3.5,1525286520
599,1237,4.0,1498498783
603,1237,4.0,953926558
1,1240,5.0,964983723
7,1240,5.0,1106712575
15,1240,4.0,1510572646
17,1240,5.0,1305696931
18,1240,4.0,1455618100
19,1240,4.0,965703605
21,1240,3.5,1436989924
28,1240,4.5,1234515680
30,1240,3.5,1500370449
31,1240,4.0,850467408
45,1240,3.0,950740818
57,1240,4.0,965796733
64,1240,3.5,1161520175
66,1240,4.0,1093747795
68,1240,4.0,1158531602
71,1240,4.0,864739946
75,1240,4.0,1158990196
78,1240,5.0,1252574777
79,1240,4.0,975281904
91,1240,4.5,1112711461
95,1240,5.0,1043340485
98,1240,1.0,1532457892
115,1240,5.0,959801072
125,1240,4.0,1474289509
135,1240,5.0,1009691562
140,1240,3.0,942841243
149,1240,4.0,902084798
160,1240,4.0,971113579
164,1240,5.0,999708195
166,1240,3.0,1190828696
178,1240,4.5,1164355380
182,1240,2.0,1066331265
186,1240,4.0,1031079382
197,1240,4.0,947462047
198,1240,3.0,1034135545
199,1240,5.0,1057590354
201,1240,5.0,941211417
202,1240,4.0,974918508
212,1240,4.0,1523216809
213,1240,4.0,1316195644
217,1240,2.0,955935759
219,1240,4.0,1194686346
220,1240,4.5,1230055431
222,1240,3.5,1391350021
223,1240,3.0,1226209853
226,1240,4.0,1095662742
231,1240,4.0,1433089490
232,1240,4.5,1076951836
239,1240,4.0,1221158296
246,1240,4.5,1354144941
249,1240,4.0,1346757874
261,1240,4.0,1404881591
265,1240,5.0,965314811
266,1240,4.0,945670292
267,1240,5.0,959807517
272,1240,4.0,1533490655
274,1240,4.0,1171491755
279,1240,4.0,1506394361
282,1240,4.5,1378490530
288,1240,3.0,975691813
290,1240,4.0,974942768
292,1240,4.0,1245511344
298,1240,4.0,1447584728
301,1240,0.5,1211378553
303,1240,5.0,1053303081
304,1240,5.0,891173487
305,1240,3.5,1460135792
307,1240,2.5,1186161032
312,1240,4.0,1043176581
313,1240,5.0,1030474666
330,1240,2.5,1285905102
332,1240,4.0,1352671501
334,1240,3.5,1234629955
346,1240,2.5,1172693230
354,1240,4.0,1200870553
359,1240,2.5,1198112178
368,1240,4.0,971275431
370,1240,4.0,1159162923
372,1240,3.0,874415328
376,1240,4.0,1364933335
380,1240,5.0,1493473846
381,1240,2.5,1164877334
385,1240,4.0,865025716
387,1240,4.0,1094877202
391,1240,4.0,1030827097
393,1240,0.5,1430505957
407,1240,3.0,1424349576
414,1240,5.0,961514698
419,1240,3.5,1321659123
425,1240,3.0,1085477562
428,1240,2.5,1111524341
432,1240,3.5,1316391572
434,1240,3.5,1270606545
438,1240,4.0,1105649790
439,1240,4.0,1436943917
448,1240,3.0,1019124194
452,1240,5.0,1013395206
453,1240,4.0,972621667
462,1240,4.0,1154037798
464,1240,4.0,1287399765
465,1240,4.0,959895963
469,1240,4.0,965333750
474,1240,4.0,1111412847
475,1240,4.5,1498031588
477,1240,4.0,1200939768
480,1240,4.0,1179177903
483,1240,3.5,1178215275
489,1240,3.5,1333101394
493,1240,4.0,1001562662
514,1240,4.0,1533872268
520,1240,4.0,1326609124
524,1240,4.0,851609392
528,1240,4.0,1391736817
532,1240,4.0,1025523716
555,1240,5.0,978820321
561,1240,4.0,1491090845
562,1240,5.0,1368895343
570,1240,3.5,1181477372
573,1240,4.5,1186722390
577,1240,4.0,945967015
580,1240,3.5,1167790561
590,1240,4.5,1258420596
594,1240,5.0,1109036906
597,1240,4.0,940420695
599,1240,3.5,1498501551
600,1240,3.0,1237715083
603,1240,4.0,953927348
606,1240,4.0,1171325849
607,1240,5.0,963078960
608,1240,3.5,1117491402
610,1240,5.0,1479544100
29,1242,4.0,1307908267
45,1242,5.0,950726408
57,1242,4.0,965799473
60,1242,4.0,1393541757
66,1242,4.0,1093747680
79,1242,5.0,975281904
84,1242,5.0,860397133
91,1242,4.0,1112712967
137,1242,4.0,1204859745
140,1242,3.0,942841937
160,1242,4.0,971113438
177,1242,4.0,1435534548
180,1242,3.5,1270237513
182,1242,4.5,1054780907
183,1242,4.0,992331344
199,1242,4.0,940381650
202,1242,5.0,974921250
217,1242,4.0,955935759
244,1242,5.0,975074928
266,1242,4.0,945670292
288,1242,4.0,976138178
290,1242,5.0,975031977
304,1242,5.0,891173047
326,1242,3.0,1419882731
339,1242,3.5,1460518788
357,1242,5.0,1348611151
368,1242,4.0,971274649
372,1242,5.0,874415164
387,1242,3.0,1155628499
409,1242,4.0,969059983
414,1242,4.0,961512403
437,1242,5.0,859721525
474,1242,4.5,1053020981
480,1242,4.0,1179161966
484,1242,4.0,1342294929
510,1242,3.5,1141160579
524,1242,5.0,851609562
532,1242,5.0,1025523686
538,1242,2.5,1307845480
590,1242,4.0,1258419905
599,1242,4.0,1498499098
23,1243,3.5,1107341801
51,1243,5.0,1230930514
57,1243,5.0,965796886
66,1243,5.0,1099187990
68,1243,1.0,1332628619
105,1243,3.0,1448196240
182,1243,5.0,1054780345
246,1243,5.0,1354127401
372,1243,3.0,874416443
387,1243,3.0,1182720273
414,1243,5.0,961438248
469,1243,5.0,965425565
474,1243,4.0,978575945
509,1243,4.0,1436101733
599,1243,3.0,1498524988
606,1243,4.0,1171825229
51,1244,4.0,1230932469
59,1244,5.0,953610406
84,1244,4.0,860397228
103,1244,4.5,1431968039
105,1244,5.0,1447574383
113,1244,4.0,980306983
132,1244,2.0,1157921151
137,1244,3.5,1204859916
156,1244,5.0,946799354
168,1244,4.5,1306802199
177,1244,4.0,1435534927
188,1244,3.0,962559831
199,1244,3.0,1023654918
216,1244,4.0,975212038
221,1244,4.5,1119984488
298,1244,3.0,1447584506
345,1244,4.0,1342826733
377,1244,4.0,1340341924
387,1244,4.5,1143359909
391,1244,4.0,1030945247
397,1244,5.0,1181966446
409,1244,3.0,967920079
412,1244,4.0,939114074
445,1244,3.5,1454622115
448,1244,4.0,1028529850
469,1244,5.0,965336905
474,1244,3.5,1081516850
587,1244,4.0,953137777
597,1244,5.0,941640394
599,1244,4.0,1498498967
600,1244,5.0,1237713463
603,1244,5.0,953926787
606,1244,5.0,1171229683
18,1245,4.0,1503000947
23,1245,3.5,1107162670
28,1245,3.5,1234338202
33,1245,5.0,939716472
42,1245,5.0,996217857
103,1245,5.0,1431968899
166,1245,4.5,1188924970
182,1245,4.5,1054780337
221,1245,5.0,1119984167
318,1245,5.0,1418561097
372,1245,3.0,874414916
387,1245,4.0,1156314044
391,1245,5.0,1032387893
462,1245,4.0,1122186466
474,1245,3.0,1112208257
532,1245,4.0,1025570482
553,1245,4.0,1219557997
590,1245,4.0,1297830426
599,1245,3.5,1498501121
610,1245,5.0,1479544368
7,1246,1.5,1106635678
18,1246,4.0,1455618445
24,1246,4.0,1458942000
31,1246,3.0,850467468
42,1246,5.0,996214893
45,1246,5.0,1121724720
62,1246,4.5,1521822408
65,1246,4.0,1494767216
66,1246,4.5,1093144016
70,1246,5.0,1355198395
83,1246,5.0,1333171338
84,1246,4.0,858772136
91,1246,2.0,1112713530
100,1246,4.5,1100185896
104,1246,4.0,1048586355
132,1246,3.5,1157921863
140,1246,3.0,942841791
144,1246,3.0,1136812698
153,1246,4.5,1525548800
169,1246,5.0,1078284867
171,1246,5.0,866905795
182,1246,4.5,1077804786
198,1246,5.0,1034138519
202,1246,4.0,975014416
211,1246,4.5,1350912971
215,1246,4.5,1260909222
219,1246,3.5,1194932306
226,1246,4.0,1095662939
239,1246,4.0,1221158923
246,1246,4.0,1354126699
247,1246,3.0,1467661286
250,1246,5.0,1121217790
265,1246,3.0,965318128
288,1246,3.0,979163971
303,1246,2.0,1053302834
305,1246,4.0,1518198580
307,1246,3.5,1186161590
308,1246,5.0,1421375417
318,1246,3.5,1256504526
326,1246,4.5,1463936855
330,1246,4.5,1285905378
336,1246,4.5,1139046758
356,1246,5.0,1229143549
357,1246,5.0,1348612240
359,1246,5.0,1198112964
363,1246,4.0,1502584557
367,1246,5.0,997812656
372,1246,3.0,874415560
381,1246,4.0,1165975930
383,1246,5.0,943571137
385,1246,4.0,865026351
391,1246,4.0,1032389481
413,1246,1.0,1484439859
414,1246,4.0,961517395
418,1246,5.0,1461865954
425,1246,4.0,1085490407
432,1246,4.5,1316391810
434,1246,4.0,1271039472
437,1246,3.0,859721495
461,1246,4.5,1505935259
462,1246,1.0,1123890667
474,1246,4.5,1100119774
477,1246,4.5,1200940056
480,1246,5.0,1179161404
482,1246,3.5,1105396540
483,1246,3.5,1178358678
489,1246,4.0,1333101663
490,1246,3.0,1328145404
495,1246,5.0,1458635291
517,1246,2.0,1487953164
524,1246,3.0,851609506
525,1246,4.5,1476476442
526,1246,4.5,1502131983
527,1246,4.0,1033174269
542,1246,5.0,1163387642
560,1246,3.5,1469648143
561,1246,4.0,1491090986
562,1246,5.0,1368893899
570,1246,3.5,1181478093
580,1246,4.0,1168086971
590,1246,3.5,1258420954
597,1246,5.0,941639716
599,1246,4.0,1498498795
600,1246,2.5,1237759360
603,1246,3.0,953927908
606,1246,4.0,1175637546
10,1247,3.0,1455303518
16,1247,4.0,1377477535
18,1247,4.5,1455050172
27,1247,2.0,965149490
59,1247,5.0,953610406
66,1247,5.0,1093143995
74,1247,4.0,1207502433
76,1247,2.0,1439168648
84,1247,5.0,858772779
95,1247,4.5,1105400639
103,1247,4.5,1431957381
104,1247,4.0,1048595744
105,1247,4.0,1447579678
113,1247,4.0,980306846
116,1247,2.0,1337200259
122,1247,5.0,1461561850
137,1247,4.5,1204859875
156,1247,5.0,946800180
166,1247,4.0,1189038282
168,1247,5.0,1306802167
177,1247,5.0,1435534239
182,1247,3.5,1054780578
198,1247,3.0,1034136655
202,1247,4.0,974912467
215,1247,4.5,1260908863
221,1247,4.5,1111177442
222,1247,3.5,1391350027
226,1247,4.0,1159219631
263,1247,3.0,945849879
275,1247,5.0,1049079254
279,1247,3.5,1506395330
280,1247,4.0,1348434801
285,1247,5.0,1449625781
288,1247,4.0,976139635
298,1247,4.0,1466276750
303,1247,2.0,1053302799
304,1247,4.0,891174111
305,1247,5.0,1460135620
307,1247,4.5,1189689059
310,1247,4.5,1078647841
311,1247,1.0,1057854260
313,1247,3.0,1030555523
315,1247,5.0,939919700
317,1247,5.0,1430512224
318,1247,3.0,1419078129
322,1247,3.0,1217676682
328,1247,3.0,1494211974
339,1247,3.0,1460182534
356,1247,5.0,1228073157
357,1247,4.5,1348610996
387,1247,4.5,1126495005
391,1247,4.0,1030944986
405,1247,4.0,1295931965
409,1247,5.0,969059983
410,1247,4.0,990729103
414,1247,5.0,961513654
418,1247,4.5,1461866082
421,1247,5.0,1311494617
427,1247,3.5,1053068876
437,1247,4.0,859721463
445,1247,4.0,1454622101
462,1247,5.0,1121928508
469,1247,3.0,965846077
474,1247,5.0,983032636
480,1247,4.0,1179162014
495,1247,5.0,1458635552
497,1247,5.0,1430332460
510,1247,4.0,1141159035
517,1247,2.5,1487953288
554,1247,4.0,944902412
563,1247,3.5,1439933351
572,1247,5.0,945890036
590,1247,4.0,1258421072
597,1247,5.0,940361695
599,1247,3.5,1498539949
600,1247,3.5,1237759355
603,1247,5.0,954482181
606,1247,4.5,1171405335
610,1247,5.0,1493850326
23,1249,3.5,1107341734
28,1249,4.0,1234515648
33,1249,5.0,939646820
51,1249,5.0,1230932464
57,1249,4.0,969754942
91,1249,4.0,1112713114
132,1249,3.0,1329983774
166,1249,4.5,1188774654
195,1249,4.0,974705726
202,1249,4.0,974924687
222,1249,3.5,1391346492
275,1249,5.0,1049078671
297,1249,3.0,900871748
313,1249,4.0,1030476169
332,1249,2.5,1352673550
334,1249,3.0,1225477235
372,1249,4.0,874415865
376,1249,4.0,1364932686
387,1249,4.5,1096505293
391,1249,5.0,1030944178
414,1249,5.0,961681754
425,1249,4.0,1085491023
453,1249,5.0,972621329
474,1249,3.5,1081177621
489,1249,4.0,1335868861
546,1249,5.0,973588348
555,1249,5.0,978744284
560,1249,4.0,1469675546
562,1249,4.5,1368890735
580,1249,3.5,1167791257
599,1249,4.5,1498762553
606,1249,3.5,1181334455
607,1249,4.0,964743878
608,1249,3.5,1117502858
610,1249,4.0,1479542791
4,1250,5.0,945174008
27,1250,4.0,962686417
29,1250,5.0,1308024986
57,1250,5.0,965799430
59,1250,5.0,953609923
64,1250,5.0,1161529372
70,1250,4.5,1355198948
76,1250,3.0,1439167355
83,1250,3.0,1332840227
137,1250,5.0,1204859761
140,1250,5.0,942841937
198,1250,5.0,1034138384
199,1250,5.0,940380499
200,1250,4.0,1229887591
218,1250,4.0,1111624904
219,1250,4.5,1214043587
221,1250,3.5,1119983945
264,1250,5.0,1136978361
288,1250,3.5,1079984160
290,1250,5.0,974938755
305,1250,5.0,1460305704
309,1250,5.0,1086563279
334,1250,3.5,1225477731
348,1250,4.5,1378850776
368,1250,3.0,971274649
387,1250,4.0,1095040745
414,1250,5.0,961512341
422,1250,4.0,995235719
437,1250,4.0,859721495
448,1250,5.0,1019132735
469,1250,4.0,965846252
474,1250,4.0,1082983320
489,1250,2.0,1385823800
502,1250,5.0,1111757276
517,1250,0.5,1487958662
520,1250,4.0,1326609872
524,1250,4.0,851609597
527,1250,3.0,1033173667
561,1250,5.0,1491094630
572,1250,5.0,945889361
577,1250,5.0,945966109
580,1250,0.5,1167791001
590,1250,5.0,1258421435
606,1250,3.5,1171376891
608,1250,3.0,1117161823
16,1252,4.5,1377476948
17,1252,4.0,1307262291
18,1252,4.0,1457565435
23,1252,4.5,1107163719
36,1252,2.0,1100803384
50,1252,4.0,1523039137
57,1252,5.0,965796471
59,1252,5.0,953609611
66,1252,4.5,1099187504
74,1252,5.0,1207501373
103,1252,4.5,1431957466
137,1252,4.0,1204859742
140,1252,3.5,1115312282
156,1252,4.0,946798252
168,1252,5.0,1306801889
177,1252,4.0,1435536871
182,1252,4.0,1075764755
194,1252,3.5,1110316645
198,1252,4.0,1034137612
216,1252,4.0,975211546
218,1252,4.5,1111624812
221,1252,4.0,1118246714
239,1252,3.5,1221159168
268,1252,5.0,940173888
275,1252,5.0,1049078001
285,1252,5.0,1463965523
288,1252,3.5,1054568473
290,1252,5.0,974937943
305,1252,4.0,1461700582
307,1252,3.0,1205410448
312,1252,5.0,1043177323
328,1252,2.0,1494210810
329,1252,2.0,1523468350
339,1252,4.5,1460182053
346,1252,4.5,1125857504
357,1252,3.5,1348610764
362,1252,4.5,1530637224
368,1252,5.0,971275360
376,1252,4.0,1364933031
387,1252,5.0,1094876323
405,1252,3.5,1303353153
410,1252,4.0,990909349
412,1252,5.0,939114735
414,1252,5.0,961681714
415,1252,4.5,1382470024
422,1252,4.0,986173215
424,1252,3.5,1457845195
454,1252,4.0,1284801912
462,1252,5.0,1293374014
465,1252,5.0,959895821
469,1252,5.0,965335241
474,1252,4.0,1137521075
477,1252,4.5,1200940489
561,1252,4.5,1491094912
572,1252,5.0,946482912
590,1252,3.0,1258418213
597,1252,5.0,941640278
599,1252,3.5,1498797995
603,1252,5.0,953925309
28,1253,3.5,1277001848
50,1253,3.0,1514239041
70,1253,4.0,1355184722
75,1253,4.0,1158982941
91,1253,3.5,1112713147
104,1253,3.0,1048795314
137,1253,3.5,1204859846
149,1253,5.0,902084874
156,1253,3.0,1106854047
182,1253,4.0,1054779900
186,1253,5.0,1031073503
274,1253,4.0,1253914593
288,1253,3.0,976139271
305,1253,5.0,1460366849
312,1253,4.0,1043176553
318,1253,2.5,1346841002
325,1253,4.0,1039396934
469,1253,3.0,965335350
474,1253,4.0,1047054300
477,1253,4.0,1200940780
489,1253,3.0,1333233169
543,1253,5.0,1230602450
577,1253,4.0,945966760
590,1253,5.0,1258415385
599,1253,3.5,1519125106
57,1254,4.0,965795869
186,1254,4.0,1031087537
217,1254,3.0,955941875
221,1254,4.5,1119984053
290,1254,5.0,975030896
294,1254,3.0,966633760
385,1254,4.0,865026372
387,1254,4.0,1094876957
469,1254,3.0,965661836
474,1254,4.5,1077546613
524,1254,3.0,851609768
527,1254,4.0,1033175704
580,1254,0.5,1167790990
590,1254,4.0,1258417306
599,1254,3.0,1498523725
603,1254,5.0,963177291
19,1257,3.0,965705725
51,1257,4.5,1231040856
57,1257,3.0,969753400
66,1257,4.0,1093747449
91,1257,2.0,1112713006
100,1257,3.5,1100186363
167,1257,3.0,1154721684
182,1257,2.5,1063288647
215,1257,4.0,1260905569
226,1257,4.5,1097545391
249,1257,4.0,1347886878
288,1257,2.0,975692503
307,1257,3.0,1186086301
325,1257,3.0,1039396665
356,1257,5.0,1229139409
357,1257,4.5,1348626877
367,1257,5.0,997812439
372,1257,3.0,874415516
414,1257,5.0,961595667
469,1257,4.0,965425618
474,1257,3.0,978575993
480,1257,4.0,1179160829
555,1257,5.0,978749357
561,1257,4.0,1491095079
568,1257,4.0,1243575853
597,1257,5.0,941641148
599,1257,2.0,1498511170
1,1258,3.0,964983414
17,1258,4.0,1322628838
19,1258,2.0,965704863
23,1258,5.0,1107341607
39,1258,5.0,974787836
41,1258,5.0,1458939478
45,1258,5.0,1007484543
50,1258,4.0,1527370745
61,1258,4.0,1145531678
64,1258,3.5,1161521337
66,1258,4.0,1093747860
68,1258,3.5,1158532317
69,1258,5.0,1021643477
76,1258,3.5,1439168762
80,1258,4.0,1377473798
83,1258,5.0,1333169077
84,1258,4.0,858772733
91,1258,4.5,1112710883
98,1258,5.0,1532457919
103,1258,4.0,1432137354
105,1258,4.0,1448168145
132,1258,4.0,1157919831
137,1258,3.5,1204859851
153,1258,3.0,1525550826
160,1258,2.5,1058456820
166,1258,4.0,1189038553
177,1258,4.0,1435533763
182,1258,4.5,1063904317
187,1258,4.5,1161849677
198,1258,3.0,1034137298
212,1258,4.0,1490115560
220,1258,2.0,1230062173
221,1258,5.0,1118246892
226,1258,4.0,1095662921
232,1258,3.5,1137909287
233,1258,4.0,1448816585
247,1258,4.0,1467759746
249,1258,3.5,1346757727
254,1258,5.0,1180564637
260,1258,3.5,1109408283
274,1258,4.5,1171409235
279,1258,5.0,1506394412
282,1258,4.0,1514068326
286,1258,4.5,1119563459
288,1258,3.0,976138558
289,1258,4.0,1143424663
290,1258,4.0,974942604
299,1258,4.0,974620404
303,1258,2.0,1053302823
305,1258,5.0,1460135285
307,1258,3.5,1186161547
311,1258,4.0,1057854306
313,1258,5.0,1030475620
317,1258,5.0,1430517217
322,1258,2.5,1217676562
328,1258,4.0,1494210672
329,1258,5.0,1523468226
330,1258,4.0,1285903845
332,1258,3.5,1352672083
334,1258,3.5,1237060454
339,1258,5.0,1460186271
346,1258,3.5,1125857665
352,1258,5.0,1493932040
357,1258,5.0,1348610154
362,1258,5.0,1530637319
367,1258,4.0,997811354
371,1258,5.0,1407692597
372,1258,4.0,874415560
374,1258,4.0,849089349
376,1258,4.0,1364994409
380,1258,4.0,1493420038
381,1258,4.0,1166891088
384,1258,4.0,994038410
385,1258,4.0,865025596
387,1258,4.5,1094875256
391,1258,5.0,1032388143
400,1258,4.5,1498870439
415,1258,4.0,1382470361
417,1258,5.0,1529284250
424,1258,4.5,1457843515
432,1258,3.0,1315244949
434,1258,5.0,1270604015
452,1258,4.0,1013397891
462,1258,2.5,1123893567
469,1258,5.0,965846167
474,1258,4.0,1093878418
477,1258,4.5,1200940013
480,1258,5.0,1179178128
484,1258,3.5,1342229148
489,1258,4.0,1333101572
497,1258,4.0,1430332444
510,1258,4.0,1141158775
513,1258,2.5,1159980381
514,1258,4.0,1535943481
527,1258,5.0,1033176375
533,1258,4.5,1424753985
555,1258,5.0,978820321
561,1258,4.5,1491091945
562,1258,4.0,1368892368
570,1258,3.0,1181478000
571,1258,5.0,966900368
590,1258,4.0,1258420875
599,1258,3.5,1498501732
600,1258,3.5,1237850727
603,1258,3.0,953925483
606,1258,4.5,1171236754
607,1258,5.0,963079441
608,1258,4.0,1189471100
610,1258,5.0,1479543008
4,1259,4.0,964538728
17,1259,4.0,1305696786
19,1259,3.0,965705725
41,1259,5.0,1459367673
45,1259,3.0,1020802033
47,1259,3.0,1496205253
66,1259,3.5,1093747427
70,1259,4.5,1355198298
84,1259,4.0,858772565
91,1259,3.0,1112712007
105,1259,4.0,1447574023
132,1259,3.0,1157922770
135,1259,5.0,1009693280
153,1259,2.0,1525548948
159,1259,2.0,1508640372
171,1259,5.0,866905820
186,1259,4.0,1031087825
195,1259,4.0,974706483
196,1259,3.0,1460954102
198,1259,4.0,1034137711
200,1259,4.0,1229886705
201,1259,4.0,939226122
202,1259,5.0,974912991
215,1259,4.5,1260909394
217,1259,3.0,955941925
221,1259,5.0,1118246845
224,1259,5.0,971811884
225,1259,5.0,949111340
226,1259,4.0,1095662472
234,1259,4.0,1004408901
239,1259,4.5,1221158693
251,1259,5.0,1470676840
265,1259,4.0,965316218
266,1259,4.0,945669831
274,1259,3.5,1223524686
275,1259,4.0,1049076911
288,1259,3.5,1054569635
290,1259,4.0,974938908
294,1259,3.0,966633792
304,1259,5.0,891172958
305,1259,4.5,1460135385
307,1259,3.5,1186161507
328,1259,3.0,1494210522
330,1259,5.0,1285904557
339,1259,5.0,1460182209
356,1259,3.5,1229139840
357,1259,4.0,1348610232
365,1259,4.0,1488332744
367,1259,4.0,997811790
368,1259,4.0,971273300
370,1259,3.5,1159162630
372,1259,4.0,874414806
381,1259,3.5,1200824550
391,1259,4.0,1032389889
409,1259,4.0,968978986
414,1259,5.0,961516921
418,1259,3.5,1461865910
425,1259,4.0,1085477741
437,1259,3.0,859721495
450,1259,4.0,974705022
452,1259,5.0,1019585277
461,1259,4.0,1505935267
462,1259,4.0,1154037962
469,1259,5.0,965336955
474,1259,4.0,974666694
477,1259,4.0,1200940002
480,1259,3.5,1179178319
489,1259,3.5,1333101647
495,1259,4.5,1458635281
503,1259,5.0,1335219230
510,1259,3.5,1141160606
514,1259,4.5,1533944378
525,1259,4.0,1476481379
527,1259,4.0,1033173885
531,1259,5.0,1032961819
552,1259,3.5,1112151210
555,1259,5.0,978820487
558,1259,4.0,1035416009
561,1259,4.0,1491091939
562,1259,5.0,1368894067
572,1259,4.0,945888944
573,1259,4.0,1186589712
575,1259,5.0,926510687
577,1259,3.0,945965683
587,1259,4.0,953137911
590,1259,3.5,1264794736
597,1259,5.0,941639716
599,1259,3.0,1498524712
600,1259,3.0,1237858994
606,1259,4.0,1171825255
607,1259,5.0,963079238
16,1260,4.0,1377476887
18,1260,4.0,1455059781
105,1260,4.0,1447574222
137,1260,3.0,1204859794
177,1260,2.0,1435535946
221,1260,4.5,1119984162
318,1260,4.0,1423222299
325,1260,4.0,1039396324
387,1260,4.0,1117354897
410,1260,5.0,990909349
469,1260,4.0,965336611
474,1260,4.0,1090241152
567,1260,4.0,1525285646
580,1260,0.5,1167790943
603,1260,5.0,953925309
27,1262,5.0,962686386
29,1262,4.5,1307906969
36,1262,4.0,1100803705
63,1262,4.0,1443199811
91,1262,3.5,1112712861
137,1262,3.0,1204859696
140,1262,5.0,942841394
156,1262,3.0,946799086
168,1262,4.5,1306802582
182,1262,4.5,1077070476
199,1262,5.0,1060289044
202,1262,5.0,974923127
219,1262,3.5,1194685902
226,1262,4.5,1095663271
288,1262,4.0,978467527
290,1262,5.0,974938393
294,1262,4.0,966633760
305,1262,5.0,1463503090
309,1262,4.5,1126451034
315,1262,4.0,939920661
317,1262,3.0,1430517307
328,1262,4.0,1494212034
368,1262,4.0,971274603
369,1262,3.0,1237081570
376,1262,4.0,1364932636
377,1262,4.5,1340341828
387,1262,3.5,1094876643
399,1262,3.5,1167222111
414,1262,5.0,961512341
419,1262,4.0,1321855025
448,1262,5.0,1019125205
449,1262,4.0,1053200135
469,1262,5.0,965661983
474,1262,4.0,1078151740
483,1262,5.0,1415579072
510,1262,4.0,1141160543
517,1262,4.0,1487958689
570,1262,3.0,1181476623
572,1262,5.0,945888944
577,1262,5.0,945965629
580,1262,0.5,1167790959
590,1262,4.5,1258419899
601,1262,4.5,1441639454
3,1263,0.5,1306463569
17,1263,4.0,1305696254
50,1263,3.5,1517218485
59,1263,5.0,953609997
64,1263,4.5,1161565813
74,1263,5.0,1207501451
84,1263,4.0,858772615
105,1263,4.0,1448168170
122,1263,5.0,1461562766
156,1263,4.0,946799109
166,1263,3.0,1188774095
168,1263,5.0,1306801999
182,1263,4.5,1054780446
187,1263,2.0,1161850246
198,1263,3.0,1034137838
221,1263,5.0,1119984321
265,1263,3.0,965316627
288,1263,4.0,1054569462
290,1263,5.0,975031939
305,1263,3.5,1516130793
307,1263,4.0,1186162229
309,1263,3.0,1086563613
330,1263,3.0,1285904166
361,1263,1.5,1204046158
362,1263,4.5,1530642669
368,1263,4.0,971274822
387,1263,5.0,1094877128
414,1263,4.0,961512369
434,1263,3.5,1270604978
462,1263,4.5,1293373000
469,1263,4.0,965846438
474,1263,3.0,1135824476
480,1263,4.5,1179161431
489,1263,4.5,1332706290
495,1263,4.0,1458635647
517,1263,1.0,1487958700
561,1263,4.0,1491094994
577,1263,4.0,945966432
580,1263,3.0,1167862021
597,1263,5.0,941640278
599,1263,3.0,1519119252
600,1263,5.0,1237743630
603,1263,5.0,953926900
4,1266,4.0,986849037
23,1266,4.0,1107341726
28,1266,4.5,1234338735
42,1266,3.0,996218222
57,1266,4.0,965798574
64,1266,3.5,1161528922
66,1266,5.0,1099187067
69,1266,5.0,1021644619
75,1266,4.0,1158967216
84,1266,4.0,858772543
91,1266,4.0,1112713014
105,1266,4.0,1448189177
115,1266,5.0,944951378
140,1266,4.0,942842895
195,1266,5.0,974706168
202,1266,5.0,974924273
221,1266,4.5,1118246813
238,1266,3.0,1007931749
239,1266,4.5,1221159371
266,1266,5.0,944980201
274,1266,3.5,1284685479
275,1266,5.0,1049078883
288,1266,4.0,985625052
290,1266,4.0,974942768
298,1266,3.5,1450452261
305,1266,4.0,1460135347
314,1266,3.0,852051027
330,1266,4.5,1285904632
362,1266,4.5,1530641277
380,1266,5.0,1493423478
387,1266,3.0,1094849240
391,1266,2.0,1032388929
403,1266,4.0,1225243624
414,1266,5.0,961513349
448,1266,4.0,1087644177
462,1266,3.0,1123893430
474,1266,4.0,1092758534
480,1266,5.0,1179178595
483,1266,4.5,1327277266
514,1266,4.0,1533953669
524,1266,5.0,851609711
555,1266,4.0,978840128
580,1266,4.0,1167790682
590,1266,4.5,1258421353
599,1266,3.0,1498524980
16,1267,4.0,1377477387
19,1267,3.0,965710521
51,1267,4.0,1230929680
68,1267,2.0,1158535378
84,1267,5.0,860397144
137,1267,3.5,1204859004
156,1267,4.0,946798252
182,1267,4.0,1075764728
199,1267,5.0,940381876
200,1267,3.0,1229876586
202,1267,5.0,974924662
216,1267,5.0,975211546
221,1267,4.0,1111176429
275,1267,5.0,1049078055
336,1267,3.5,1121639122
348,1267,4.5,1378850708
357,1267,4.0,1348611109
387,1267,3.5,1094876435
410,1267,4.0,990909349
414,1267,4.0,1047259408
438,1267,5.0,1105649963
462,1267,4.5,1121921727
465,1267,5.0,959895821
469,1267,5.0,965335241
474,1267,4.0,1082256467
545,1267,5.0,1240358404
572,1267,5.0,946483073
593,1267,4.0,1181007072
597,1267,5.0,940362325
603,1267,5.0,953925309
19,1269,4.0,965705942
57,1269,4.0,965796373
59,1269,5.0,953610300
70,1269,3.5,1355185088
84,1269,4.0,860397207
89,1269,2.5,1520408303
168,1269,4.5,1306801673
186,1269,4.0,1031073654
188,1269,3.0,962560423
216,1269,4.0,975212395
217,1269,4.0,955943368
221,1269,4.5,1119984601
288,1269,4.5,1079984349
290,1269,4.0,974942734
309,1269,3.5,1126452161
357,1269,4.5,1348610926
377,1269,4.5,1340345468
412,1269,5.0,939114231
465,1269,5.0,959896090
469,1269,4.0,965425407
474,1269,3.5,1111412874
488,1269,3.0,1112382220
517,1269,0.5,1487958212
527,1269,4.0,1033173847
555,1269,5.0,978748857
571,1269,3.0,966900003
590,1269,3.5,1297830317
605,1269,3.5,1277096963
606,1269,4.5,1171234765
1,1270,5.0,964983705
7,1270,5.0,1106635681
9,1270,5.0,1044657088
15,1270,5.0,1510571953
17,1270,4.5,1305696846
18,1270,4.0,1455748627
19,1270,4.0,965703583
21,1270,5.0,1407617830
27,1270,5.0,965151115
29,1270,4.0,1307906647
31,1270,4.0,850467468
39,1270,4.0,974787510
42,1270,4.0,996258052
45,1270,3.5,1091305972
57,1270,4.0,965798685
62,1270,4.5,1521822319
63,1270,5.0,1443199663
66,1270,3.0,1093747585
67,1270,4.5,1501273836
68,1270,3.0,1271544201
70,1270,4.0,1355198332
72,1270,4.0,1217324884
78,1270,4.0,1252575264
82,1270,4.0,1084467787
83,1270,3.5,1333842036
84,1270,3.0,860397278
89,1270,1.0,1520408312
91,1270,3.5,1112713112
95,1270,5.0,1043339320
98,1270,3.0,1532457845
100,1270,4.0,1100185872
104,1270,2.0,1048586355
108,1270,5.0,1042841018
112,1270,4.0,1442535641
116,1270,4.5,1337199782
119,1270,4.0,1435942458
122,1270,5.0,1461561374
125,1270,5.0,1474282985
132,1270,3.5,1157921202
137,1270,3.5,1204859897
140,1270,3.0,942841859
141,1270,2.5,1513131860
149,1270,2.0,902084836
156,1270,3.5,1106854726
157,1270,4.0,992479516
160,1270,5.0,977143765
169,1270,4.0,1059428025
171,1270,5.0,866905762
172,1270,4.0,1291065641
177,1270,5.0,1435533569
178,1270,4.5,1164355299
182,1270,3.0,1077804659
193,1270,3.0,1435856901
195,1270,5.0,974705349
198,1270,5.0,1034135578
200,1270,4.0,1229877810
201,1270,5.0,939226860
202,1270,4.0,974925048
210,1270,4.5,1527266224
217,1270,3.0,955943345
219,1270,3.5,1194827014
220,1270,5.0,1230055726
222,1270,4.5,1391350098
224,1270,5.0,971811286
225,1270,4.0,949111248
226,1270,4.0,1095662668
231,1270,4.0,1433089487
232,1270,3.0,1218166307
244,1270,5.0,975075169
247,1270,4.0,1467644149
249,1270,4.5,1346756374
254,1270,3.5,1180446497
255,1270,1.0,1005717457
256,1270,5.0,1447001868
265,1270,5.0,965314811
266,1270,4.0,945669878
267,1270,5.0,994467801
274,1270,3.5,1171409961
275,1270,4.0,1049076883
276,1270,5.0,858351060
279,1270,3.5,1506394363
280,1270,3.5,1348435815
282,1270,5.0,1378490467
287,1270,3.0,1110231004
288,1270,5.0,975691813
290,1270,4.0,974937732
292,1270,4.0,1265680385
294,1270,3.0,966595028
298,1270,3.5,1447584491
301,1270,2.5,1211377686
303,1270,3.5,1053303095
304,1270,5.0,898641489
305,1270,5.0,1460135786
307,1270,4.0,1186085735
313,1270,2.0,1030474684
318,1270,2.5,1270752519
325,1270,4.0,1039396830
328,1270,4.0,1494210806
330,1270,4.0,1285904985
332,1270,4.0,1352672326
334,1270,3.5,1225480778
339,1270,4.0,1460186721
341,1270,3.5,1439750933
342,1270,4.0,1042821145
344,1270,5.0,1420496497
354,1270,4.0,1200870461
356,1270,5.0,1229140089
357,1270,4.0,1348610205
359,1270,3.0,1198112087
367,1270,4.0,997811587
372,1270,5.0,874417243
376,1270,4.5,1364933313
380,1270,5.0,1493473813
381,1270,4.0,1164877266
385,1270,4.0,865025940
387,1270,2.0,1094877590
391,1270,4.0,1030827110
399,1270,5.0,1167220364
400,1270,4.0,1498870284
414,1270,5.0,961514698
418,1270,4.5,1461868041
420,1270,3.5,1218041551
434,1270,3.5,1271314126
437,1270,4.0,859722193
438,1270,4.0,1105649794
448,1270,5.0,1019127202
452,1270,4.0,1013394437
457,1270,4.0,993610398
462,1270,1.5,1154037729
469,1270,3.0,965335350
474,1270,4.5,1081177274
475,1270,5.0,1498031521
477,1270,4.5,1200939690
480,1270,5.0,1179160718
482,1270,5.0,1105396543
483,1270,4.5,1178215197
489,1270,3.5,1333101319
508,1270,4.5,1268298253
514,1270,5.0,1533872291
517,1270,5.0,1487956690
520,1270,5.0,1326608497
522,1270,5.0,1253344729
524,1270,5.0,851609356
525,1270,4.0,1476481462
527,1270,4.0,1033173871
534,1270,5.0,1459787998
543,1270,5.0,1377022503
546,1270,3.0,973588258
551,1270,4.0,1505548027
555,1270,3.0,978748996
561,1270,4.5,1491090819
563,1270,3.5,1439932502
564,1270,4.0,1478453735
570,1270,4.0,1181477168
571,1270,4.0,966900003
573,1270,4.5,1186590311
577,1270,5.0,945966986
580,1270,3.5,1167792864
586,1270,4.5,1529899793
587,1270,5.0,953137847
590,1270,4.5,1258420500
596,1270,4.0,1535709729
597,1270,5.0,941641148
599,1270,3.5,1498501586
600,1270,4.5,1237711743
603,1270,2.0,953927759
605,1270,4.0,1277097144
606,1270,3.5,1171325845
607,1270,3.0,964744367
608,1270,2.0,1117162329
610,1270,5.0,1479542897
3,1272,0.5,1306463624
29,1272,5.0,1308084090
51,1272,5.0,1230928767
70,1272,4.0,1355184618
84,1272,5.0,860397207
105,1272,3.5,1447586906
137,1272,5.0,1204863817
140,1272,5.0,942841652
156,1272,3.0,946800194
172,1272,3.0,1238715994
199,1272,5.0,1095331581
202,1272,5.0,974924405
238,1272,5.0,1007931786
274,1272,3.5,1186752545
288,1272,3.0,980531791
305,1272,5.0,1494272751
309,1272,4.0,1126452035
312,1272,4.0,1043177200
333,1272,3.0,965671472
339,1272,4.5,1500604883
368,1272,3.0,971274725
385,1272,5.0,865026336
408,1272,5.0,1468361409
414,1272,4.0,961512369
422,1272,5.0,986173450
442,1272,0.5,1331560460
465,1272,5.0,959896573
474,1272,4.0,1092920253
524,1272,4.0,851609711
572,1272,5.0,945889951
577,1272,5.0,945966158
590,1272,4.5,1258415165
597,1272,5.0,941631197
23,1274,4.0,1107163495
50,1274,4.0,1515105932
57,1274,3.0,965798228
91,1274,5.0,1112713057
95,1274,5.0,1044744520
105,1274,3.5,1448214289
149,1274,1.0,902084874
177,1274,2.0,1435535036
182,1274,5.0,1054779799
187,1274,4.0,1161849683
198,1274,4.0,1034135641
219,1274,2.5,1194686351
260,1274,4.0,1109409407
274,1274,4.0,1205707621
298,1274,4.0,1476627223
313,1274,5.0,1030474742
318,1274,5.0,1511041487
371,1274,5.0,1407692391
372,1274,1.0,874415483
377,1274,5.0,1340343315
387,1274,4.5,1122954482
414,1274,4.0,997200022
428,1274,4.5,1111488959
434,1274,5.0,1270605019
440,1274,3.0,1237569136
469,1274,4.0,965335401
474,1274,2.0,1089387269
477,1274,5.0,1200943136
480,1274,4.0,1179160549
483,1274,3.5,1182704821
500,1274,4.0,1005528205
560,1274,3.5,1478019649
567,1274,0.5,1525289645
599,1274,5.0,1498457252
600,1274,3.5,1237709456
603,1274,1.0,1002403424
606,1274,4.0,1175637633
608,1274,4.0,1189471203
610,1274,5.0,1493846688
16,1276,4.0,1377477457
18,1276,4.0,1456438623
27,1276,4.0,965149456
28,1276,3.5,1234338468
39,1276,4.0,974788339
51,1276,5.0,1230929673
57,1276,5.0,965795905
64,1276,4.0,1161559678
68,1276,3.5,1158533821
84,1276,5.0,858772952
91,1276,3.0,1112712183
110,1276,5.0,1175329928
113,1276,4.0,980307113
116,1276,3.5,1337199396
122,1276,5.0,1461562773
127,1276,4.0,1263527076
131,1276,4.0,1349840212
140,1276,4.0,942842333
156,1276,4.0,946799272
166,1276,4.5,1189038714
168,1276,4.5,1306802427
171,1276,5.0,866905907
199,1276,4.0,946523712
202,1276,4.0,974912541
221,1276,4.5,1111178126
226,1276,4.5,1095662316
265,1276,4.0,965316107
274,1276,3.5,1285897817
285,1276,4.5,1465184741
288,1276,4.0,976120665
290,1276,4.0,974938065
292,1276,2.5,1265680013
294,1276,3.0,966594989
305,1276,3.5,1463788911
309,1276,4.0,1086563399
315,1276,4.0,939920661
357,1276,5.0,1348611793
380,1276,4.0,1494803670
387,1276,4.0,1094876706
396,1276,5.0,1111688529
409,1276,5.0,968978828
410,1276,5.0,990909699
412,1276,5.0,939114265
414,1276,5.0,961516639
415,1276,4.5,1382470212
418,1276,5.0,1461869715
448,1276,5.0,1019130913
462,1276,5.0,1121921293
469,1276,4.0,965336845
474,1276,3.5,1137520922
477,1276,4.0,1200940558
518,1276,4.5,1056907506
554,1276,5.0,944902251
572,1276,5.0,945892272
573,1276,4.0,1186589239
590,1276,5.0,1258416903
610,1276,4.5,1493850248
57,1277,3.0,965796563
100,1277,4.0,1100184258
160,1277,5.0,971115114
198,1277,4.0,1034137838
199,1277,4.0,940544083
202,1277,4.0,974918563
208,1277,4.0,940639310
359,1277,4.0,1192499629
391,1277,5.0,1030827343
414,1277,5.0,961513710
555,1277,3.0,978840381
606,1277,4.5,1171822730
1,1278,5.0,964983414
19,1278,4.0,965704863
31,1278,5.0,850467425
36,1278,2.5,1100803373
50,1278,3.5,1514238500
57,1278,4.0,965796278
63,1278,3.0,1443199901
68,1278,4.0,1158533151
76,1278,4.0,1439167548
89,1278,0.5,1520408348
91,1278,4.5,1112713087
100,1278,4.5,1100185868
103,1278,5.0,1431957456
156,1278,3.0,946799272
167,1278,4.0,1154718813
199,1278,5.0,946523712
202,1278,4.0,974923588
216,1278,4.0,975212220
217,1278,3.0,955943432
221,1278,5.0,1118246858
222,1278,4.0,1391349956
226,1278,4.0,1095662963
236,1278,5.0,943013976
268,1278,4.0,940173779
274,1278,4.0,1221685848
275,1278,5.0,1049078337
288,1278,4.0,976120173
292,1278,4.0,1483193837
298,1278,4.0,1447585030
305,1278,5.0,1460221895
312,1278,4.0,1043175985
313,1278,3.0,1030475620
328,1278,5.0,1494210603
330,1278,4.0,1285905573
367,1278,2.0,997811813
372,1278,2.0,874417086
380,1278,5.0,1493474405
385,1278,3.0,865025940
387,1278,3.0,1094849200
398,1278,4.0,1311207208
408,1278,4.5,1467801150
409,1278,4.0,967920044
412,1278,5.0,939114397
414,1278,4.0,991327754
423,1278,5.0,1155285541
431,1278,4.0,1267051765
448,1278,3.0,1113129256
462,1278,4.5,1121928493
469,1278,4.0,965336888
474,1278,4.0,978575888
477,1278,4.0,1200940842
479,1278,5.0,1039362348
480,1278,2.5,1179178987
483,1278,4.0,1178294043
488,1278,2.5,1112382828
514,1278,4.0,1533872353
520,1278,5.0,1326609725
524,1278,5.0,851609768
538,1278,4.0,1307845461
561,1278,3.5,1491094620
571,1278,4.0,966900180
573,1278,4.5,1187044980
590,1278,4.0,1258416893
595,1278,5.0,938807198
597,1278,5.0,940362198
599,1278,3.5,1498797928
600,1278,4.0,1237858405
603,1278,5.0,953925452
606,1278,3.5,1172513292
33,1280,5.0,939716738
83,1280,3.5,1333843428
84,1280,5.0,858772698
202,1280,4.0,974926010
275,1280,5.0,1049078169
325,1280,4.0,1039395453
332,1280,3.5,1352674395
603,1280,5.0,953925050
606,1280,4.0,1171323503
16,1281,3.0,1377477580
50,1281,3.5,1514239137
105,1281,5.0,1447574313
110,1281,4.5,1175329986
156,1281,3.0,939853183
182,1281,4.5,1054783934
318,1281,4.5,1268586506
380,1281,4.0,1494804503
385,1281,4.0,865025990
391,1281,5.0,1030945684
420,1281,4.0,1218036912
474,1281,4.0,1080568455
509,1281,4.5,1436424238
520,1281,4.5,1326611530
606,1281,4.0,1171501168
1,1282,5.0,964982703
4,1282,5.0,945079653
20,1282,4.5,1054038160
31,1282,5.0,850467485
39,1282,1.0,974788629
45,1282,5.0,950726185
57,1282,4.0,965796031
63,1282,4.0,1443200228
64,1282,3.5,1161559559
68,1282,3.5,1230497956
83,1282,4.5,1333843474
103,1282,3.5,1431957628
111,1282,4.0,1518661649
113,1282,4.0,980051320
156,1282,3.5,1106853858
169,1282,4.0,1059427601
177,1282,4.0,1435534530
188,1282,5.0,962560181
216,1282,4.0,975211713
250,1282,5.0,1121217555
271,1282,3.0,1234301660
274,1282,3.5,1186752484
288,1282,3.5,1079984166
290,1282,5.0,975031375
318,1282,4.0,1262805879
328,1282,5.0,1494210667
332,1282,4.0,1352671692
357,1282,3.0,1348611698
367,1282,2.0,997811354
380,1282,3.0,1494803608
381,1282,4.0,1167542614
385,1282,4.0,865024570
387,1282,4.0,1094877252
391,1282,5.0,1032648504
406,1282,1.5,1296959178
414,1282,5.0,1025108900
474,1282,3.0,975172919
480,1282,3.5,1182448353
500,1282,5.0,1005528236
509,1282,3.5,1435992559
517,1282,5.0,1487956647
525,1282,3.5,1476480434
527,1282,3.0,1033174317
534,1282,4.5,1459787996
542,1282,4.0,1163386662
554,1282,1.0,944900345
561,1282,4.0,1491095065
570,1282,3.0,1181476081
599,1282,4.0,1498498952
600,1282,2.5,1237715362
606,1282,4.5,1171311986
607,1282,3.0,964744490
608,1282,2.0,1117415349
4,1283,5.0,945078690
57,1283,5.0,965798574
177,1283,4.0,1435537041
202,1283,4.0,974924297
207,1283,3.5,1258548236
221,1283,4.5,1119984206
288,1283,3.0,985625052
290,1283,5.0,975031171
309,1283,5.0,1126451967
385,1283,4.0,865026373
422,1283,4.0,986173244
448,1283,4.0,1019133301
462,1283,4.5,1123891899
474,1283,3.5,1073272889
477,1283,3.0,1200946901
590,1283,5.0,1258417293
599,1283,5.0,1498457288
603,1283,5.0,953926529
610,1283,3.0,1493850282
23,1284,5.0,1107162632
57,1284,5.0,965796495
66,1284,5.0,1099187922
128,1284,5.0,899033642
156,1284,5.0,946798252
221,1284,4.5,1111178130
387,1284,3.5,1094876528
412,1284,5.0,939115095
474,1284,3.5,1107193636
517,1284,2.0,1487958126
590,1284,3.5,1258419516
597,1284,4.0,941728717
603,1284,4.0,953925309
606,1284,3.0,1171821773
19,1285,5.0,965706185
42,1285,4.0,996258536
45,1285,3.0,950724777
57,1285,4.0,965798060
64,1285,3.0,1161559782
66,1285,4.0,1093747601
84,1285,3.0,860397352
125,1285,3.5,1474412064
199,1285,4.0,1057590498
201,1285,4.0,939820856
217,1285,1.0,955943660
223,1285,3.0,1226209125
224,1285,1.0,971812094
225,1285,4.0,949111556
250,1285,4.0,1121217559
260,1285,4.0,1109411105
266,1285,5.0,945670582
268,1285,5.0,940183153
275,1285,4.0,1049076911
285,1285,2.5,1483031785
294,1285,3.0,966595458
298,1285,2.5,1466277275
307,1285,2.5,1186162143
313,1285,5.0,1030557688
343,1285,3.5,1202060229
357,1285,5.0,1348627812
370,1285,4.0,1159161869
372,1285,3.0,874415251
385,1285,4.0,865025990
387,1285,3.0,1094876589
391,1285,3.0,1032389568
414,1285,5.0,961595544
469,1285,3.0,965336955
474,1285,4.0,978575865
480,1285,3.5,1179162165
555,1285,5.0,978821009
562,1285,4.5,1368895240
597,1285,5.0,941641183
600,1285,5.0,1237707784
603,1285,4.0,1002403496
606,1285,4.5,1171325666
4,1288,4.0,945079653
57,1288,5.0,965796302
63,1288,5.0,1443199867
64,1288,4.5,1161519737
66,1288,5.0,1099187511
70,1288,4.0,1355198452
76,1288,4.0,1439167369
84,1288,4.0,860397323
89,1288,3.5,1520408297
91,1288,3.5,1112713584
100,1288,2.0,1100185857
103,1288,4.0,1431957401
104,1288,4.0,1048590877
131,1288,3.5,1349840636
137,1288,5.0,1204859865
156,1288,4.0,939853546
160,1288,4.0,971113579
169,1288,4.0,1070250262
177,1288,3.5,1435534298
185,1288,3.0,1044311949
194,1288,4.0,1110316629
216,1288,5.0,975212079
219,1288,3.5,1194932317
221,1288,4.5,1119984109
226,1288,4.5,1130137203
244,1288,5.0,975075046
257,1288,4.5,1141625606
260,1288,5.0,1109408328
266,1288,5.0,945669791
268,1288,5.0,940183286
274,1288,3.0,1171943634
275,1288,5.0,1049076847
288,1288,4.0,976120531
294,1288,4.0,966595028
298,1288,4.0,1447584523
307,1288,3.0,1186161725
322,1288,2.5,1217676722
327,1288,4.0,1234790048
328,1288,3.0,1494211920
330,1288,4.5,1285904004
369,1288,3.5,1237083097
370,1288,4.0,1159161768
385,1288,5.0,865025990
387,1288,4.5,1094876161
412,1288,4.0,939114397
414,1288,3.0,991144234
424,1288,4.0,1457844030
448,1288,5.0,1019127258
462,1288,3.5,1124158003
469,1288,4.0,965336980
474,1288,4.0,994819405
480,1288,4.0,1179178339
482,1288,3.5,1105396527
488,1288,3.0,1112382475
504,1288,4.0,1064451641
514,1288,4.0,1533872481
525,1288,4.0,1476481343
547,1288,5.0,942723498
555,1288,4.0,978820142
560,1288,4.0,1469653916
572,1288,5.0,945890284
577,1288,3.0,945978383
590,1288,3.0,1258421115
597,1288,5.0,941639716
600,1288,4.5,1237850914
608,1288,2.0,1117415334
1,1291,5.0,964981909
4,1291,4.0,964538763
17,1291,4.0,1305696691
18,1291,4.0,1455059809
19,1291,5.0,965709426
21,1291,4.0,1417378089
30,1291,5.0,1500370351
39,1291,5.0,974789327
45,1291,5.0,950726569
50,1291,3.0,1527371937
57,1291,4.0,965798248
62,1291,4.5,1523111068
63,1291,4.0,1443199779
67,1291,3.5,1501274102
68,1291,5.0,1158531732
75,1291,4.5,1158990090
78,1291,4.0,1252575255
79,1291,5.0,975282037
82,1291,4.5,1084463946
83,1291,1.0,1333842438
84,1291,3.0,858772733
91,1291,4.0,1112712858
95,1291,3.5,1071803793
96,1291,4.0,964772731
103,1291,4.0,1431957092
116,1291,4.0,1337199881
128,1291,4.0,899033269
135,1291,4.0,1009693055
140,1291,3.0,942841859
141,1291,2.5,1513129853
144,1291,4.0,1137323708
156,1291,3.5,1106854910
160,1291,3.0,971113554
164,1291,5.0,999708174
165,1291,5.0,1046741888
166,1291,4.5,1189038506
167,1291,4.5,1177515984
171,1291,5.0,866905738
177,1291,3.0,1435533606
182,1291,3.5,1054783760
186,1291,4.0,1031087825
195,1291,4.0,974706483
200,1291,3.5,1229886275
201,1291,5.0,939227212
202,1291,4.0,974918563
209,1291,5.0,1524607726
212,1291,4.0,1523216793
213,1291,4.0,1316196838
215,1291,3.5,1260908593
217,1291,5.0,955935905
219,1291,4.5,1194681042
220,1291,5.0,1230061726
226,1291,4.5,1095662759
231,1291,4.0,1433089455
232,1291,3.5,1218166035
234,1291,3.0,1004408014
239,1291,4.5,1221158200
247,1291,4.0,1467644396
248,1291,4.0,1534591649
249,1291,4.5,1346757806
266,1291,5.0,945670341
268,1291,2.0,940194307
274,1291,3.5,1212003442
279,1291,4.5,1506394354
288,1291,5.0,1052234887
292,1291,4.5,1265680458
294,1291,3.0,966633825
298,1291,4.0,1450452227
304,1291,5.0,891172881
307,1291,3.5,1186161065
308,1291,0.5,1421373765
313,1291,4.0,1030476460
328,1291,4.0,1494212060
330,1291,3.5,1285905152
332,1291,4.0,1352672618
334,1291,3.5,1225477724
339,1291,4.0,1460182427
356,1291,4.5,1229142830
357,1291,3.5,1348610275
368,1291,2.0,975828861
370,1291,4.0,1159164147
372,1291,5.0,874415776
376,1291,4.0,1364994188
380,1291,5.0,1493419770
381,1291,3.5,1164877359
385,1291,5.0,865025717
387,1291,3.5,1094877559
391,1291,4.0,1030827923
393,1291,5.0,1430505819
399,1291,4.5,1167222115
403,1291,4.5,1225243605
407,1291,4.0,1424349174
408,1291,5.0,1468253241
414,1291,4.0,961515643
425,1291,4.0,1085477620
428,1291,3.0,1111523944
434,1291,4.5,1270604119
437,1291,4.0,859722162
439,1291,3.0,1436943786
448,1291,4.0,1019124231
452,1291,4.0,1013394759
469,1291,3.0,965333750
474,1291,4.0,983034060
475,1291,5.0,1498029409
477,1291,4.0,1200939811
480,1291,5.0,1179162388
483,1291,5.0,1415579027
489,1291,4.0,1333101440
493,1291,3.0,1001562761
494,1291,5.0,1001666641
514,1291,4.0,1533948866
520,1291,4.0,1326609205
522,1291,4.5,1253344805
524,1291,5.0,851609392
527,1291,4.0,1033175704
528,1291,3.5,1391736260
531,1291,5.0,1032961840
532,1291,5.0,1025523779
534,1291,4.5,1459787998
549,1291,3.0,1464282603
551,1291,3.0,1506128919
557,1291,4.0,1453467758
560,1291,4.0,1469647842
561,1291,4.5,1491090713
570,1291,4.0,1181478635
572,1291,4.0,945888944
573,1291,5.0,1186589585
577,1291,4.0,945965737
580,1291,4.0,1167792469
586,1291,4.0,1529899137
590,1291,4.0,1258420639
596,1291,3.5,1535709691
597,1291,5.0,940420695
599,1291,4.0,1498498683
600,1291,4.0,1237859361
603,1291,3.0,953927884
606,1291,4.0,1171754643
607,1291,4.0,963078932
608,1291,4.0,1117491212
610,1291,4.5,1493850234
68,1292,2.5,1352614711
84,1292,5.0,858772760
156,1292,4.0,939853546
202,1292,3.0,974923720
216,1292,3.0,975212335
217,1292,3.0,955943432
221,1292,4.5,1119984549
288,1292,3.0,976120146
329,1292,5.0,1523468200
410,1292,5.0,990909672
437,1292,3.0,859722136
462,1292,4.5,1121928891
469,1292,5.0,965336905
474,1292,4.0,1116517469
514,1292,3.5,1535171892
572,1292,5.0,945892234
587,1292,4.0,953138131
597,1292,5.0,941640239
600,1292,3.0,1237858558
603,1292,4.0,953926970
55,1293,4.0,1312747695
64,1293,5.0,1161564479
70,1293,5.0,1355198380
84,1293,4.0,858772586
103,1293,4.5,1431957813
105,1293,4.0,1448195772
116,1293,3.5,1337195909
137,1293,4.5,1204863870
160,1293,3.0,971113644
221,1293,4.0,1119984329
244,1293,4.0,975074928
252,1293,4.0,1498285297
274,1293,2.5,1171944318
326,1293,3.0,1324234854
383,1293,5.0,943571184
385,1293,4.0,865026392
414,1293,3.0,961517101
432,1293,0.5,1315242191
437,1293,5.0,859721495
474,1293,4.0,1124123484
477,1293,4.5,1203701716
488,1293,2.5,1112382254
517,1293,4.0,1487954270
572,1293,4.0,945889722
577,1293,4.0,945978364
590,1293,4.0,1258422330
606,1293,4.0,1171376897
84,1296,4.0,858773054
96,1296,5.0,964774041
103,1296,3.5,1431968438
132,1296,2.5,1157978896
199,1296,4.0,1023655054
202,1296,4.0,974912892
275,1296,4.0,1049079379
332,1296,3.5,1352674347
391,1296,4.0,1030827923
416,1296,3.5,1187495335
474,1296,4.0,1100291494
508,1296,1.0,1268297496
593,1296,5.0,1181007164
597,1296,5.0,941639928
600,1296,1.5,1237714052
603,1296,4.0,954482305
606,1296,4.5,1171757839
16,1299,4.0,1377477583
59,1299,5.0,953609857
84,1299,5.0,858772673
100,1299,3.5,1100186342
116,1299,1.5,1337199432
137,1299,5.0,1204863767
156,1299,5.0,946799057
202,1299,4.0,974924405
221,1299,5.0,1119984145
275,1299,5.0,1049079275
288,1299,4.0,985626611
290,1299,4.0,975030982
326,1299,4.5,1324234899
330,1299,4.0,1285904301
383,1299,4.0,943571272
387,1299,4.0,1095310962
414,1299,5.0,991144157
437,1299,5.0,859721525
465,1299,5.0,959896514
469,1299,4.0,965662034
474,1299,3.5,1129579334
547,1299,2.0,942723498
572,1299,4.0,945889441
597,1299,5.0,941639399
599,1299,3.0,1498521936
600,1299,1.0,1237851307
603,1299,4.0,953927628
606,1299,3.5,1171230163
51,1301,4.5,1230930497
137,1301,4.0,1204859933
182,1301,4.0,1054779906
186,1301,5.0,1031079382
260,1301,4.0,1109408616
309,1301,4.0,1126453993
313,1301,4.0,1030474705
332,1301,4.0,1352674282
385,1301,3.0,865026392
469,1301,2.0,965335350
474,1301,3.5,1108868138
514,1301,3.5,1533945992
520,1301,4.0,1326611215
3,1302,0.5,1306464189
31,1302,4.0,850467485
42,1302,4.0,996258272
45,1302,5.0,1091305660
51,1302,5.0,1230929661
64,1302,4.0,1161529469
66,1302,4.5,1113188364
68,1302,3.0,1230498000
70,1302,5.0,1355198101
80,1302,4.0,1377306348
84,1302,4.0,860397306
127,1302,2.0,1263527044
140,1302,4.5,1067987072
155,1302,3.0,961860789
168,1302,4.0,1306793396
169,1302,4.5,1078285055
177,1302,3.0,1435890803
182,1302,4.0,1055157091
195,1302,5.0,974708152
200,1302,3.0,1229876491
202,1302,5.0,975015323
226,1302,3.0,1095662271
232,1302,3.5,1135922591
244,1302,3.0,975075211
265,1302,2.0,965316339
267,1302,3.0,959806612
288,1302,3.0,979163904
292,1302,3.0,1265679763
304,1302,4.0,920884238
309,1302,2.5,1086563293
328,1302,0.5,1494212149
367,1302,5.0,997812914
372,1302,3.0,874415328
387,1302,2.0,1095040729
414,1302,4.0,961517395
437,1302,3.0,859721584
438,1302,4.0,1105649777
448,1302,3.0,1019137559
474,1302,3.5,1053021069
477,1302,4.0,1200945183
479,1302,4.0,1039392576
480,1302,4.0,1179161751
504,1302,3.0,1063644532
514,1302,5.0,1533872331
517,1302,0.5,1492339379
522,1302,3.5,1388124733
524,1302,3.0,851609643
561,1302,4.0,1491092243
562,1302,4.5,1368897582
587,1302,5.0,953142030
590,1302,4.0,1258421494
596,1302,3.5,1535827415
597,1302,5.0,941639635
599,1302,3.0,1498523111
600,1302,2.0,1237764437
608,1302,3.0,1117491638
28,1303,3.0,1235805655
29,1303,4.5,1308084157
57,1303,3.0,965798228
70,1303,4.5,1355198940
199,1303,4.0,1094309453
268,1303,5.0,940173830
325,1303,4.0,1039397786
332,1303,4.5,1352674460
372,1303,3.0,874416389
385,1303,5.0,865025755
387,1303,3.5,1094876683
414,1303,4.0,991327876
469,1303,4.0,965662055
474,1303,4.0,1074474320
524,1303,5.0,851609729
577,1303,4.0,945965683
590,1303,3.5,1258783171
4,1304,3.0,945078467
27,1304,3.0,965149456
51,1304,5.0,1230929656
57,1304,5.0,965796238
61,1304,5.0,1145531711
70,1304,4.0,1355198503
84,1304,4.0,858772999
91,1304,4.0,1112710864
96,1304,4.0,964772712
115,1304,5.0,959800922
137,1304,4.5,1204863793
140,1304,5.0,942842894
156,1304,3.0,939854008
165,1304,3.0,1046741758
168,1304,4.5,1306802184
171,1304,4.0,866905839
182,1304,3.5,1054780826
183,1304,4.0,992331493
188,1304,4.0,962560016
199,1304,5.0,946523785
202,1304,4.0,974918419
216,1304,5.0,975212079
217,1304,3.0,955935905
221,1304,3.5,1118246865
246,1304,4.0,1354134458
255,1304,1.0,1005717657
257,1304,2.5,1141625532
274,1304,4.0,1200431610
275,1304,5.0,1049079408
285,1304,4.0,1453074881
288,1304,4.0,976120665
290,1304,5.0,975031354
310,1304,5.0,1078647817
311,1304,1.5,1057854244
315,1304,3.0,939919700
325,1304,3.0,1039398016
327,1304,5.0,1234787893
367,1304,5.0,997811508
368,1304,3.0,975828861
385,1304,4.0,865025755
387,1304,3.5,1094849150
409,1304,5.0,968978828
412,1304,5.0,939114438
414,1304,5.0,961437188
423,1304,4.0,1155285445
427,1304,4.0,1053068870
448,1304,4.0,1019127202
469,1304,4.0,965333794
474,1304,3.5,1053021030
480,1304,4.5,1179178413
499,1304,4.0,1289960465
510,1304,3.0,1141158793
513,1304,4.5,1159980393
517,1304,2.0,1487958092
532,1304,3.0,1025523716
572,1304,5.0,945892272
577,1304,3.0,945967287
580,1304,3.0,1167673414
590,1304,4.5,1258416888
597,1304,5.0,940362150
603,1304,4.0,963176536
607,1304,4.0,964743424
10,1307,3.0,1455357613
19,1307,3.0,965705962
41,1307,3.5,1458938964
42,1307,4.0,996258165
45,1307,3.0,950723581
68,1307,3.5,1158531085
84,1307,5.0,858772673
89,1307,2.5,1520408349
91,1307,2.5,1112713370
95,1307,5.0,1044744558
100,1307,4.5,1100183745
132,1307,3.5,1157922737
140,1307,3.5,1085569797
143,1307,2.0,1444880213
156,1307,3.5,1106854952
159,1307,4.5,1508641158
160,1307,4.0,1065985257
167,1307,3.0,1154723169
169,1307,4.0,1059428049
177,1307,3.5,1435534117
186,1307,3.0,1031080619
198,1307,4.0,1034135217
200,1307,3.5,1229887127
201,1307,5.0,939227177
202,1307,5.0,974923638
216,1307,3.0,975212335
218,1307,4.0,1111625106
219,1307,2.5,1198903013
221,1307,3.5,1111175967
224,1307,5.0,971811933
230,1307,1.5,1196304810
239,1307,3.5,1221158998
263,1307,4.0,941591735
275,1307,4.0,1049076911
282,1307,4.0,1378495543
288,1307,4.5,1054568299
290,1307,4.0,974942150
292,1307,3.0,1323631984
301,1307,4.0,1211378874
304,1307,4.0,891173243
307,1307,3.5,1242825832
356,1307,4.5,1229140292
357,1307,4.5,1348611547
367,1307,3.0,997811567
372,1307,4.0,874415603
376,1307,4.0,1364994443
381,1307,3.5,1200824486
382,1307,4.5,1515160989
385,1307,3.0,865025275
387,1307,3.5,1094877844
391,1307,4.0,1030827939
409,1307,4.0,968978986
412,1307,5.0,939114438
414,1307,4.0,961513747
437,1307,4.0,859722162
448,1307,3.0,1019127163
453,1307,5.0,1005966756
460,1307,3.5,1359177382
469,1307,4.0,965425303
474,1307,5.0,978575845
480,1307,5.0,1179177873
482,1307,4.0,1105395970
483,1307,3.5,1307314184
484,1307,3.5,1342295020
489,1307,5.0,1332773056
490,1307,2.5,1328145445
504,1307,4.5,1063644704
514,1307,4.5,1533872329
525,1307,3.5,1476481389
526,1307,3.5,1502132038
555,1307,5.0,978820632
562,1307,5.0,1368893691
564,1307,5.0,1478453666
570,1307,3.5,1181477719
572,1307,5.0,945892426
587,1307,5.0,953138160
590,1307,3.0,1258420830
594,1307,5.0,1108798598
596,1307,3.5,1535826939
597,1307,5.0,941641148
599,1307,3.0,1498522106
600,1307,2.5,1237712945
603,1307,4.0,953927787
606,1307,4.5,1171322894
607,1307,4.0,963079252
19,1333,3.0,965704881
20,1333,3.5,1054036254
68,1333,3.0,1158534724
84,1333,3.0,860397335
98,1333,3.0,1532458388
132,1333,2.0,1163148030
177,1333,4.0,1435534624
217,1333,3.0,955935220
225,1333,3.0,949261297
232,1333,1.5,1182910719
275,1333,4.0,1049079573
285,1333,4.0,1451151233
286,1333,4.0,1119561537
290,1333,4.0,974942241
305,1333,5.0,1460135851
307,1333,3.0,1186086590
312,1333,4.0,1043176038
315,1333,3.0,939920310
325,1333,4.0,1039397577
328,1333,4.0,1494212084
346,1333,3.5,1172692434
354,1333,4.0,1200865348
357,1333,3.5,1348610795
374,1333,4.0,849089401
380,1333,4.0,1494803655
387,1333,3.5,1094877349
391,1333,4.0,1032736630
428,1333,3.5,1111523542
469,1333,5.0,965846506
474,1333,4.5,1090873560
477,1333,4.0,1200941567
484,1333,1.0,1342297012
489,1333,4.0,1334587808
514,1333,3.5,1534052750
527,1333,5.0,1033174126
555,1333,3.0,980125974
561,1333,3.5,1491092046
562,1333,4.0,1368892546
571,1333,4.0,966900228
590,1333,4.5,1258421620
599,1333,3.0,1519073448
600,1333,4.0,1237707766
603,1333,4.0,953925483
606,1333,3.5,1177274192
42,1343,3.0,996218222
64,1343,4.0,1161564509
84,1343,4.0,858772845
118,1343,4.0,944924731
135,1343,3.0,1009691207
140,1343,3.0,949667094
182,1343,4.0,1055153181
274,1343,3.5,1171934442
288,1343,3.0,985626899
297,1343,4.0,900872143
307,1343,4.0,1186087570
368,1343,3.0,971275698
387,1343,3.0,1163323009
414,1343,4.0,961681965
424,1343,4.5,1457846226
448,1343,5.0,1019139911
452,1343,5.0,1013394437
462,1343,3.5,1123893719
465,1343,4.0,959896068
474,1343,4.5,1100119770
532,1343,5.0,1025523392
599,1343,2.5,1519335543
603,1343,4.0,1002403496
606,1343,3.5,1171756928
610,1343,3.5,1479542179
140,1344,3.0,952101286
290,1344,4.0,974942469
312,1344,4.0,1043177738
313,1344,4.0,1030476305
332,1344,3.5,1352674315
372,1344,4.0,874416773
387,1344,4.0,1117415411
414,1344,3.5,1073681875
462,1344,3.5,1123893723
465,1344,5.0,959895860
474,1344,4.5,1100119817
590,1344,3.5,1258429542
597,1344,4.0,941728764
603,1344,5.0,1002403424
19,1345,3.0,965704931
64,1345,4.5,1161620700
68,1345,3.0,1230498603
79,1345,3.0,975281314
84,1345,3.0,860397409
87,1345,3.5,1270702619
122,1345,4.5,1461562873
132,1345,3.0,1157968863
158,1345,3.5,1290764755
169,1345,3.5,1078285348
177,1345,3.0,1435534867
223,1345,1.0,1226209228
236,1345,3.0,943013896
274,1345,3.5,1247504106
288,1345,3.0,976138675
290,1345,3.0,974942658
306,1345,2.0,1518327186
307,1345,4.0,1186087614
313,1345,4.0,1030475828
328,1345,3.0,1494211939
346,1345,4.5,1155066851
357,1345,4.5,1348610631
374,1345,4.0,849089401
377,1345,3.5,1340341890
387,1345,4.0,1094877907
474,1345,3.5,1053021541
484,1345,1.0,1342297784
514,1345,4.0,1533872782
561,1345,3.0,1491092382
571,1345,4.0,966900315
576,1345,4.0,1358151485
587,1345,1.0,953136994
590,1345,3.5,1258416883
597,1345,5.0,941640433
600,1345,4.0,1237742568
603,1345,3.0,953925483
1,1348,4.0,964983393
64,1348,4.0,1161531020
74,1348,4.0,1207501783
83,1348,3.0,1333842775
103,1348,4.0,1431969973
177,1348,2.0,1435536091
312,1348,5.0,1043175985
346,1348,4.0,1094651388
380,1348,4.0,1494804580
387,1348,3.5,1156489710
391,1348,4.0,1032388885
469,1348,4.0,965661925
474,1348,2.5,1053021757
533,1348,3.0,1424754004
571,1348,3.0,966900180
600,1348,2.5,1237858900
51,1350,4.5,1230930492
91,1350,4.5,1112711891
118,1350,3.0,944923926
236,1350,4.0,943013896
274,1350,3.5,1171826803
288,1350,3.0,976138615
312,1350,3.0,1043176038
313,1350,4.0,1030475668
357,1350,4.5,1348610792
374,1350,5.0,849089401
380,1350,3.0,1494804165
387,1350,4.0,1094939668
419,1350,4.0,1318337879
474,1350,4.0,1115584932
527,1350,4.0,1033176393
571,1350,5.0,966900275
590,1350,3.0,1258423190
597,1350,5.0,941640463
599,1350,2.5,1498516703
603,1350,3.0,953925657
606,1350,4.0,1171821675
608,1350,3.5,1117502917
31,1353,4.0,850467078
90,1353,3.0,856354268
217,1353,2.0,955944895
474,1353,4.5,1100291485
105,1354,4.0,1448647819
156,1354,5.0,939884805
275,1354,2.0,1049078947
346,1354,4.0,1172693080
474,1354,4.5,1133730322
603,1354,5.0,963179359
606,1354,4.0,1171362232
18,1356,4.5,1455231686
19,1356,3.0,965709478
27,1356,3.0,962685883
28,1356,3.5,1234337804
31,1356,4.0,850466719
32,1356,4.0,856736262
43,1356,5.0,848995341
45,1356,4.0,950740918
48,1356,4.5,1127128828
57,1356,4.0,965798785
66,1356,3.5,1113190120
71,1356,5.0,864738008
90,1356,4.0,856354100
91,1356,3.5,1112712058
93,1356,5.0,942946013
112,1356,4.0,1513989988
128,1356,4.0,899033437
135,1356,2.0,1009691726
149,1356,4.0,902084874
150,1356,5.0,854203229
153,1356,0.5,1525552756
160,1356,2.0,971115213
164,1356,4.0,999708293
186,1356,4.0,1031079788
199,1356,3.5,1061308947
202,1356,3.0,974918744
206,1356,4.0,850763471
210,1356,4.5,1527266226
214,1356,3.0,853937959
217,1356,4.0,955940625
219,1356,2.5,1200977920
221,1356,3.5,1111177434
226,1356,4.0,1095662470
234,1356,3.0,1004408942
240,1356,5.0,849123370
244,1356,5.0,975091789
249,1356,3.0,1364853520
259,1356,0.5,1146845349
264,1356,4.5,1136978625
265,1356,4.0,965315001
266,1356,3.0,946768588
267,1356,5.0,994467907
270,1356,4.0,853918942
277,1356,5.0,861812892
288,1356,4.5,1066059696
294,1356,4.0,966633881
303,1356,5.0,1053303268
304,1356,5.0,883381189
312,1356,3.0,1043176746
313,1356,2.0,1030474853
314,1356,3.0,851286751
337,1356,3.0,860255866
340,1356,5.0,848666265
350,1356,5.0,864941018
364,1356,4.0,869443772
369,1356,3.5,1237082902
372,1356,4.0,874415164
374,1356,5.0,849089245
376,1356,4.0,1364994530
380,1356,5.0,1493420129
385,1356,4.0,848684995
389,1356,5.0,857934470
414,1356,3.0,961514832
430,1356,5.0,965600256
438,1356,5.0,1105654476
448,1356,4.0,1019124400
451,1356,3.0,854089684
452,1356,5.0,1013396292
457,1356,3.0,993610777
469,1356,3.0,965334230
474,1356,5.0,974667386
475,1356,5.0,1498031794
477,1356,4.0,1200939959
492,1356,4.0,863976100
520,1356,5.0,1326608543
522,1356,4.5,1297482462
524,1356,4.0,851609869
527,1356,4.0,1033174962
544,1356,5.0,850688634
555,1356,3.0,978841648
559,1356,4.0,865095647
572,1356,4.0,945888747
577,1356,3.0,945965866
580,1356,4.0,1167793016
586,1356,4.0,1529900280
587,1356,4.0,953142126
590,1356,4.5,1258416609
596,1356,4.5,1535709677
599,1356,3.5,1498501541
600,1356,4.0,1237857077
607,1356,1.0,963079014
12,1357,5.0,1247263404
33,1357,4.0,939648134
55,1357,0.5,1312747730
72,1357,4.0,1217323427
85,1357,5.0,889467539
90,1357,5.0,856354301
113,1357,5.0,980051757
182,1357,4.0,1054783263
199,1357,3.0,1094309519
260,1357,4.5,1109409394
263,1357,4.0,941591735
288,1357,3.5,1054569550
290,1357,4.0,974942902
372,1357,5.0,874414749
391,1357,4.0,1030827326
414,1357,4.0,961513968
425,1357,4.0,1085490933
453,1357,5.0,972622997
467,1357,4.0,919672054
474,1357,3.5,1089386316
477,1357,4.0,1200946372
580,1357,4.0,1167791395
599,1357,3.0,1498521951
606,1357,4.0,1173823837
11,1358,4.0,902155136
17,1358,3.0,1322629202
28,1358,4.0,1234338775
33,1358,4.0,939646820
36,1358,2.5,1100803352
64,1358,4.0,1161528790
66,1358,5.0,1093747757
85,1358,1.0,889468582
88,1358,4.0,1331420128
90,1358,5.0,856354551
91,1358,3.0,1112713637
103,1358,4.0,1431957585
124,1358,5.0,1336409590
129,1358,0.5,1167377801
135,1358,5.0,1009691144
156,1358,4.0,1106855335
182,1358,4.0,1063288177
195,1358,4.0,974705671
199,1358,4.0,940372549
202,1358,4.0,974924687
221,1358,3.5,1119984218
260,1358,5.0,1109408324
275,1358,5.0,1049078254
290,1358,4.0,974943069
292,1358,2.0,990062637
297,1358,4.0,900871748
303,1358,5.0,1053302850
307,1358,2.0,1186161813
312,1358,4.0,1043177460
325,1358,5.0,1039396113
330,1358,5.0,1285904543
357,1358,2.5,1348628292
368,1358,4.0,971275475
372,1358,3.0,874415901
391,1358,5.0,1030944221
414,1358,4.0,961516793
422,1358,3.0,989716114
469,1358,4.0,965846210
474,1358,4.5,1100119576
477,1358,4.0,1200946209
520,1358,4.5,1326610975
554,1358,3.0,944902514
555,1358,5.0,978746000
570,1358,3.0,1181475957
590,1358,4.0,1258421269
603,1358,4.0,963179538
610,1358,4.5,1479544446
31,1361,5.0,850466810
59,1361,4.0,953610834
245,1361,3.0,951182778
318,1361,4.0,1413645974
357,1361,4.0,1348610508
462,1361,4.5,1214003811
31,1363,5.0,850466810
214,1363,3.0,853938223
265,1363,3.0,965319969
474,1363,2.5,1060106011
492,1363,4.0,863976722
90,1366,4.0,856354367
307,1366,4.0,1215657378
372,1366,5.0,874415328
474,1366,4.0,1014924339
599,1366,2.5,1498514176
19,1367,1.0,965706615
20,1367,3.0,1054038378
32,1367,3.0,856736374
45,1367,3.0,951170563
50,1367,2.0,1514238872
68,1367,2.5,1261623148
76,1367,1.0,1439169012
82,1367,1.0,1084465288
84,1367,3.0,857653444
92,1367,3.0,1294941797
103,1367,3.5,1431957998
111,1367,2.5,1518640841
120,1367,4.0,860070258
146,1367,3.0,1312508157
151,1367,3.0,855947672
169,1367,3.0,1059427276
171,1367,5.0,866904301
177,1367,2.5,1435534881
200,1367,4.0,1229876861
213,1367,3.5,1316195537
217,1367,3.0,955945151
226,1367,3.0,1096420793
240,1367,3.0,849123405
249,1367,3.5,1354896272
269,1367,4.0,850865801
274,1367,3.5,1171785742
276,1367,4.0,858350816
288,1367,3.0,978470103
294,1367,3.0,966596621
314,1367,3.0,852051252
318,1367,3.0,1259002449
380,1367,4.0,1494803808
432,1367,2.0,1315242748
456,1367,5.0,856883540
474,1367,2.0,1015352738
477,1367,3.0,1200946401
483,1367,4.0,1327277815
492,1367,3.0,863976287
509,1367,2.5,1436000396
517,1367,5.0,1487954306
545,1367,3.5,1240360301
563,1367,3.0,1440800312
587,1367,3.0,953139907
590,1367,3.0,1266472847
600,1367,2.0,1237708503
603,1367,4.0,963178459
605,1367,3.0,1277095727
19,1372,5.0,965703698
36,1372,3.0,1100803549
45,1372,5.0,950741043
57,1372,4.0,965798806
75,1372,4.0,1158968308
82,1372,3.5,1084463754
93,1372,5.0,942946588
135,1372,1.0,1009691746
149,1372,1.0,902084966
160,1372,2.0,971114286
186,1372,5.0,1031080088
202,1372,3.0,974918973
217,1372,3.0,955942112
218,1372,2.0,1111624914
237,1372,2.5,1410630030
264,1372,4.0,1136978389
287,1372,0.5,1110229895
288,1372,3.5,1054569602
294,1372,4.0,966633918
304,1372,5.0,891173643
312,1372,4.0,1043176803
313,1372,2.0,1030474853
314,1372,3.0,852051145
369,1372,4.0,1237082095
376,1372,3.5,1364932606
414,1372,3.0,961514924
430,1372,4.0,965600256
448,1372,3.0,1019124575
452,1372,4.0,1019580826
457,1372,2.0,993610777
469,1372,3.0,965334332
474,1372,4.5,1056637089
479,1372,1.0,1039362224
518,1372,4.0,1056907482
522,1372,4.0,1297482460
527,1372,4.0,1033175972
561,1372,4.0,1491092435
570,1372,3.0,1181476107
587,1372,4.0,953142126
590,1372,4.0,1258421556
596,1372,3.5,1535826862
599,1372,3.0,1498522167
18,1374,4.5,1456958429
19,1374,5.0,965709478
28,1374,2.5,1234571939
42,1374,4.0,996258272
45,1374,3.0,950740839
57,1374,5.0,965798130
75,1374,2.0,1158967591
79,1374,4.0,975282070
84,1374,3.0,858772983
91,1374,4.5,1112710890
95,1374,4.5,1105400929
135,1374,4.0,1009693087
149,1374,3.0,902084716
160,1374,1.0,971436496
186,1374,4.0,1031072855
199,1374,4.5,1061308941
202,1374,5.0,974918688
217,1374,3.0,955936019
221,1374,3.5,1111177429
234,1374,3.0,1004408151
237,1374,3.5,1410632323
264,1374,4.0,1136978783
265,1374,5.0,965314952
266,1374,3.0,945670341
288,1374,4.0,975691843
294,1374,4.0,966633825
303,1374,5.0,1053303250
304,1374,5.0,891173487
312,1374,4.0,1043176663
313,1374,4.0,1030474742
314,1374,3.0,852051027
328,1374,4.0,1494212062
361,1374,2.0,1204045808
368,1374,3.0,975828999
372,1374,3.0,874415902
414,1374,4.0,961514761
430,1374,4.0,965600256
448,1374,3.0,1019123880
452,1374,5.0,1013394855
457,1374,5.0,993610795
462,1374,2.0,1123893244
469,1374,4.0,965334076
474,1374,4.0,1002929032
475,1374,4.5,1498031874
482,1374,5.0,1105396057
513,1374,4.5,1159980410
522,1374,4.5,1297482385
524,1374,5.0,851609688
527,1374,5.0,1033175858
555,1374,3.0,978821670
561,1374,4.5,1491090991
570,1374,3.5,1181478220
572,1374,4.0,945888975
577,1374,3.0,945965795
580,1374,4.0,1167793056
586,1374,5.0,1529900250
587,1374,4.0,953142126
590,1374,4.5,1264910706
596,1374,4.0,1535827026
599,1374,3.0,1498521493
603,1374,1.0,953927978
607,1374,1.0,963078983
19,1376,4.0,965703698
36,1376,2.0,1100803435
45,1376,3.0,950740478
57,1376,4.0,965798172
75,1376,4.0,1158967212
91,1376,3.5,1112713745
135,1376,3.0,1009693108
147,1376,5.0,1203267736
160,1376,1.0,971114178
168,1376,2.0,1306793293
186,1376,5.0,1031079628
202,1376,4.0,974918797
217,1376,5.0,955935853
264,1376,4.0,1136978346
265,1376,5.0,965314952
266,1376,1.0,944980740
288,1376,4.0,975691843
294,1376,5.0,966633961
304,1376,5.0,891173554
312,1376,3.0,1043176663
313,1376,2.0,1030474810
314,1376,3.0,852051027
391,1376,3.0,1032647585
414,1376,3.0,961514795
431,1376,2.5,1267051829
448,1376,2.0,1178981694
452,1376,5.0,1019580751
457,1376,4.0,993610777
469,1376,3.0,965335463
474,1376,4.0,1046809559
522,1376,3.5,1297482393
524,1376,4.0,851609583
527,1376,4.0,1033175078
555,1376,3.0,978841506
561,1376,4.0,1491092146
570,1376,3.0,1181476048
580,1376,3.5,1167860932
586,1376,4.5,1529901432
587,1376,4.0,953142126
590,1376,3.5,1267238545
596,1376,4.0,1535826910
599,1376,3.5,1498501519
603,1376,1.0,953928033
1,1377,3.0,964982653
19,1377,3.0,965706683
45,1377,2.0,951170693
50,1377,3.0,1514238591
57,1377,2.0,969754612
68,1377,3.5,1158533408
82,1377,2.5,1084465293
91,1377,3.0,1112712213
93,1377,4.0,942946445
115,1377,1.0,959800666
122,1377,4.5,1461562595
135,1377,2.0,1009692098
155,1377,3.0,961861424
160,1377,3.0,971115356
166,1377,3.5,1189037883
177,1377,3.0,1435534533
182,1377,4.0,1055151038
197,1377,4.0,947462092
199,1377,1.0,943698847
201,1377,2.0,939226657
217,1377,3.0,955941016
219,1377,3.5,1195335036
234,1377,5.0,1004408285
244,1377,4.0,975093513
268,1377,3.0,940185272
274,1377,2.5,1171758935
288,1377,3.0,978465895
294,1377,2.0,966597632
304,1377,2.0,891173614
313,1377,4.0,1030556499
318,1377,3.5,1342597397
323,1377,2.0,1422640474
368,1377,2.0,975828236
371,1377,3.5,1407691648
380,1377,3.0,1494035744
385,1377,3.0,865025818
387,1377,2.0,1094938353
414,1377,4.0,1118949184
428,1377,1.0,1111623195
438,1377,3.0,1105670478
448,1377,3.0,1019124094
469,1377,4.0,965334211
474,1377,2.0,1046886462
480,1377,3.5,1179178733
483,1377,3.5,1215895528
489,1377,3.5,1334587496
495,1377,4.0,1458636324
534,1377,3.5,1459787996
542,1377,4.0,1163386627
555,1377,3.0,978749155
573,1377,4.0,1187045095
580,1377,3.0,1167674837
590,1377,2.5,1258421469
596,1377,3.0,1535711520
597,1377,3.0,941730230
599,1377,4.5,1498539572
603,1377,2.0,963177406
605,1377,4.0,1277097292
607,1377,3.0,963080345
608,1377,2.5,1117408352
19,1380,3.0,965706839
20,1380,5.0,1054147442
50,1380,2.5,1514238334
68,1380,3.5,1158532790
84,1380,4.0,860397426
91,1380,2.0,1112713666
100,1380,4.0,1100184348
104,1380,4.5,1053336368
113,1380,3.0,980306983
116,1380,4.5,1337200241
129,1380,4.5,1167377566
132,1380,3.0,1157922879
153,1380,1.0,1525550570
167,1380,0.5,1154718782
169,1380,4.5,1059427692
177,1380,3.5,1435534283
194,1380,2.5,1110316695
200,1380,5.0,1229887379
217,1380,3.0,955943967
218,1380,3.0,1111624823
226,1380,2.5,1095663075
232,1380,3.5,1076951599
247,1380,1.0,1467936301
257,1380,4.0,1141625626
274,1380,2.5,1171491440
280,1380,4.0,1348532004
287,1380,0.5,1110228487
288,1380,2.0,976120462
304,1380,4.0,891173265
307,1380,2.5,1186161678
318,1380,3.5,1262805015
325,1380,3.0,1039396060
328,1380,0.5,1494211348
330,1380,3.5,1285905491
332,1380,3.5,1352674033
336,1380,2.5,1120567995
354,1380,4.0,1200952938
357,1380,4.0,1348611892
365,1380,2.0,1488333307
380,1380,3.0,1494803516
381,1380,4.0,1165975983
385,1380,3.0,865025367
387,1380,1.5,1095040734
409,1380,4.0,967920162
414,1380,3.0,961514273
428,1380,2.0,1111524530
448,1380,3.0,1019128158
462,1380,4.0,1154038138
474,1380,4.0,983033588
480,1380,3.0,1179178422
483,1380,2.0,1215870826
484,1380,4.0,1342296299
489,1380,3.0,1334170701
517,1380,1.0,1487958387
518,1380,2.0,1056907448
525,1380,4.5,1476478383
542,1380,4.5,1163386527
554,1380,5.0,944900580
561,1380,2.0,1491095292
580,1380,3.5,1167790133
583,1380,3.0,1481474416
587,1380,3.0,953138653
590,1380,3.0,1258421067
597,1380,5.0,941640505
599,1380,3.0,1498524887
600,1380,3.5,1237759323
603,1380,4.0,953927040
606,1380,3.5,1179353066
68,1381,2.5,1269123666
84,1381,3.0,860397888
95,1381,2.0,1043339908
169,1381,3.0,1059427837
281,1381,3.0,1183000180
294,1381,1.0,966597308
301,1381,3.0,1211376856
357,1381,2.5,1348628794
359,1381,1.0,1192499717
390,1381,3.0,1250274702
474,1381,2.0,1046888244
483,1381,0.5,1215898203
514,1381,1.0,1534114304
517,1381,0.5,1487956359
525,1381,2.5,1476480382
554,1381,4.0,944900908
599,1381,1.0,1519180135
600,1381,1.5,1237716028
605,1381,2.5,1277094890
27,1387,2.0,962686343
39,1387,5.0,974787836
50,1387,3.0,1527542352
63,1387,3.0,1443200100
64,1387,5.0,1161521187
68,1387,3.5,1158532008
79,1387,5.0,975281874
82,1387,2.0,1084467982
84,1387,4.0,860397244
91,1387,5.0,1112713407
96,1387,4.0,964772712
103,1387,4.0,1431957264
115,1387,5.0,959800946
116,1387,5.0,1337200040
128,1387,3.0,899033437
135,1387,5.0,1009690990
140,1387,4.0,1055092393
156,1387,3.5,1106855002
160,1387,2.0,971112754
177,1387,3.0,1435534121
183,1387,5.0,992331493
199,1387,5.0,940380653
202,1387,4.0,974918472
212,1387,3.0,1523216840
217,1387,4.0,955935905
220,1387,5.0,1230328034
221,1387,4.0,1119984484
225,1387,5.0,949261297
226,1387,3.5,1095662804
230,1387,1.0,1196304828
232,1387,3.5,1161829062
236,1387,5.0,943013896
246,1387,3.0,1354134653
274,1387,3.5,1171934798
288,1387,5.0,976137780
290,1387,5.0,975031439
298,1387,3.0,1466276063
299,1387,4.0,974620404
304,1387,4.0,891173825
305,1387,3.5,1490211301
307,1387,3.0,1186161485
309,1387,4.0,1126148656
312,1387,5.0,1043175952
313,1387,3.0,1030475592
317,1387,3.0,1430512250
325,1387,5.0,1039398049
328,1387,5.0,1494212086
330,1387,4.0,1285905302
357,1387,4.0,1348612206
367,1387,4.0,997811377
368,1387,5.0,971273335
372,1387,5.0,874416544
376,1387,4.0,1364994473
380,1387,4.0,1493473978
385,1387,3.0,865025112
387,1387,3.5,1094876734
414,1387,4.0,961515597
422,1387,5.0,986173047
425,1387,3.0,1085477711
432,1387,4.0,1316391764
434,1387,4.0,1270606863
448,1387,4.0,1019124160
450,1387,5.0,974705853
452,1387,5.0,1013396622
462,1387,3.0,1140311193
469,1387,5.0,965333666
474,1387,4.5,1053020983
477,1387,4.0,1200939979
480,1387,3.5,1179162467
483,1387,2.0,1181496743
484,1387,3.5,1342295238
489,1387,3.5,1333101597
514,1387,5.0,1534052825
527,1387,5.0,1033176375
533,1387,4.0,1424754001
534,1387,4.5,1459787997
543,1387,5.0,1377068903
561,1387,5.0,1491090966
562,1387,3.5,1368892428
563,1387,4.0,1439932655
570,1387,3.0,1181477831
571,1387,5.0,966900228
572,1387,5.0,946483138
573,1387,4.5,1186722617
577,1387,5.0,945967287
590,1387,4.5,1258420853
597,1387,5.0,940421389
599,1387,3.5,1498500815
603,1387,4.0,953925452
607,1387,4.0,963078960
608,1387,2.5,1117491608
288,1389,1.0,976138444
368,1389,1.0,975830385
448,1389,1.0,1019140749
469,1389,2.0,965335164
474,1389,1.5,1053021851
514,1389,2.0,1534086550
31,1393,3.0,852207084
32,1393,4.0,856736374
33,1393,4.0,939654896
42,1393,4.0,996218988
44,1393,4.0,869252438
45,1393,5.0,950726330
47,1393,2.5,1496206783
63,1393,3.5,1443200314
68,1393,4.5,1271544854
84,1393,4.0,857653480
91,1393,3.0,1112713363
100,1393,4.5,1100184077
112,1393,4.0,1513989973
113,1393,1.0,980051638
116,1393,2.5,1337200011
135,1393,3.0,1009693826
140,1393,4.0,949667278
144,1393,4.0,1137323777
151,1393,2.0,855947578
156,1393,2.0,1106854944
160,1393,1.0,971620081
169,1393,5.0,1078284681
177,1393,3.0,1435534107
182,1393,3.5,1063288308
185,1393,4.0,1044311995
198,1393,5.0,1034136733
199,1393,3.0,940372830
200,1393,4.0,1229886849
202,1393,3.0,974925437
219,1393,3.0,1194931863
220,1393,4.5,1230061691
222,1393,3.5,1391354062
224,1393,5.0,971812919
230,1393,1.0,1196304762
263,1393,4.0,941591657
274,1393,3.5,1171934758
275,1393,5.0,1049078987
280,1393,4.5,1348532302
283,1393,3.0,901227554
288,1393,3.0,976121080
292,1393,4.0,990062625
301,1393,3.5,1211378296
304,1393,3.0,881428397
307,1393,1.5,1189456386
332,1393,4.0,1352671598
337,1393,5.0,860256043
350,1393,4.0,864941118
354,1393,3.5,1200870529
357,1393,4.5,1348612186
361,1393,3.5,1204047992
365,1393,3.5,1488332764
372,1393,3.0,874415865
387,1393,3.5,1117356535
391,1393,2.0,1030827370
414,1393,4.0,961513794
415,1393,3.5,1382470358
425,1393,3.0,1085477649
434,1393,3.5,1270606673
437,1393,3.0,859721148
438,1393,4.0,1105666460
448,1393,4.0,1019132804
453,1393,4.0,972622661
456,1393,5.0,856883540
464,1393,4.5,1284222996
474,1393,4.5,1128098731
480,1393,4.0,1179162473
489,1393,3.0,1333101553
492,1393,4.0,863976249
510,1393,3.5,1141159047
514,1393,4.0,1533953957
522,1393,4.0,1253345776
527,1393,4.0,1033175160
548,1393,5.0,1488825846
555,1393,3.0,978840870
561,1393,2.5,1491090973
562,1393,3.5,1368897253
570,1393,3.5,1181477711
572,1393,4.0,945888086
590,1393,3.0,1258420820
593,1393,4.0,1181008337
594,1393,5.0,1109037039
599,1393,4.0,1498499718
600,1393,3.5,1237850723
606,1393,3.5,1228164987
608,1393,3.0,1117504361
19,1394,3.0,965705619
39,1394,4.0,974788442
66,1394,4.5,1093143999
84,1394,4.0,858772953
89,1394,2.0,1520408298
91,1394,2.0,1112717643
103,1394,4.5,1431957447
122,1394,5.0,1461562978
156,1394,4.0,946799313
177,1394,2.0,1435534360
182,1394,4.0,1054781223
198,1394,1.0,1034196898
202,1394,4.0,974923542
216,1394,4.0,975212079
221,1394,5.0,1119984542
224,1394,5.0,971811933
226,1394,4.0,1095662894
255,1394,3.0,1005717657
266,1394,5.0,945670582
268,1394,5.0,940183285
274,1394,3.5,1186729273
275,1394,5.0,1049076865
288,1394,4.0,975692427
290,1394,4.0,974942446
303,1394,4.0,1053302804
313,1394,5.0,1030557418
318,1394,3.5,1342468914
328,1394,3.5,1494210555
330,1394,4.0,1285905549
334,1394,3.5,1225478260
357,1394,5.0,1348611821
372,1394,3.0,874415902
385,1394,4.0,865025940
387,1394,3.5,1094876269
409,1394,4.0,968978828
414,1394,5.0,961595286
427,1394,5.0,1053068898
448,1394,3.0,1019127258
452,1394,5.0,1019585331
462,1394,4.0,1121928797
469,1394,5.0,965336863
474,1394,4.5,1100119843
477,1394,4.0,1200941224
479,1394,5.0,1039362729
480,1394,4.5,1179178292
488,1394,2.0,1112382487
525,1394,4.0,1476477519
547,1394,5.0,942723440
555,1394,5.0,978819680
561,1394,4.0,1491092758
580,1394,4.0,1167790872
597,1394,5.0,941641183
599,1394,3.0,1498522965
600,1394,2.5,1237858373
603,1394,5.0,953927655
606,1394,3.5,1176217300
607,1394,4.0,963079252
610,1394,5.0,1479544403
1,1396,3.0,964983017
19,1396,3.0,965703627
24,1396,4.0,1458941841
27,1396,3.0,962686682
36,1396,1.5,1100803431
39,1396,3.0,974787637
45,1396,4.0,950740855
64,1396,3.5,1161528817
91,1396,4.0,1112713726
95,1396,4.0,1105400890
140,1396,3.0,949667243
147,1396,4.0,1203267732
167,1396,3.5,1154721626
182,1396,2.5,1054779681
194,1396,3.5,1110316718
202,1396,3.0,974925096
217,1396,5.0,955942978
239,1396,3.5,1221866447
286,1396,3.0,1119561987
288,1396,3.0,978647358
292,1396,3.5,1293562991
294,1396,4.0,966597541
304,1396,4.0,891173173
310,1396,4.0,1078648973
312,1396,3.0,1043176746
313,1396,3.0,1030474778
323,1396,4.0,1422640484
354,1396,2.5,1200953282
368,1396,3.0,975827681
376,1396,4.0,1364932574
385,1396,3.0,865026031
391,1396,3.0,1030826859
414,1396,4.0,961514761
437,1396,4.0,859721718
438,1396,4.0,1105668361
448,1396,4.0,1019132397
474,1396,4.0,1100291840
480,1396,2.5,1179178612
510,1396,3.5,1141159055
514,1396,4.5,1533948832
555,1396,3.0,978841464
570,1396,4.0,1181554605
572,1396,4.0,945891664
577,1396,4.0,945967031
599,1396,2.5,1519145759
608,1396,4.0,1117161756
474,1398,2.5,1060106009
19,1407,3.0,965704952
32,1407,2.0,856736519
45,1407,4.5,1121724749
51,1407,0.5,1230929638
57,1407,3.0,972173533
64,1407,3.5,1161521696
66,1407,4.5,1093144040
68,1407,2.5,1158532360
91,1407,4.0,1112713534
100,1407,4.0,1100185876
105,1407,4.0,1448214382
111,1407,0.5,1518640778
115,1407,5.0,944952139
116,1407,3.5,1337200215
128,1407,4.0,899032493
132,1407,2.0,1157967944
135,1407,4.0,1009691207
144,1407,4.0,1137324023
163,1407,3.0,894217532
169,1407,4.0,1078284845
177,1407,4.0,1435534237
182,1407,3.5,1055153216
195,1407,3.0,974705838
225,1407,4.0,949261330
226,1407,4.0,1095662927
230,1407,3.0,1196305169
264,1407,3.5,1136978237
274,1407,3.0,1171491472
286,1407,3.0,1119562001
287,1407,2.5,1110231226
297,1407,1.0,900872213
304,1407,5.0,910520724
307,1407,0.5,1186161619
311,1407,1.5,1057854301
312,1407,3.0,1043176191
354,1407,4.0,1200870846
357,1407,3.5,1348612303
360,1407,4.0,884997534
368,1407,3.0,971275527
372,1407,3.0,874414410
380,1407,2.0,1493419881
414,1407,4.0,961682008
419,1407,4.0,1321757486
424,1407,3.5,1457902023
425,1407,3.0,1085490364
434,1407,3.0,1271039458
452,1407,5.0,1013397945
453,1407,1.0,972623051
456,1407,5.0,856883668
474,1407,4.0,1004131306
480,1407,3.0,1179178067
481,1407,2.0,884773369
483,1407,2.5,1181496686
484,1407,3.5,1342296340
489,1407,2.0,1333101727
492,1407,5.0,863976722
514,1407,3.0,1533874617
527,1407,3.0,1033174253
542,1407,1.0,1163387841
561,1407,3.5,1491095492
570,1407,2.5,1181478176
571,1407,5.0,966900418
573,1407,4.5,1187044917
590,1407,2.5,1258421009
594,1407,0.5,1108950844
599,1407,2.5,1498517178
600,1407,3.0,1237713436
603,1407,5.0,953925657
607,1407,5.0,963079508
608,1407,3.0,1117504442
1,1408,3.0,964982310
11,1408,5.0,902154383
29,1408,5.0,1405816272
39,1408,4.0,974789432
64,1408,5.0,1161529268
68,1408,5.0,1158533126
84,1408,4.0,858772779
91,1408,4.0,1112712186
104,1408,3.0,1050049986
140,1408,4.0,1055092389
156,1408,4.0,946799147
177,1408,2.5,1435890813
182,1408,2.5,1064434920
183,1408,4.0,992331493
222,1408,3.5,1391353454
234,1408,3.0,1004408151
244,1408,5.0,975090740
249,1408,4.0,1347017964
250,1408,4.5,1121217462
274,1408,3.0,1171944123
288,1408,3.0,976139738
304,1408,3.0,891173528
312,1408,4.0,1043177268
323,1408,2.5,1422640478
368,1408,3.0,971274725
372,1408,5.0,874416908
385,1408,4.0,865025452
391,1408,4.0,1031030726
414,1408,5.0,961512495
438,1408,5.0,1105649763
448,1408,2.0,1019124306
467,1408,3.0,919672315
474,1408,4.0,1122395776
480,1408,5.0,1179162599
489,1408,4.0,1334171218
561,1408,4.5,1491092929
572,1408,3.0,945888306
580,1408,3.5,1167792617
599,1408,4.0,1498500371
90,1411,5.0,856354329
138,1411,1.5,1222676125
146,1411,3.0,1312507759
160,1411,5.0,971619994
177,1411,5.0,1435535279
182,1411,5.0,1054780389
199,1411,4.0,940372462
287,1411,3.5,1110231233
372,1411,5.0,874415021
375,1411,5.0,1225230702
474,1411,4.0,1047054317
573,1411,3.0,1186588695
593,1411,4.0,1181007196
599,1411,4.0,1498498649
605,1411,3.0,1277094813
606,1411,4.0,1171237106
474,1413,4.5,1100119854
603,1413,4.0,963179201
57,1416,3.0,972175478
68,1416,1.5,1261624171
90,1416,4.0,856354288
169,1416,4.0,1070250325
357,1416,4.5,1348609851
359,1416,3.0,1192499568
372,1416,2.0,874414409
420,1416,4.0,1218040081
432,1416,4.5,1315242346
474,1416,2.0,1047043416
554,1416,5.0,944900489
606,1416,3.5,1171501592
474,1423,4.0,1238350606
19,1441,3.0,965706438
53,1441,5.0,1237748056
57,1441,2.0,972174939
100,1441,4.5,1100184416
132,1441,3.0,1157922314
140,1441,4.0,949667353
199,1441,1.0,940380923
294,1441,4.0,966595946
307,1441,4.0,1187191554
356,1441,4.0,1228072671
414,1441,3.0,961438688
426,1441,5.0,1451081087
460,1441,3.5,1359176091
474,1441,3.0,1047054453
480,1441,3.0,1179179410
555,1441,4.0,978747097
562,1441,4.5,1368896677
580,1441,3.0,1167792405
599,1441,2.5,1519172097
33,1446,5.0,939648134
85,1446,4.0,889466953
105,1446,4.5,1448210342
160,1446,4.0,971115026
198,1446,5.0,1034136085
290,1446,4.0,975031312
606,1446,4.5,1171818537
4,1449,5.0,945079767
66,1449,4.5,1099187600
85,1449,4.0,889467953
135,1449,4.0,1009691859
182,1449,4.0,1054784032
195,1449,3.0,997156781
221,1449,5.0,1119984570
253,1449,4.5,1286642640
260,1449,3.5,1109410912
275,1449,3.0,1049076522
313,1449,5.0,1030557292
330,1449,3.0,1285903328
357,1449,5.0,1348609821
387,1449,3.0,1094876333
474,1449,4.0,1056115380
477,1449,4.0,1263224869
480,1449,4.0,1179179328
514,1449,4.0,1533946074
555,1449,3.0,978746187
593,1449,3.0,1181007223
597,1449,5.0,940361972
599,1449,3.5,1498798194
600,1449,4.0,1237759830
603,1449,2.0,963178147
4,1466,4.0,945173492
17,1466,3.0,1322629229
18,1466,4.0,1476901312
28,1466,3.0,1234570448
42,1466,4.0,996218645
64,1466,4.0,1161559960
68,1466,3.5,1268848948
103,1466,4.5,1431957801
105,1466,4.5,1447574276
113,1466,3.0,980051341
166,1466,4.0,1188924940
182,1466,4.5,1055153993
187,1466,4.0,1161849859
195,1466,4.0,974709770
199,1466,3.0,1023654764
221,1466,4.0,1119984539
222,1466,2.5,1391349980
239,1466,4.0,1221159416
266,1466,5.0,944981273
275,1466,3.0,1049078858
282,1466,4.5,1378491710
295,1466,4.0,1320064382
298,1466,2.0,1476641403
304,1466,5.0,881233187
305,1466,3.5,1518767888
313,1466,3.0,1030557900
317,1466,5.0,1430517250
318,1466,4.0,1419076660
339,1466,4.0,1460517435
352,1466,4.0,1493673687
356,1466,4.0,1232431150
368,1466,3.0,975805278
369,1466,3.5,1237082089
391,1466,3.0,1032389940
414,1466,3.0,961517141
425,1466,4.0,1085491007
434,1466,3.5,1270603997
450,1466,4.0,974704538
462,1466,3.5,1123893731
469,1466,3.0,965336695
474,1466,4.0,975172958
480,1466,4.5,1179161519
510,1466,2.0,1141158985
531,1466,4.0,1032961510
553,1466,5.0,1219558102
555,1466,4.0,978744464
585,1466,4.5,1307417768
596,1466,3.0,1535833939
599,1466,3.0,1498521678
603,1466,3.0,963179585
606,1466,4.0,1171361055
608,1466,4.5,1117162464
19,1474,2.0,965707137
27,1474,3.0,962685802
42,1474,2.0,996256020
217,1474,1.0,955945372
274,1474,2.5,1172024325
307,1474,1.5,1186172323
372,1474,2.0,874414588
474,1474,2.0,1046888155
477,1474,2.5,1201158785
492,1474,4.0,863976962
590,1474,1.0,1258417674
19,1485,3.0,965707044
36,1485,0.5,1100803422
41,1485,3.0,1459368587
42,1485,4.0,996214731
45,1485,4.0,951170390
48,1485,4.0,1127128655
64,1485,3.0,1161519687
68,1485,3.5,1158533634
82,1485,3.5,1084521253
89,1485,2.5,1520408483
91,1485,2.5,1112713644
111,1485,3.5,1516156299
132,1485,2.5,1157922857
141,1485,2.5,1513131913
144,1485,3.0,1137324112
153,1485,0.5,1525552506
156,1485,3.0,946800455
163,1485,3.0,894217532
198,1485,4.0,1034134297
200,1485,3.5,1229886995
202,1485,4.0,974924123
219,1485,1.5,1194681335
222,1485,2.0,1391374528
226,1485,3.0,1196229434
230,1485,3.0,1196305027
239,1485,2.5,1221158789
249,1485,3.5,1354107346
263,1485,2.0,941590842
266,1485,2.0,945669397
274,1485,3.5,1171491498
280,1485,2.5,1348532428
287,1485,0.5,1110228283
288,1485,4.0,1079984539
304,1485,4.0,878039260
307,1485,3.0,1186161634
316,1485,3.0,1111493441
317,1485,2.0,1430517356
330,1485,1.5,1285905438
360,1485,3.0,884997587
361,1485,3.5,1204047885
367,1485,3.0,997812532
380,1485,4.0,1494803493
381,1485,3.5,1165975973
414,1485,3.0,961438957
434,1485,2.0,1271039097
438,1485,3.5,1105827017
448,1485,2.5,1198865886
453,1485,4.0,1005967049
469,1485,3.0,965425762
474,1485,3.0,978576348
477,1485,2.0,1200941244
479,1485,4.0,1039367736
480,1485,2.5,1179178088
481,1485,2.0,884773814
489,1485,1.5,1333101705
491,1485,5.0,1522962980
492,1485,5.0,863976781
495,1485,4.5,1458636139
520,1485,4.0,1326681934
523,1485,4.5,1503126457
534,1485,3.5,1465036544
557,1485,4.5,1453233004
560,1485,3.0,1469648455
561,1485,3.0,1491094455
570,1485,3.0,1181478252
573,1485,5.0,1186590089
586,1485,4.0,1529901607
590,1485,2.5,1258422073
597,1485,2.0,941558874
599,1485,2.5,1498516137
600,1485,3.5,1237715328
606,1485,2.5,1171814422
608,1485,3.0,1117408328
610,1485,3.0,1479544711
474,1496,4.0,1087832418
1,1500,4.0,964980985
4,1500,4.0,964622830
19,1500,2.0,965705962
33,1500,4.0,939719185
36,1500,2.0,1100803341
39,1500,4.0,974789727
42,1500,5.0,996218348
45,1500,3.0,951170182
51,1500,5.0,1230932420
57,1500,3.0,965796941
66,1500,4.5,1093747726
68,1500,2.5,1158532519
91,1500,3.0,1112713581
100,1500,4.5,1100185854
140,1500,5.0,942842565
166,1500,5.0,1188774658
167,1500,3.5,1154722979
182,1500,2.0,1054779640
194,1500,3.5,1110316605
199,1500,3.0,943698653
200,1500,5.0,1229887046
202,1500,5.0,974923806
215,1500,3.0,1260909344
219,1500,2.5,1200977934
249,1500,4.0,1348268454
257,1500,2.0,1141625608
260,1500,4.5,1109408309
263,1500,3.0,940384880
266,1500,3.0,945669246
274,1500,3.5,1248337371
275,1500,5.0,1049076555
283,1500,2.0,901228155
287,1500,2.0,1110230013
288,1500,3.0,1034954703
294,1500,4.0,966595113
304,1500,4.0,883951827
307,1500,2.5,1186161752
313,1500,4.0,1030557781
330,1500,2.5,1285905590
356,1500,5.0,1229140068
357,1500,2.5,1348610465
368,1500,3.0,975827633
369,1500,4.5,1237081565
370,1500,3.5,1159161759
381,1500,4.0,1165976012
410,1500,2.0,990910542
414,1500,5.0,961438292
425,1500,2.5,1085490440
428,1500,3.0,1111487432
438,1500,4.0,1105649561
469,1500,4.0,965336739
474,1500,4.0,978576081
480,1500,3.5,1179162061
522,1500,4.5,1388124784
555,1500,4.0,978746326
562,1500,4.0,1368893683
597,1500,5.0,941559341
603,1500,4.0,963178236
608,1500,4.0,1117336725
42,1513,3.0,996262592
57,1513,4.0,965797341
64,1513,4.0,1161565629
68,1513,3.5,1158535043
95,1513,3.0,1043340210
104,1513,3.0,1048587616
111,1513,3.0,1518903920
156,1513,3.0,946799943
177,1513,4.5,1435891009
195,1513,1.0,1008558215
197,1513,3.0,947461058
199,1513,2.5,1094309629
200,1513,3.5,1229888241
215,1513,2.0,1260905482
249,1513,2.5,1440669077
288,1513,3.0,1020191629
307,1513,1.5,1186162447
313,1513,4.0,1030558439
342,1513,2.0,1042822202
357,1513,3.5,1348628126
409,1513,4.0,968978414
414,1513,3.0,961436997
438,1513,1.5,1105667295
474,1513,3.0,1046887465
484,1513,4.0,1342297491
520,1513,4.0,1326610438
596,1513,3.5,1535834077
603,1513,3.0,953926273
608,1513,0.5,1117504704
33,1537,4.0,939646982
83,1537,2.0,1332838045
188,1537,4.0,962559740
202,1537,4.0,974923506
222,1537,3.0,1391346781
260,1537,4.0,1109409368
263,1537,4.0,940384059
309,1537,4.5,1126452226
381,1537,3.5,1164382329
412,1537,4.0,939114177
474,1537,4.0,978575690
563,1537,3.5,1440793768
603,1537,5.0,953924711
19,1542,2.0,965706232
33,1542,4.0,939716676
182,1542,4.5,1063285996
275,1542,3.0,1049076773
414,1542,4.0,961438327
555,1542,4.0,978746676
606,1542,4.5,1171760058
18,1544,3.5,1455735715
19,1544,1.0,965704033
21,1544,4.5,1418846999
44,1544,1.0,869252752
57,1544,2.0,965798485
68,1544,2.0,1158532643
71,1544,3.0,864738453
82,1544,3.5,1084468259
91,1544,3.0,1112712229
111,1544,2.0,1518640783
116,1544,4.5,1337200350
129,1544,4.0,1167377553
135,1544,1.0,1009691445
149,1544,1.0,902085078
177,1544,2.5,1435534418
182,1544,3.5,1055153656
186,1544,4.0,1031080284
217,1544,3.0,955940927
219,1544,3.0,1194932319
226,1544,1.5,1160003791
232,1544,3.5,1218165603
249,1544,3.5,1440669121
274,1544,1.5,1171758807
279,1544,4.0,1506394668
288,1544,3.0,974759497
292,1544,4.0,990062737
304,1544,3.0,880248920
307,1544,2.0,1189529191
312,1544,3.0,1043176981
318,1544,3.5,1256504676
325,1544,2.0,1039399042
328,1544,1.0,1494211265
352,1544,3.0,1493673618
359,1544,3.0,1198113176
368,1544,2.0,971273874
380,1544,4.0,1493667555
381,1544,3.0,1167542430
382,1544,3.5,1515173165
385,1544,3.0,865023780
414,1544,2.0,961515354
425,1544,2.5,1085476552
428,1544,2.0,1111523279
448,1544,2.0,1032164659
450,1544,4.0,974705331
469,1544,1.0,965334893
474,1544,1.0,974666859
477,1544,3.0,1200941238
479,1544,2.0,1039362324
480,1544,2.0,1179178351
483,1544,2.0,1178294190
514,1544,3.0,1534086181
527,1544,3.0,1033175993
534,1544,3.5,1459787997
546,1544,1.0,973588665
551,1544,2.0,1504925535
552,1544,3.0,1111473282
555,1544,4.0,978744803
559,1544,3.0,865095647
561,1544,2.5,1491091586
579,1544,3.0,958882002
580,1544,3.0,1167860692
587,1544,5.0,953142242
590,1544,3.0,1258421215
597,1544,3.0,941729862
599,1544,2.5,1498516489
607,1544,4.0,963080436
608,1544,3.5,1117504496
33,1545,5.0,939715414
474,1545,4.0,1130961769
19,1569,3.0,965706683
41,1569,2.0,1458939387
45,1569,4.0,951170473
64,1569,2.5,1161559738
66,1569,4.5,1113190134
68,1569,3.0,1158533722
104,1569,4.5,1053336412
111,1569,3.5,1516155051
113,1569,4.0,980051922
116,1569,3.5,1337195952
159,1569,3.0,1508641228
169,1569,4.5,1078285130
200,1569,4.5,1229887705
201,1569,4.0,939226522
249,1569,3.0,1355677394
280,1569,4.0,1348435606
283,1569,2.0,901228364
304,1569,3.0,897214277
354,1569,4.0,1200953483
367,1569,4.0,997812483
382,1569,3.5,1515174770
414,1569,4.0,961438822
453,1569,5.0,1005967174
474,1569,4.0,1100119621
483,1569,3.0,1327277620
484,1569,4.5,1342297076
489,1569,3.5,1332775077
490,1569,2.5,1324370387
525,1569,4.0,1476477659
555,1569,4.0,978746739
572,1569,4.0,946486946
579,1569,5.0,958880188
590,1569,2.5,1258419856
594,1569,4.5,1129084140
595,1569,2.0,938807076
596,1569,3.0,1535833946
597,1569,3.0,941559139
600,1569,2.5,1237708409
603,1569,1.0,954482630
606,1569,4.0,1171365318
1,1573,5.0,964982290
11,1573,3.0,902154542
19,1573,4.0,965703727
21,1573,2.5,1452052059
42,1573,4.0,996218871
45,1573,5.0,950740839
57,1573,2.0,965798759
59,1573,5.0,953609098
68,1573,3.0,1158532225
82,1573,4.0,1084468108
91,1573,3.0,1112713506
129,1573,3.5,1167375444
135,1573,4.0,1009690990
140,1573,3.0,951163606
144,1573,3.0,1137323987
160,1573,1.0,971115213
164,1573,3.0,999708325
165,1573,3.0,1046741213
177,1573,3.5,1435890655
182,1573,3.5,1054782226
186,1573,4.0,1031080088
195,1573,3.0,974705903
198,1573,4.0,1034138064
201,1573,4.0,941211302
217,1573,2.0,955940625
219,1573,3.0,1194932043
226,1573,2.5,1095662887
230,1573,3.5,1196304895
234,1573,4.0,1004408226
239,1573,3.0,1221158676
244,1573,2.0,975093266
249,1573,4.0,1354225681
265,1573,2.0,965315025
266,1573,4.0,945670207
274,1573,4.0,1171511544
286,1573,3.5,1119561997
288,1573,2.0,975692084
292,1573,2.0,1483193952
297,1573,4.0,900872022
301,1573,4.5,1211378679
304,1573,4.0,897241738
312,1573,3.0,1043176716
325,1573,4.0,1039396740
330,1573,0.5,1285905431
332,1573,4.0,1352671652
354,1573,4.0,1200870911
356,1573,4.0,1229143391
368,1573,3.0,971275771
380,1573,5.0,1493667527
391,1573,1.0,1030826940
414,1573,3.0,961514893
418,1573,0.5,1461868528
419,1573,3.5,1367706583
425,1573,3.0,1085490325
438,1573,4.0,1105668400
448,1573,3.0,1019133014
452,1573,5.0,1013396235
453,1573,5.0,1005967944
465,1573,3.0,959896270
474,1573,4.5,1100291472
480,1573,3.5,1179177918
482,1573,4.0,1105396840
483,1573,2.5,1181496757
489,1573,3.0,1332773150
493,1573,4.0,1001562873
555,1573,5.0,978841598
561,1573,2.5,1491091349
570,1573,2.5,1181478144
573,1573,4.5,1248842087
577,1573,3.0,945967093
579,1573,5.0,958881915
597,1573,3.0,941729029
599,1573,3.5,1498542438
600,1573,2.5,1237715321
603,1573,5.0,963177645
608,1573,2.5,1117415355
610,1573,3.5,1479541990
1,1580,3.0,964981125
4,1580,3.0,986935244
18,1580,3.5,1455748435
19,1580,2.0,965703698
21,1580,4.5,1407617833
24,1580,4.0,1458941715
27,1580,3.0,962686758
28,1580,3.0,1234516117
33,1580,3.0,939718916
34,1580,2.5,1162048827
42,1580,4.0,996214503
45,1580,3.0,950740871
47,1580,1.5,1496209799
48,1580,5.0,1127128859
50,1580,2.5,1514237995
51,1580,5.0,1230929254
57,1580,4.0,965797070
59,1580,3.0,953609283
62,1580,3.0,1521822333
63,1580,2.0,1443201093
64,1580,3.5,1161520051
67,1580,4.0,1501273559
68,1580,4.0,1158531346
69,1580,4.0,1021645562
79,1580,4.0,975282111
82,1580,4.0,1084467870
89,1580,1.5,1520408311
91,1580,3.5,1112711168
93,1580,5.0,942767007
100,1580,4.0,1100185878
104,1580,3.0,1048586389
111,1580,3.0,1516140709
115,1580,4.0,944953431
119,1580,4.0,1437815683
125,1580,4.0,1474569886
135,1580,4.0,1009691695
137,1580,3.5,1204859475
140,1580,3.0,1024051464
141,1580,3.5,1513130713
144,1580,3.5,1137323667
149,1580,2.0,902084716
153,1580,0.5,1525552893
154,1580,3.5,1486297224
155,1580,4.0,965939614
156,1580,3.0,946799679
160,1580,2.0,971114112
164,1580,5.0,999708390
166,1580,4.0,1189038002
167,1580,3.5,1154721789
169,1580,3.5,1059428179
172,1580,3.5,1291065645
177,1580,3.5,1435890494
182,1580,2.5,1054779951
183,1580,4.0,992331667
186,1580,4.0,1031079788
187,1580,2.0,1161864061
198,1580,4.0,1034135628
199,1580,4.0,940456621
200,1580,4.0,1229885975
201,1580,4.0,939821323
202,1580,4.0,974921336
217,1580,5.0,955940584
219,1580,3.0,1194740518
220,1580,5.0,1230055820
226,1580,3.5,1095662736
230,1580,3.5,1196304359
232,1580,3.5,1218165957
233,1580,3.0,1529334057
234,1580,4.0,1004408134
237,1580,4.5,1411233566
239,1580,4.0,1221158099
244,1580,4.0,975091789
249,1580,4.5,1353792037
254,1580,2.5,1180446506
263,1580,3.0,1026158665
264,1580,4.5,1136978772
265,1580,3.0,965314867
266,1580,3.0,945669431
268,1580,3.0,940182657
272,1580,4.0,1532266252
274,1580,3.0,1171428362
275,1580,3.0,1049076587
280,1580,3.5,1348532045
282,1580,4.0,1378495309
283,1580,4.0,901228155
286,1580,3.0,1119563030
288,1580,4.0,975691479
292,1580,4.0,973817166
294,1580,4.0,966595245
298,1580,3.0,1450441401
303,1580,5.0,1053303260
304,1580,5.0,882058232
307,1580,2.0,1186161017
313,1580,4.0,1030474810
318,1580,4.0,1254132836
322,1580,3.5,1217676294
330,1580,4.0,1285905069
334,1580,3.5,1225480904
339,1580,2.0,1460182455
352,1580,2.5,1493673490
354,1580,3.5,1200870190
355,1580,4.0,974965636
357,1580,3.5,1348612069
359,1580,2.0,1198112158
361,1580,3.5,1204047900
367,1580,4.0,997812260
368,1580,3.0,971273448
369,1580,1.0,1237081508
376,1580,4.0,1364958569
380,1580,5.0,1493473986
381,1580,4.0,1164877326
391,1580,2.0,1030826899
399,1580,0.5,1167220388
401,1580,2.0,1514347123
414,1580,4.0,961438437
415,1580,3.5,1382470352
416,1580,2.0,1187496482
420,1580,3.5,1218207686
425,1580,3.5,1085477551
428,1580,1.5,1111525503
434,1580,3.5,1270604388
438,1580,4.0,1105664207
448,1580,4.0,1019124455
450,1580,3.0,974705093
452,1580,4.0,1013395144
453,1580,4.0,972621867
462,1580,4.0,1154037785
469,1580,3.0,965334076
474,1580,4.5,1100119838
475,1580,5.0,1498031593
477,1580,4.0,1200939760
480,1580,3.5,1179177734
483,1580,2.0,1178293293
484,1580,3.5,1342295777
489,1580,3.0,1334170377
495,1580,3.5,1458635792
500,1580,4.0,1005528065
517,1580,3.0,1487957663
520,1580,5.0,1326609091
522,1580,4.0,1253344758
532,1580,5.0,1025523815
534,1580,4.0,1459787997
542,1580,3.5,1163386854
543,1580,5.0,1377022838
555,1580,2.0,978746874
557,1580,3.0,1452874619
559,1580,5.0,868277238
560,1580,4.0,1469648432
561,1580,3.0,1491091035
570,1580,4.0,1181477315
573,1580,4.5,1187044783
577,1580,3.0,945965825
579,1580,4.0,958881895
580,1580,4.0,1167792444
586,1580,5.0,1529900271
587,1580,4.0,953138475
590,1580,3.5,1258420589
593,1580,1.5,1181007882
594,1580,4.5,1109036895
597,1580,3.0,941558308
599,1580,3.0,1498525900
603,1580,4.0,963177406
606,1580,2.5,1171310310
607,1580,3.0,963079043
608,1580,3.5,1117490704
11,1586,4.0,902154487
68,1586,3.5,1158535850
72,1586,3.0,1217323459
156,1586,3.0,946799180
160,1586,1.0,971115887
202,1586,3.0,974919155
217,1586,4.0,955940793
232,1586,2.5,1218169853
237,1586,3.0,1411233956
244,1586,4.0,975093513
268,1586,2.0,940182832
295,1586,2.0,1320064451
307,1586,2.0,1186163104
372,1586,3.0,874414449
375,1586,3.5,1225230673
406,1586,3.0,1296959286
474,1586,2.0,1047054923
481,1586,3.0,884773814
597,1586,4.0,941729405
600,1586,1.0,1237759820
606,1586,2.5,1171837783
608,1586,2.5,1117504936
11,1608,4.0,902154316
18,1608,3.0,1455735712
28,1608,2.0,1242290718
42,1608,4.0,996220054
45,1608,4.0,1121724850
51,1608,3.0,1230929633
57,1608,3.0,969754509
68,1608,3.0,1158532542
82,1608,3.5,1084468209
91,1608,3.0,1112713672
140,1608,3.0,949667202
163,1608,4.0,894217570
182,1608,2.5,1054782330
199,1608,3.0,940372592
200,1608,3.0,1229887335
217,1608,4.0,955940741
219,1608,3.5,1194681145
230,1608,2.5,1196305204
232,1608,3.5,1218166335
238,1608,4.0,1007932042
249,1608,3.0,1355367105
274,1608,3.5,1171943731
279,1608,4.0,1506394615
292,1608,4.0,1301252659
297,1608,3.0,900872180
304,1608,4.0,887497626
305,1608,3.0,1518198078
313,1608,4.0,1030556471
322,1608,3.5,1217676823
325,1608,2.0,1039399280
352,1608,4.0,1493673624
354,1608,3.5,1200870943
360,1608,5.0,884997534
368,1608,3.0,971276901
372,1608,3.0,874414409
414,1608,3.0,961515975
425,1608,3.0,1085490437
428,1608,3.0,1111623930
438,1608,3.5,1105670461
448,1608,3.0,1019132896
452,1608,5.0,1019580899
465,1608,4.0,959896357
474,1608,3.0,974667676
481,1608,4.0,884773846
483,1608,3.0,1215895294
489,1608,1.5,1332773663
495,1608,4.0,1458636094
551,1608,4.0,1504925526
555,1608,3.0,978748415
561,1608,2.5,1491094346
579,1608,5.0,958882188
590,1608,3.0,1258418193
594,1608,4.5,1109038119
597,1608,3.0,940420917
599,1608,2.5,1498518408
600,1608,2.5,1237709414
605,1608,3.0,1277096132
608,1608,3.0,1117674924
7,1610,4.0,1106635429
19,1610,3.0,965710871
28,1610,4.5,1234515687
33,1610,3.0,939646982
39,1610,4.0,974788126
42,1610,4.0,996218063
45,1610,4.0,950741569
57,1610,4.0,965796793
59,1610,4.0,953609121
62,1610,4.0,1521489883
66,1610,3.5,1093748030
68,1610,3.0,1158532138
69,1610,4.0,1021644946
75,1610,4.0,1158989841
79,1610,5.0,975281975
91,1610,4.5,1112712179
96,1610,4.0,964772847
103,1610,3.5,1431957286
115,1610,5.0,958574203
135,1610,3.0,1009691144
140,1610,5.0,949666998
160,1610,3.0,971115082
182,1610,4.0,1054783775
183,1610,5.0,992331344
199,1610,5.0,1070938417
200,1610,4.0,1229886301
202,1610,4.0,974918588
208,1610,3.0,940639452
217,1610,5.0,955935939
221,1610,3.0,1111175981
222,1610,3.5,1391350065
239,1610,4.0,1221158438
244,1610,5.0,975090685
246,1610,3.0,1354134476
263,1610,4.0,940384622
266,1610,5.0,945670079
275,1610,4.0,1049079562
282,1610,4.0,1378495583
288,1610,3.0,978465510
292,1610,4.0,1265679550
297,1610,3.0,900871829
304,1610,5.0,891173614
305,1610,5.0,1460135948
313,1610,3.0,1030476239
318,1610,2.5,1256504454
322,1610,3.0,1217676511
325,1610,4.0,1039396702
328,1610,2.5,1494211668
330,1610,3.5,1285905311
334,1610,4.0,1234630256
354,1610,3.5,1200869983
356,1610,4.0,1229143257
365,1610,0.5,1488332796
368,1610,5.0,971275527
369,1610,2.5,1237081499
372,1610,4.0,874415865
375,1610,4.5,1225314353
376,1610,4.0,1364994463
380,1610,4.0,1493474432
387,1610,3.0,1095116423
391,1610,4.0,1030944221
393,1610,5.0,1430506324
412,1610,5.0,939114613
414,1610,5.0,1023113943
425,1610,3.5,1085477809
432,1610,3.5,1316391033
448,1610,4.0,1019124211
452,1610,4.0,1019581177
453,1610,3.0,972621757
464,1610,5.0,1325589707
465,1610,4.0,959896143
469,1610,3.0,965333973
474,1610,4.0,974667355
480,1610,4.5,1179162264
482,1610,4.0,1105395987
514,1610,4.5,1533872420
517,1610,0.5,1487957815
520,1610,4.0,1326610725
532,1610,5.0,1025523745
552,1610,4.5,1111472923
570,1610,3.5,1181477814
572,1610,5.0,946485894
586,1610,4.5,1529900158
590,1610,4.5,1258419652
596,1610,3.5,1535827470
597,1610,5.0,940420917
599,1610,3.0,1498522032
606,1610,3.5,1171755490
607,1610,4.0,963080063
608,1610,3.0,1117504389
1,1617,5.0,964982951
4,1617,2.0,945079837
7,1617,3.0,1107127060
16,1617,3.5,1377477542
18,1617,4.0,1459375071
19,1617,4.0,965710565
23,1617,3.5,1107341560
28,1617,3.0,1235975955
29,1617,5.0,1315262432
33,1617,5.0,939646982
36,1617,4.5,1100803546
39,1617,2.0,974788030
42,1617,2.0,996218105
57,1617,5.0,965796495
59,1617,4.0,953609611
63,1617,4.0,1443201182
64,1617,4.0,1161520235
68,1617,3.5,1158531959
74,1617,4.5,1207502523
91,1617,2.5,1112713017
95,1617,4.0,1043339335
96,1617,5.0,964772972
105,1617,4.5,1447586598
113,1617,5.0,980307528
115,1617,4.0,944950887
124,1617,4.0,1336584445
128,1617,3.0,899032461
131,1617,4.0,1349840439
140,1617,4.0,942841270
156,1617,5.0,939897861
163,1617,3.0,894217532
166,1617,4.5,1188774620
168,1617,4.5,1306802586
182,1617,3.5,1054780241
187,1617,4.0,1161850261
198,1617,4.0,1034136028
199,1617,5.0,940372304
202,1617,4.0,974924628
215,1617,4.0,1260908909
216,1617,5.0,974733402
217,1617,3.0,955942837
219,1617,4.5,1194686002
221,1617,5.0,1118246683
249,1617,4.5,1410001857
254,1617,4.5,1180446570
263,1617,5.0,940383959
266,1617,4.0,948587585
275,1617,4.0,1049078088
288,1617,4.5,1079984490
290,1617,4.0,975031129
293,1617,3.0,1044870730
294,1617,3.0,966597387
297,1617,4.0,900871829
305,1617,4.0,1495908511
307,1617,3.5,1187025727
312,1617,4.0,1043177460
317,1617,4.0,1430364913
322,1617,3.5,1217677631
332,1617,4.0,1352671790
339,1617,5.0,1460182958
343,1617,4.0,1202061345
346,1617,3.5,1094646198
360,1617,5.0,884997491
362,1617,4.0,1530637301
368,1617,4.0,971275360
380,1617,5.0,1493420021
387,1617,4.5,1094876266
391,1617,4.0,1030944152
405,1617,4.0,1295917372
412,1617,5.0,939114687
414,1617,5.0,961681714
422,1617,4.0,986173215
425,1617,3.5,1114173732
438,1617,5.0,1105654624
448,1617,4.0,1019132316
452,1617,5.0,1013394501
453,1617,4.0,972621207
462,1617,4.0,1121922427
464,1617,5.0,1325590119
465,1617,5.0,959895821
469,1617,5.0,965335217
474,1617,5.0,988926266
481,1617,5.0,884773369
489,1617,4.5,1332772334
495,1617,4.5,1458635365
514,1617,4.0,1534051774
517,1617,0.5,1487953344
522,1617,3.5,1301727602
552,1617,4.5,1112151181
580,1617,4.0,1167791109
590,1617,3.5,1258420649
593,1617,4.0,1181007796
597,1617,5.0,941728717
599,1617,3.5,1498501740
600,1617,3.0,1237715075
603,1617,5.0,953925050
608,1617,3.0,1117407997
1,1625,5.0,964983504
18,1625,3.5,1476823531
19,1625,4.0,965710871
28,1625,2.0,1242032374
42,1625,4.0,996218017
48,1625,4.5,1127128739
59,1625,5.0,953610555
64,1625,3.0,1161521622
66,1625,4.5,1099187514
68,1625,2.0,1158532719
80,1625,4.5,1377308153
88,1625,3.5,1331421490
96,1625,4.0,964774008
118,1625,4.0,944924731
125,1625,5.0,1474375054
129,1625,4.0,1167377597
135,1625,3.0,1009691207
163,1625,4.0,894217570
182,1625,4.5,1055153106
198,1625,2.0,1034139049
199,1625,2.0,940372513
202,1625,3.0,974924851
218,1625,2.0,1111624908
219,1625,3.5,1194686758
237,1625,4.5,1410632299
239,1625,4.5,1221158933
246,1625,5.0,1354124890
247,1625,3.0,1467646407
249,1625,4.5,1410001745
261,1625,3.5,1404881564
268,1625,3.0,940182580
275,1625,5.0,1049078987
286,1625,4.0,1119561408
298,1625,1.5,1447619955
305,1625,2.5,1460135974
313,1625,5.0,1030476219
318,1625,3.5,1433139439
322,1625,5.0,1217676817
325,1625,4.0,1039397243
332,1625,3.5,1352671796
334,1625,3.0,1225476620
336,1625,3.5,1120568104
339,1625,4.0,1460354557
346,1625,2.5,1094645736
352,1625,4.5,1493673572
354,1625,3.5,1200869913
360,1625,5.0,884997491
362,1625,4.0,1530637473
368,1625,4.0,971275527
369,1625,4.5,1237082077
393,1625,3.0,1430506286
396,1625,3.5,1111688470
405,1625,4.0,1295910873
414,1625,4.0,961437391
417,1625,4.5,1532134155
424,1625,4.5,1457845231
425,1625,4.0,1085490749
431,1625,4.0,1267051759
432,1625,4.5,1328050262
464,1625,5.0,1275549320
465,1625,4.0,959896143
469,1625,4.0,965336345
474,1625,4.0,979180293
480,1625,2.0,1179161901
483,1625,4.0,1178211451
484,1625,2.5,1342294867
502,1625,0.5,1111757282
514,1625,2.5,1533872597
520,1625,4.0,1326609718
562,1625,4.5,1368893687
570,1625,4.0,1181478692
573,1625,4.5,1341798424
580,1625,4.0,1167790419
599,1625,2.5,1498517373
603,1625,1.0,963176362
607,1625,5.0,964744168
608,1625,4.0,1147794853
68,1635,3.0,1261623455
74,1635,4.5,1207499263
85,1635,4.0,889466979
132,1635,3.0,1157979238
182,1635,4.5,1054780575
195,1635,2.0,1008558673
199,1635,3.0,946223222
275,1635,5.0,1049078947
278,1635,5.0,1193753210
332,1635,3.0,1352671046
410,1635,4.0,990728321
414,1635,4.0,961517053
474,1635,4.0,1123258150
597,1635,5.0,940362325
599,1635,3.0,1498521686
603,1635,5.0,953925131
606,1635,4.0,1173570165
33,1643,3.0,939654896
57,1643,4.0,972172873
85,1643,5.0,889466918
202,1643,4.0,975013445
474,1643,3.0,1089386695
19,1645,2.0,965711014
28,1645,2.5,1242033151
42,1645,4.0,996219340
51,1645,5.0,1230932402
62,1645,5.0,1522189770
64,1645,2.5,1161529243
68,1645,4.0,1158533232
69,1645,4.0,1021643629
82,1645,2.0,1084463816
91,1645,3.0,1112712216
113,1645,1.0,980307560
115,1645,4.0,957648208
160,1645,3.0,971196111
182,1645,4.5,1055153236
198,1645,5.0,1034139094
199,1645,2.0,954193151
202,1645,3.0,974924954
217,1645,3.0,955942978
219,1645,3.5,1200978042
239,1645,4.0,1221866570
246,1645,4.0,1354125095
274,1645,3.5,1171944227
282,1645,4.0,1378498441
297,1645,3.0,900871989
305,1645,2.5,1522360004
307,1645,4.0,1200150380
309,1645,1.0,1086563547
318,1645,3.0,1419076588
332,1645,3.5,1352672578
354,1645,3.5,1200953160
362,1645,5.0,1530641485
368,1645,3.0,975828061
391,1645,2.0,1030944454
414,1645,3.0,961681927
425,1645,4.0,1085490827
428,1645,3.5,1111623203
432,1645,4.0,1315243499
448,1645,3.0,1019132423
452,1645,4.0,1013398024
474,1645,2.0,1047054889
480,1645,3.0,1179178679
483,1645,3.5,1327277484
495,1645,5.0,1458635970
522,1645,4.5,1297482493
542,1645,5.0,1163388050
586,1645,3.5,1529899386
590,1645,3.0,1258419842
599,1645,3.0,1498525684
603,1645,3.0,953925740
606,1645,3.5,1191361322
608,1645,4.5,1117336840
474,1650,4.0,1060105233
606,1650,3.5,1171825433
15,1653,4.5,1510572798
18,1653,3.5,1455748777
19,1653,4.0,965703628
24,1653,3.0,1458941019
28,1653,3.5,1234572121
33,1653,5.0,939715317
42,1653,5.0,996218645
45,1653,4.0,950740986
48,1653,4.5,1127128650
57,1653,5.0,965798785
61,1653,4.5,1145531727
62,1653,5.0,1521489167
68,1653,2.5,1158532274
75,1653,2.0,1158967079
83,1653,3.5,1333841950
91,1653,4.5,1112712176
95,1653,5.0,1043340522
104,1653,3.0,1048793980
135,1653,5.0,1009691186
140,1653,2.0,967049014
141,1653,4.0,1513130821
160,1653,5.0,971114075
177,1653,3.0,1435534197
182,1653,3.5,1054779637
186,1653,4.0,1031079628
194,1653,3.5,1110316600
195,1653,3.0,974938327
198,1653,5.0,1034135628
200,1653,4.0,1229886938
204,1653,5.0,1327182865
219,1653,3.0,1194686769
239,1653,5.0,1221159042
265,1653,4.0,965315001
267,1653,4.0,959807555
275,1653,3.0,1049078833
288,1653,4.0,975692044
298,1653,2.0,1450369303
303,1653,3.0,1053303246
304,1653,4.0,896045740
305,1653,3.0,1511719176
313,1653,4.0,1030474705
318,1653,4.0,1256504351
325,1653,4.0,1039395597
332,1653,2.0,1352671530
339,1653,5.0,1460182152
356,1653,4.5,1229143682
368,1653,3.0,971275863
380,1653,4.0,1494803474
381,1653,4.0,1164383246
382,1653,4.5,1515160958
387,1653,3.5,1094849187
391,1653,5.0,1030826859
393,1653,4.0,1430506736
414,1653,4.0,961514857
423,1653,5.0,1155285477
425,1653,4.0,1085490467
428,1653,3.5,1111623123
432,1653,4.0,1316391028
438,1653,4.5,1105649551
440,1653,4.0,1237569154
452,1653,5.0,1013395308
453,1653,4.0,1005967944
462,1653,3.0,1123890885
464,1653,4.0,1287400391
465,1653,4.0,959896051
469,1653,5.0,965335769
474,1653,4.5,1100291475
477,1653,3.5,1200942200
480,1653,5.0,1179161916
481,1653,3.0,884773369
483,1653,5.0,1277996325
511,1653,4.0,1522155957
542,1653,4.5,1163386512
553,1653,4.0,1230773599
560,1653,4.0,1469647907
562,1653,4.5,1368893717
567,1653,3.0,1525287107
570,1653,4.0,1181478355
579,1653,5.0,958881825
580,1653,4.0,1167792842
590,1653,3.0,1258421018
596,1653,3.5,1535827374
599,1653,3.5,1498797939
603,1653,4.0,963179791
606,1653,3.5,1191610031
608,1653,5.0,1117162487
19,1663,3.0,965705845
24,1663,3.5,1458941784
42,1663,4.0,996258272
51,1663,5.0,1230928790
68,1663,3.0,1230498333
167,1663,3.5,1154719249
169,1663,4.0,1078285367
202,1663,4.0,974923806
217,1663,3.0,955943825
221,1663,3.5,1111178096
255,1663,5.0,1005717340
266,1663,5.0,945669878
275,1663,5.0,1049076972
288,1663,3.0,976120587
292,1663,3.0,1323631949
294,1663,4.0,966595218
369,1663,3.0,1236830360
387,1663,3.5,1117356848
403,1663,3.5,1225243361
410,1663,5.0,990910343
414,1663,5.0,961595589
452,1663,5.0,1019585417
469,1663,3.0,965425487
474,1663,3.0,1004131709
527,1663,4.0,1033175310
555,1663,4.0,978821265
561,1663,4.0,1491092134
572,1663,4.0,945892484
590,1663,3.5,1258416870
597,1663,5.0,941641183
599,1663,2.5,1498517424
603,1663,3.0,953928066
606,1663,2.0,1171230095
610,1663,4.5,1493850268
33,1672,3.0,939715620
42,1672,4.0,996219086
68,1672,3.5,1269122808
182,1672,2.5,1075765162
226,1672,4.0,1097544859
239,1672,4.5,1221147508
274,1672,3.5,1197016164
301,1672,4.0,1211376706
481,1672,2.0,884773498
572,1672,4.0,945890565
599,1672,2.5,1519172040
606,1672,3.0,1171408711
9,1674,4.0,1044656650
42,1674,3.0,996258317
51,1674,5.0,1230929615
57,1674,3.0,965796733
59,1674,5.0,953610338
68,1674,3.5,1158533818
100,1674,3.0,1100184098
135,1674,4.0,1009691562
140,1674,5.0,967048906
160,1674,2.0,971113866
202,1674,4.0,974912892
221,1674,4.0,1111178079
250,1674,4.5,1121217529
271,1674,3.0,1234301682
275,1674,4.0,1049079562
288,1674,4.0,980531756
290,1674,4.0,975031977
312,1674,4.0,1043177517
325,1674,3.0,1039395775
339,1674,4.0,1460184013
368,1674,3.0,971275562
380,1674,3.0,1494803680
396,1674,2.0,1111688523
414,1674,4.0,961517162
462,1674,3.0,1123891125
469,1674,4.0,965846308
474,1674,4.0,1137521038
502,1674,2.0,1111757355
514,1674,4.0,1533949134
554,1674,5.0,944902770
555,1674,4.0,978820940
561,1674,3.0,1491094748
570,1674,3.5,1181476125
572,1674,4.0,945890565
577,1674,3.0,945978364
597,1674,5.0,941639480
599,1674,2.5,1498518276
600,1674,3.0,1237742534
603,1674,4.0,953927759
606,1674,4.0,1171754630
16,1680,3.5,1377476680
68,1680,3.0,1158535785
86,1680,4.5,1343944714
100,1680,4.5,1100184264
104,1680,4.0,1048795093
113,1680,3.0,980051734
178,1680,3.5,1163673623
222,1680,3.0,1391346624
246,1680,4.0,1354126385
263,1680,5.0,941591986
268,1680,3.0,940180491
301,1680,3.5,1211376361
304,1680,3.0,933167454
332,1680,3.5,1352672922
414,1680,3.0,961514246
425,1680,3.5,1114173285
430,1680,5.0,963545638
448,1680,3.0,1019141513
474,1680,4.0,974668977
489,1680,1.0,1333231932
517,1680,2.5,1487954227
579,1680,5.0,958882152
603,1680,4.0,954482305
605,1680,3.5,1277094785
606,1680,4.5,1171407206
7,1682,3.0,1106635653
18,1682,3.0,1455231395
24,1682,3.5,1458942002
28,1682,1.5,1242289815
33,1682,4.0,939715324
34,1682,2.5,1162048961
41,1682,3.0,1458938835
42,1682,3.0,996218934
45,1682,4.0,1121724734
50,1682,2.5,1527370879
57,1682,4.0,972172686
62,1682,4.5,1521489738
63,1682,3.5,1443201256
64,1682,4.0,1161520745
65,1682,4.5,1494767202
66,1682,4.5,1093747644
68,1682,4.5,1158531979
70,1682,3.5,1355198544
73,1682,5.0,1464196138
76,1682,2.5,1439168248
83,1682,5.0,1333170344
89,1682,0.5,1520408338
91,1682,4.0,1112713540
103,1682,4.5,1431957209
111,1682,4.0,1516156052
115,1682,4.0,965425190
122,1682,5.0,1461561457
132,1682,3.5,1329983628
135,1682,4.0,1009691026
140,1682,4.0,942841471
141,1682,3.0,1513130947
144,1682,2.5,1137323966
153,1682,4.5,1525548854
156,1682,3.5,1106855262
166,1682,5.0,1189038119
167,1682,3.0,1154719017
169,1682,5.0,1078284875
177,1682,3.5,1435533734
182,1682,3.0,1054779656
195,1682,4.0,974709939
198,1682,4.0,1034134690
200,1682,3.5,1229886367
202,1682,4.0,975012973
213,1682,4.0,1316197146
219,1682,3.5,1194686433
222,1682,4.0,1391351595
227,1682,4.0,1447189540
230,1682,2.5,1196304802
232,1682,4.5,1218165205
239,1682,4.0,1221158451
247,1682,5.0,1467644426
249,1682,3.5,1346757637
252,1682,4.5,1498284953
261,1682,4.5,1404881420
265,1682,4.0,965318191
272,1682,4.0,1533490828
274,1682,4.5,1171492701
282,1682,4.5,1378490649
286,1682,4.0,1119563515
287,1682,3.5,1110231211
288,1682,4.0,976121063
293,1682,4.0,1044870855
304,1682,4.0,922226435
305,1682,4.0,1460135927
307,1682,4.0,1186161568
309,1682,4.0,1166067368
318,1682,4.5,1286611927
322,1682,3.5,1217676568
325,1682,3.0,1039396426
328,1682,3.5,1494211071
330,1682,3.5,1285905289
332,1682,4.5,1352672163
339,1682,4.5,1494129636
352,1682,3.0,1493673518
354,1682,4.5,1200870543
356,1682,3.0,1229143455
357,1682,3.5,1348611902
359,1682,3.0,1198112917
362,1682,4.0,1530640222
369,1682,4.0,1237082894
378,1682,4.0,1445347284
380,1682,4.0,1493473812
381,1682,3.5,1200824508
387,1682,3.0,1094942126
391,1682,4.0,1032390100
393,1682,4.0,1430506294
414,1682,4.0,961517327
417,1682,5.0,1529283776
418,1682,4.0,1461867953
424,1682,3.5,1457844347
425,1682,3.0,1085492471
428,1682,3.5,1111489705
438,1682,4.0,1105649779
448,1682,3.0,1019137845
453,1682,5.0,972622883
462,1682,4.0,1123891809
474,1682,4.5,1100119638
475,1682,5.0,1498031645
477,1682,4.5,1200940021
480,1682,4.5,1179178013
483,1682,3.5,1178293741
484,1682,4.0,1342294918
489,1682,2.5,1332772783
491,1682,4.5,1522605223
495,1682,4.5,1458635303
504,1682,4.0,1063644434
509,1682,4.0,1435992469
514,1682,4.0,1533872381
517,1682,1.5,1487953170
520,1682,4.5,1326609326
525,1682,4.5,1476477635
534,1682,5.0,1459787998
560,1682,4.0,1469648140
561,1682,3.5,1491092233
562,1682,5.0,1368893987
564,1682,1.0,1481817399
570,1682,3.5,1181478046
572,1682,3.0,979924065
580,1682,4.5,1167791409
599,1682,4.0,1498498834
600,1682,3.5,1237712926
603,1682,2.0,963179734
606,1682,4.5,1171814392
608,1682,4.5,1117162316
610,1682,5.0,1479543017
85,1683,3.0,889467078
113,1683,5.0,980051734
156,1683,5.0,939842984
275,1683,5.0,1049079020
465,1683,4.0,959896203
474,1683,4.5,1053021220
2,1704,4.5,1445715228
4,1704,1.0,945629015
11,1704,4.0,902155102
16,1704,3.5,1377477954
18,1704,4.0,1455050003
21,1704,3.5,1418932074
24,1704,4.0,1458941929
28,1704,3.0,1235806527
33,1704,5.0,939646939
36,1704,3.0,1100803579
41,1704,3.0,1459367527
42,1704,5.0,996214937
45,1704,5.0,951756899
52,1704,5.0,1468051529
57,1704,3.0,972172431
62,1704,5.0,1523560682
63,1704,3.5,1443199847
64,1704,4.5,1161520428
66,1704,5.0,1099187248
68,1704,4.5,1158531769
70,1704,4.5,1355185343
85,1704,3.0,889466862
91,1704,3.0,1112713388
93,1704,5.0,942947301
98,1704,4.0,1532457433
103,1704,4.5,1431957130
105,1704,4.0,1448196395
111,1704,4.0,1518661708
116,1704,3.5,1337199937
132,1704,3.0,1157921515
140,1704,4.0,1055092969
141,1704,3.5,1513129965
153,1704,4.0,1525548099
154,1704,5.0,1486297118
156,1704,4.0,1106854994
159,1704,5.0,1508640118
163,1704,4.0,894217570
166,1704,4.5,1190828708
177,1704,5.0,1435533692
182,1704,4.0,1055157251
190,1704,4.0,1504309949
195,1704,4.0,1008558588
198,1704,4.0,1034134690
199,1704,2.0,940380467
200,1704,4.5,1229887174
209,1704,4.5,1524522185
211,1704,5.0,1350913088
212,1704,2.5,1490114719
215,1704,4.5,1260908586
219,1704,4.0,1194686124
220,1704,4.5,1230061566
223,1704,3.5,1226209845
226,1704,4.0,1095662439
230,1704,3.0,1196304498
231,1704,2.0,1433089554
239,1704,5.0,1221158311
247,1704,4.5,1467644274
249,1704,4.0,1360979865
251,1704,5.0,1470676743
263,1704,5.0,940384490
268,1704,3.0,940266842
274,1704,4.0,1171934742
275,1704,4.0,1049078801
282,1704,4.5,1378490576
283,1704,5.0,901227857
285,1704,4.0,1449973307
288,1704,3.5,1054569184
290,1704,4.0,974942420
296,1704,5.0,1532993830
300,1704,3.0,1425351457
304,1704,4.0,902694032
305,1704,4.0,1460135609
307,1704,3.0,1186161433
317,1704,5.0,1430361517
336,1704,4.0,1122227323
346,1704,3.5,1125858192
351,1704,4.5,1325979966
352,1704,3.5,1493673497
354,1704,4.0,1200870221
356,1704,4.5,1229142888
357,1704,5.0,1348611876
359,1704,4.5,1193179323
363,1704,5.0,1502584543
365,1704,5.0,1488332347
367,1704,5.0,997811431
381,1704,4.5,1165975117
387,1704,4.0,1117415017
391,1704,3.0,1032388857
408,1704,4.0,1467801986
413,1704,5.0,1484439833
414,1704,5.0,961517035
417,1704,5.0,1529284319
418,1704,5.0,1461865919
419,1704,3.0,1321659187
424,1704,4.0,1457844960
425,1704,4.0,1085477714
432,1704,4.5,1315244133
434,1704,4.5,1270606614
438,1704,4.5,1105666609
443,1704,4.0,1420236319
448,1704,4.0,1081171097
453,1704,3.0,972622526
460,1704,4.0,1359177556
461,1704,4.0,1505935222
464,1704,4.0,1287403240
469,1704,3.0,965846390
474,1704,3.5,1129579341
480,1704,5.0,1179161993
483,1704,4.5,1178215676
488,1704,4.0,1112382780
489,1704,3.5,1334170230
495,1704,5.0,1458634574
497,1704,3.0,1429127156
509,1704,3.5,1435992332
514,1704,4.0,1533871404
517,1704,2.5,1487953137
519,1704,5.0,1518379648
522,1704,4.5,1253345739
523,1704,5.0,1503125954
528,1704,5.0,1391736173
532,1704,3.0,1025570521
551,1704,4.5,1504316399
552,1704,4.0,1112151190
553,1704,4.0,1219560260
560,1704,4.0,1469648028
561,1704,4.0,1491092036
562,1704,5.0,1368893932
567,1704,3.0,1525287317
570,1704,3.5,1181477652
572,1704,5.0,945890206
580,1704,4.5,1167673423
581,1704,4.0,1447007130
586,1704,5.0,1529901347
593,1704,3.0,1181008313
596,1704,4.0,1535827513
597,1704,5.0,940361937
599,1704,4.5,1498762601
601,1704,4.5,1521398189
603,1704,3.0,963179487
606,1704,4.5,1171325208
608,1704,4.5,1189471145
23,1711,4.0,1107162645
57,1711,3.0,965797640
68,1711,2.0,1261623987
85,1711,2.0,889467055
156,1711,3.0,946798792
198,1711,3.0,1034139126
217,1711,4.0,955943036
221,1711,5.0,1111178087
288,1711,2.0,976121997
294,1711,2.0,966597595
360,1711,5.0,884997735
368,1711,2.0,975828236
391,1711,3.0,1031030362
414,1711,5.0,961438476
453,1711,4.0,1005967269
474,1711,2.0,1046887524
481,1711,2.0,884774320
555,1711,5.0,978745163
587,1711,5.0,953139541
593,1711,3.0,1181007258
595,1711,3.0,938869189
599,1711,3.5,1498542549
600,1711,1.0,1237759770
603,1711,1.0,963178439
19,1717,3.0,965705195
34,1717,3.5,1162048275
64,1717,3.0,1161620664
68,1717,2.5,1158535506
115,1717,4.0,957647369
135,1717,3.0,1009691421
160,1717,1.0,971196550
163,1717,3.0,894217532
225,1717,2.0,949261430
249,1717,2.5,1365263862
274,1717,3.5,1197014536
304,1717,3.0,911772309
307,1717,0.5,1186163096
312,1717,2.0,1043176423
313,1717,4.0,1030475865
325,1717,3.0,1039396551
351,1717,2.0,1325977918
352,1717,3.0,1493673806
380,1717,2.0,1493667800
414,1717,4.0,961682104
452,1717,5.0,1019584576
474,1717,4.0,1046984756
483,1717,2.0,1215896410
484,1717,3.5,1342297837
514,1717,2.5,1533874756
571,1717,3.0,966900650
590,1717,2.0,1267151464
600,1717,2.5,1237714024
603,1717,3.0,953925705
607,1717,5.0,963079577
608,1717,3.5,1117504960
4,1719,4.0,945079956
33,1719,5.0,939715485
85,1719,5.0,889467006
101,1719,5.0,968443804
182,1719,3.5,1054780566
199,1719,3.0,940372549
202,1719,4.0,974912698
275,1719,3.0,1049078652
290,1719,4.0,975031129
391,1719,5.0,1032387630
414,1719,4.0,1028732437
469,1719,5.0,965846053
474,1719,4.0,1139838564
597,1719,5.0,941640193
599,1719,3.5,1519475938
603,1719,5.0,953925131
11,1721,5.0,902154989
12,1721,5.0,1247264463
13,1721,4.0,987456818
18,1721,4.0,1455748443
21,1721,3.5,1418846922
27,1721,5.0,965149814
33,1721,4.0,939646820
34,1721,0.5,1162048752
41,1721,5.0,1458939738
45,1721,4.0,1091306055
47,1721,3.5,1496209715
50,1721,3.0,1514237992
57,1721,2.0,965799094
62,1721,4.0,1521822338
68,1721,3.0,1158531226
69,1721,4.0,1021643744
75,1721,2.5,1158967893
82,1721,2.5,1084464232
86,1721,3.5,1344082821
93,1721,5.0,942947205
96,1721,2.0,964773788
108,1721,4.0,1042838935
111,1721,4.0,1518902680
113,1721,4.0,980051838
115,1721,4.0,957647634
116,1721,4.0,1337199824
128,1721,4.0,899032461
129,1721,3.5,1167375999
132,1721,3.0,1157921273
135,1721,2.0,1009690782
137,1721,4.0,1204859407
140,1721,4.0,942841219
143,1721,4.0,1444880204
153,1721,2.0,1525550658
156,1721,3.0,939854571
159,1721,3.5,1508640335
163,1721,3.0,894217532
166,1721,3.0,1190828666
169,1721,5.0,1078284611
177,1721,5.0,1435890496
185,1721,3.0,1044311157
199,1721,3.0,940372697
200,1721,2.5,1229886327
201,1721,5.0,939224378
209,1721,3.0,1524607412
213,1721,4.0,1316195659
219,1721,0.5,1214043346
220,1721,5.0,1230055822
221,1721,3.0,1111177393
222,1721,2.5,1391375337
223,1721,2.0,1226209653
224,1721,5.0,971811594
226,1721,1.5,1114838120
230,1721,3.0,1196304348
232,1721,4.5,1182909244
233,1721,3.5,1529334058
249,1721,2.0,1347318423
254,1721,3.5,1180446472
263,1721,4.0,940384199
265,1721,4.0,965317920
272,1721,2.5,1532266441
274,1721,3.5,1171492429
280,1721,4.0,1348435240
282,1721,3.0,1378490504
286,1721,1.0,1119561957
288,1721,3.0,976121266
292,1721,4.0,1265680427
301,1721,1.5,1211377856
304,1721,5.0,885216165
305,1721,3.5,1460365965
307,1721,2.0,1186161016
322,1721,1.0,1217676306
325,1721,4.0,1039397919
330,1721,3.5,1285905078
339,1721,4.0,1460346592
351,1721,4.0,1326106611
352,1721,4.0,1493673487
354,1721,4.0,1200870242
355,1721,4.0,974965199
357,1721,4.0,1348611252
358,1721,5.0,1339546519
359,1721,4.5,1198112164
360,1721,4.0,884997534
361,1721,2.0,1204045530
369,1721,1.5,1237081495
370,1721,3.5,1159162916
376,1721,3.5,1364994119
380,1721,2.0,1493667395
381,1721,3.5,1164877331
382,1721,5.0,1515160906
414,1721,4.0,961514186
416,1721,0.5,1187496464
418,1721,3.5,1461868618
420,1721,4.0,1218207717
425,1721,3.5,1085477546
428,1721,1.0,1111623138
432,1721,4.0,1316391552
434,1721,3.0,1270604832
438,1721,3.0,1105666341
453,1721,2.0,972623117
462,1721,2.5,1269929058
467,1721,4.0,919672054
474,1721,4.0,974668977
477,1721,3.5,1200939764
480,1721,4.0,1179178328
481,1721,5.0,884773647
483,1721,2.0,1181496542
484,1721,3.0,1342295829
489,1721,3.5,1333101365
490,1721,3.0,1328229354
493,1721,3.0,1001562535
495,1721,5.0,1458635859
503,1721,2.5,1335219591
514,1721,4.0,1533954277
517,1721,3.5,1487953281
523,1721,5.0,1503126287
532,1721,5.0,1025523226
534,1721,4.5,1459787998
537,1721,3.0,1424141915
542,1721,3.0,1163387005
551,1721,3.5,1505548049
557,1721,3.5,1452797735
558,1721,4.0,1035415303
560,1721,3.5,1469648742
561,1721,3.0,1491091198
570,1721,3.0,1181477324
573,1721,1.5,1186722299
580,1721,4.0,1167790146
583,1721,4.0,1481474572
590,1721,3.5,1258416578
593,1721,4.0,1181007536
594,1721,4.5,1109036893
597,1721,4.0,941631197
599,1721,3.0,1498524231
600,1721,3.0,1237742320
601,1721,4.0,1521398191
603,1721,3.0,954482414
606,1721,4.0,1171325893
608,1721,2.0,1117408294
610,1721,3.0,1479544112
42,1726,2.0,996221012
57,1726,2.0,972175871
83,1726,2.0,1332839102
125,1726,4.5,1474483288
163,1726,2.0,894217548
182,1726,3.5,1075859227
265,1726,3.0,965319453
274,1726,3.5,1172007698
304,1726,5.0,899026579
414,1726,2.0,1019484401
477,1726,0.5,1201158797
599,1726,2.5,1498517995
608,1726,2.5,1117506368
1,1732,5.0,964981125
4,1732,4.0,945079889
17,1732,5.0,1322629209
18,1732,4.5,1456958438
19,1732,3.0,965705896
28,1732,4.0,1242031360
41,1732,4.0,1458938846
45,1732,5.0,951170525
50,1732,3.5,1527371218
62,1732,4.5,1521488871
63,1732,0.5,1443199918
64,1732,5.0,1161521585
68,1732,0.5,1158532491
73,1732,5.0,1464267306
76,1732,4.0,1439168285
88,1732,5.0,1331421382
89,1732,2.5,1520408372
103,1732,5.0,1432086520
119,1732,4.0,1435944296
122,1732,5.0,1461561502
125,1732,4.5,1474411921
132,1732,2.5,1329983666
135,1732,4.0,1009691207
141,1732,4.0,1513130755
153,1732,3.5,1525550395
156,1732,3.0,946798434
167,1732,4.0,1154723140
177,1732,3.0,1435890632
182,1732,4.5,1054780737
187,1732,5.0,1161849502
195,1732,4.0,974705986
198,1732,3.0,1034139066
201,1732,2.0,940350528
212,1732,3.0,1490121293
220,1732,5.0,1230055095
222,1732,3.5,1391350152
226,1732,5.0,1095663026
233,1732,4.0,1448816492
246,1732,3.0,1354145910
249,1732,4.5,1346757607
266,1732,5.0,946506300
274,1732,3.5,1171409454
279,1732,4.0,1506394332
282,1732,4.0,1378495532
286,1732,3.0,1119563725
287,1732,3.5,1110231549
288,1732,5.0,978559623
294,1732,5.0,966595639
297,1732,5.0,900872022
298,1732,5.0,1447584490
305,1732,4.5,1460135537
307,1732,4.0,1186086490
313,1732,4.0,1030557557
317,1732,3.0,1430517257
318,1732,4.0,1240164117
325,1732,5.0,1039398154
328,1732,3.5,1494211891
329,1732,0.5,1523468380
330,1732,5.0,1285905433
332,1732,4.0,1352672428
339,1732,5.0,1460443878
352,1732,4.0,1493673550
354,1732,4.0,1200941462
356,1732,5.0,1229139389
361,1732,1.5,1204045847
362,1732,5.0,1532214411
363,1732,4.0,1502584422
368,1732,3.0,971275771
369,1732,5.0,1237082071
370,1732,1.0,1159162796
380,1732,5.0,1493667467
387,1732,3.5,1117415219
391,1732,3.0,1030944221
393,1732,0.5,1430506720
405,1732,3.5,1295913070
414,1732,5.0,1027521065
417,1732,4.5,1529284430
434,1732,4.5,1270603981
438,1732,2.5,1105829158
452,1732,5.0,1013395862
453,1732,5.0,1005966879
469,1732,5.0,965336263
474,1732,3.5,1100119813
480,1732,3.5,1179160854
483,1732,5.0,1178293982
495,1732,5.0,1458635703
509,1732,3.5,1436101601
520,1732,3.5,1326609530
522,1732,4.5,1282293812
526,1732,4.5,1502132102
542,1732,0.5,1163387651
553,1732,3.5,1219557999
555,1732,4.0,978749426
560,1732,4.5,1469652441
561,1732,5.0,1491091144
580,1732,4.5,1167790706
583,1732,3.5,1481474236
585,1732,4.0,1307417747
590,1732,4.0,1258421003
597,1732,4.0,941559248
599,1732,5.0,1498456250
600,1732,3.5,1237759308
603,1732,5.0,963176362
606,1732,4.5,1171311016
608,1732,4.0,1147794788
610,1732,4.5,1479544321
113,1735,2.0,980051704
198,1735,4.0,1034138480
351,1735,4.0,1328625543
387,1735,2.5,1095121732
414,1735,4.0,1026224122
474,1735,2.0,979180015
579,1735,5.0,958882123
599,1735,3.0,1498525475
600,1735,2.5,1237713999
603,1735,4.0,954482666
606,1735,3.5,1173484234
19,1748,3.0,965703785
23,1748,3.5,1107162537
28,1748,3.5,1277001863
51,1748,4.0,1230932388
57,1748,3.0,965796495
64,1748,3.5,1161559551
66,1748,5.0,1099188071
82,1748,1.0,1084463840
91,1748,4.5,1112711563
95,1748,4.0,1043339544
122,1748,5.0,1461562430
132,1748,3.0,1329983783
160,1748,5.0,971114075
167,1748,4.5,1154723009
180,1748,3.5,1270237523
182,1748,4.5,1054779793
186,1748,4.0,1031079628
187,1748,4.0,1161849626
201,1748,1.0,941211417
219,1748,3.5,1237238967
274,1748,3.5,1171944257
288,1748,4.0,975692000
298,1748,4.0,1450369268
312,1748,4.0,1043176620
313,1748,4.0,1030474598
316,1748,3.5,1111493756
318,1748,4.0,1413627560
332,1748,3.5,1352671535
339,1748,4.5,1460518583
354,1748,4.5,1200953491
370,1748,2.0,1159161888
371,1748,5.0,1407692349
387,1748,4.5,1094877013
391,1748,5.0,1030826899
414,1748,4.0,961514832
428,1748,4.0,1111488945
440,1748,4.5,1237569103
465,1748,4.0,959896167
469,1748,3.0,965335273
474,1748,4.0,1132173434
477,1748,4.5,1200941833
483,1748,5.0,1178210922
520,1748,4.5,1326609944
596,1748,4.5,1535833817
597,1748,3.0,941728717
599,1748,2.5,1498514119
603,1748,2.0,953925390
608,1748,5.0,1117162457
1,1777,4.0,964981230
19,1777,3.0,965706438
33,1777,4.0,939719185
41,1777,2.5,1458939104
45,1777,4.0,951170257
51,1777,3.0,1230932383
64,1777,4.0,1161528823
68,1777,4.0,1158532793
100,1777,4.5,1100184536
104,1777,3.5,1053336503
111,1777,3.5,1516154997
113,1777,4.0,980051838
115,1777,3.0,977610853
132,1777,2.0,1157968136
163,1777,3.0,894217570
169,1777,4.0,1059428128
199,1777,3.0,946223238
200,1777,5.0,1229887270
215,1777,4.5,1260909292
217,1777,3.0,955944095
232,1777,3.5,1218165826
274,1777,3.5,1221685969
275,1777,2.0,1049076697
287,1777,3.0,1110230033
304,1777,4.0,916237634
307,1777,3.5,1186161886
330,1777,3.0,1285905660
356,1777,4.5,1232430704
357,1777,3.0,1348628277
365,1777,3.0,1489796804
367,1777,4.0,997812510
370,1777,4.0,1159161827
380,1777,3.0,1494932491
381,1777,4.5,1200824491
396,1777,3.5,1111688514
414,1777,4.0,961438502
438,1777,2.0,1105762718
453,1777,3.0,1005966944
464,1777,3.5,1287400673
474,1777,4.5,1081177379
477,1777,3.0,1200946429
480,1777,4.0,1179178281
483,1777,3.5,1327277270
484,1777,3.5,1342296631
489,1777,3.0,1332773692
495,1777,4.0,1458635963
500,1777,3.0,1005528017
502,1777,0.5,1111757349
525,1777,3.5,1476477652
555,1777,4.0,978746793
561,1777,3.0,1491094324
583,1777,3.5,1481474338
590,1777,2.5,1258419837
597,1777,5.0,941558116
599,1777,2.5,1498515681
608,1777,2.5,1117415299
19,1779,2.0,965711481
68,1779,3.0,1261623451
93,1779,4.0,942946634
182,1779,3.5,1055152056
199,1779,2.0,955313743
217,1779,3.0,955942327
274,1779,3.5,1171784721
298,1779,2.0,1450452866
352,1779,4.0,1493673861
368,1779,2.0,971276975
375,1779,3.5,1225230758
414,1779,1.0,961595057
428,1779,2.0,1111524482
434,1779,1.5,1270602505
464,1779,3.5,1287399934
469,1779,1.0,965335945
474,1779,3.0,1046886529
477,1779,3.0,1200947001
520,1779,4.0,1326607964
545,1779,3.0,1240358594
555,1779,3.0,978842001
599,1779,2.5,1498516606
608,1779,3.5,1117505080
59,1797,5.0,953610854
199,1797,3.0,1023654791
412,1797,5.0,939114868
474,1797,4.0,1165540018
488,1797,4.5,1112382459
504,1797,4.0,1064450404
33,1801,4.0,939715955
68,1801,3.0,1261623620
82,1801,3.0,1084521364
92,1801,3.0,1294941435
177,1801,5.0,1435535354
211,1801,4.0,1350912046
228,1801,3.5,1363222694
348,1801,3.5,1378849912
352,1801,3.0,1493673871
368,1801,2.0,975829985
375,1801,4.0,1225230780
414,1801,2.0,961514407
432,1801,4.5,1315242911
452,1801,5.0,1019581043
483,1801,3.5,1215896995
489,1801,3.0,1333232530
520,1801,4.0,1326687732
534,1801,4.5,1459795338
539,1801,4.0,1332474463
573,1801,4.0,1186722133
596,1801,3.0,1535834689
599,1801,2.5,1498518753
600,1801,2.5,1237713993
606,1801,4.0,1171365227
608,1801,3.0,1117505191
42,1810,3.0,996220026
118,1810,4.0,944923926
160,1810,3.0,1058457100
163,1810,3.0,894217570
178,1810,4.5,1163673692
263,1810,4.0,940384490
414,1810,3.0,961518026
453,1810,4.0,972623079
474,1810,2.5,1081862512
527,1810,4.0,1033175078
599,1810,3.5,1498501484
4,1834,5.0,945174134
19,1834,3.0,965710871
51,1834,4.0,1230930432
221,1834,4.5,1111178081
290,1834,4.0,974938617
391,1834,3.0,1030944178
453,1834,4.0,972622981
465,1834,5.0,959896032
474,1834,4.0,1002928499
572,1834,4.0,945890097
599,1834,3.5,1498542471
156,1836,5.0,946798204
414,1836,4.5,1091716562
603,1836,4.0,963179850
474,1893,4.5,1181348028
391,1900,4.0,1030827597
474,1902,4.0,1015352994
15,1909,2.5,1299424890
19,1909,3.0,965703785
21,1909,2.0,1419025142
45,1909,4.0,950740896
57,1909,4.0,965798785
91,1909,3.0,1112712131
156,1909,3.0,1106853850
160,1909,1.0,971114256
182,1909,2.0,1075859283
186,1909,4.0,1031079871
195,1909,3.0,974706559
197,1909,4.0,947461891
199,1909,3.0,940456648
201,1909,5.0,941211343
202,1909,4.0,974924970
267,1909,5.0,994467907
271,1909,2.5,1234301672
288,1909,3.5,1103647777
304,1909,4.0,902745428
312,1909,4.0,1043176746
313,1909,2.0,1030474810
368,1909,3.0,971275771
380,1909,4.0,1493667724
398,1909,2.0,1311207242
408,1909,3.5,1469522210
414,1909,3.0,961514958
425,1909,3.0,1085490746
428,1909,2.0,1111523259
452,1909,5.0,1013396317
465,1909,3.0,959896167
474,1909,4.5,1081177337
477,1909,4.5,1200941349
527,1909,5.0,1033175381
545,1909,4.0,1240358341
552,1909,3.0,1111473260
555,1909,4.0,978841695
577,1909,4.0,945967196
579,1909,4.0,958881825
580,1909,4.0,1167792732
596,1909,3.5,1535833481
599,1909,3.5,1498501213
608,1909,3.5,1117504548
57,1912,2.0,969754290
64,1912,5.0,1161559656
66,1912,4.5,1099188138
68,1912,3.0,1158533750
79,1912,5.0,975281904
95,1912,4.5,1105400649
100,1912,4.5,1100186251
113,1912,5.0,980051704
140,1912,4.0,949667071
182,1912,4.0,1054783206
195,1912,4.0,974709814
199,1912,3.0,940544360
217,1912,1.0,955936019
263,1912,4.0,941591926
266,1912,4.0,945669980
268,1912,5.0,940180550
275,1912,5.0,1049078728
286,1912,3.0,1119561610
290,1912,4.0,974939593
391,1912,2.0,1030827275
414,1912,3.0,961513710
438,1912,3.5,1105667204
453,1912,5.0,972621643
474,1912,4.0,974667301
552,1912,4.0,1111473257
553,1912,3.0,1230774458
595,1912,5.0,938869348
596,1912,3.5,1535834371
597,1912,5.0,940361449
599,1912,2.5,1498518804
603,1912,5.0,953925157
606,1912,3.5,1171816464
474,1913,4.0,1103119116
477,1913,4.0,1201158706
606,1913,4.0,1171234647
4,1916,1.0,986934786
79,1916,3.0,975281842
156,1916,1.0,951113118
182,1916,4.0,1054780863
298,1916,3.0,1467489869
387,1916,3.0,1155746415
391,1916,5.0,1031030880
497,1916,4.0,1430332450
567,1916,5.0,1525282174
597,1916,4.0,940421094
603,1916,5.0,963177606
606,1916,3.0,1173392294
7,1917,4.0,1106635484
11,1917,4.0,901200037
18,1917,3.0,1455748548
19,1917,2.0,965703973
61,1917,3.0,1145531574
64,1917,2.5,1161520519
66,1917,3.0,1113190108
68,1917,3.0,1158531708
69,1917,4.0,1021645562
91,1917,2.5,1112710847
93,1917,5.0,942946588
108,1917,2.0,1042840566
112,1917,5.0,1444606649
132,1917,3.0,1157922785
135,1917,1.0,1009691761
141,1917,3.0,1513130780
144,1917,2.5,1136812519
155,1917,4.0,961861341
160,1917,1.0,971196630
167,1917,1.0,1154718679
182,1917,0.5,1054779634
187,1917,1.5,1161863936
198,1917,3.0,1034138247
199,1917,2.0,940456582
201,1917,4.0,941211523
217,1917,3.0,955941099
219,1917,3.0,1194931811
220,1917,4.0,1230061167
222,1917,2.5,1391353181
232,1917,4.5,1141776621
239,1917,4.0,1221158553
249,1917,4.0,1346755983
264,1917,3.5,1136978195
274,1917,3.5,1171934832
280,1917,3.5,1348532315
286,1917,4.0,1119563447
287,1917,0.5,1110229936
289,1917,3.0,1143424575
292,1917,3.0,1219625193
293,1917,3.0,1044871029
294,1917,2.0,966634240
307,1917,2.5,1186085264
318,1917,3.5,1254132954
330,1917,3.0,1285905275
354,1917,3.5,1200870325
357,1917,3.0,1348612188
363,1917,2.0,1502584438
368,1917,3.0,971276975
375,1917,0.5,1225314350
380,1917,3.0,1493420299
381,1917,3.0,1165975414
382,1917,3.5,1515173362
414,1917,4.0,961515325
419,1917,5.0,1321659313
425,1917,3.5,1085490396
428,1917,2.0,1111488871
432,1917,3.0,1328232892
434,1917,2.5,1270606925
438,1917,3.0,1105649507
439,1917,2.0,1436943851
448,1917,3.0,1019124725
449,1917,1.5,1053198922
452,1917,5.0,1019580965
453,1917,5.0,1005968006
469,1917,1.0,965334923
474,1917,1.5,1053021886
478,1917,2.0,1121467320
480,1917,3.0,1179177906
483,1917,3.0,1178293355
484,1917,4.0,1342295986
489,1917,3.5,1333101566
495,1917,5.0,1458636320
509,1917,3.0,1436027323
534,1917,4.5,1459787996
543,1917,5.0,1377068493
551,1917,4.0,1504926081
555,1917,3.0,978748827
560,1917,3.0,1469654083
570,1917,3.0,1181477881
572,1917,3.0,945888784
573,1917,3.0,1186722488
579,1917,4.0,958881915
580,1917,3.5,1167860614
590,1917,2.5,1258418170
594,1917,4.5,1109037826
597,1917,1.0,941730273
599,1917,3.0,1498523011
600,1917,2.0,1237710564
601,1917,4.0,1521397618
605,1917,3.0,1277096948
607,1917,5.0,963080278
608,1917,3.5,1117504416
19,1921,3.0,965710871
28,1921,4.0,1234572108
39,1921,5.0,974787586
45,1921,5.0,950740818
50,1921,3.0,1514238846
80,1921,4.0,1377308678
91,1921,5.0,1112711894
95,1921,4.5,1105400874
103,1921,4.5,1431957966
122,1921,4.0,1461562426
135,1921,5.0,1009691222
156,1921,2.5,1106854067
182,1921,4.5,1054779844
186,1921,4.0,1031079906
187,1921,5.0,1161849913
195,1921,2.0,974705766
198,1921,2.0,1034138176
219,1921,3.0,1194681152
233,1921,3.5,1529334433
260,1921,4.5,1109409340
265,1921,4.0,965315113
274,1921,3.5,1203999681
282,1921,4.0,1378498129
287,1921,4.5,1110231598
298,1921,4.0,1447584820
312,1921,4.0,1043176773
387,1921,3.5,1094875411
391,1921,5.0,1030826899
414,1921,4.0,961514924
424,1921,3.5,1457901918
432,1921,3.5,1328051106
440,1921,3.5,1237569118
453,1921,4.0,1005967944
469,1921,4.0,965335463
474,1921,4.0,1089638204
477,1921,4.0,1201159393
479,1921,4.0,1039362531
480,1921,4.5,1179179360
517,1921,1.0,1487953780
555,1921,4.0,978841345
562,1921,3.5,1368894071
567,1921,3.0,1525287268
580,1921,4.5,1167861749
599,1921,4.0,1498499397
600,1921,3.5,1237851228
606,1921,3.5,1178302696
608,1921,4.5,1117336833
4,1923,3.0,986934870
7,1923,1.5,1106635444
11,1923,4.0,904510428
19,1923,4.0,965705784
33,1923,5.0,939647016
42,1923,4.0,996218709
45,1923,5.0,951170238
52,1923,5.0,1468051573
63,1923,2.0,1443201254
66,1923,4.0,1093747647
68,1923,4.0,1158531081
82,1923,4.0,1084464240
89,1923,3.5,1520408829
91,1923,3.0,1112711077
93,1923,5.0,942767298
100,1923,3.5,1100183784
115,1923,5.0,977610946
122,1923,4.5,1461562164
132,1923,2.0,1157922732
135,1923,5.0,1009691873
144,1923,3.0,1136812174
155,1923,4.0,961861958
156,1923,4.0,939853546
164,1923,3.0,999707976
169,1923,4.0,1078284776
177,1923,1.0,1435890587
182,1923,3.0,1054784187
195,1923,3.0,974709882
199,1923,5.0,940372390
200,1923,4.0,1229886448
201,1923,5.0,939226205
216,1923,4.0,975212308
219,1923,2.5,1194681102
221,1923,4.0,1111175985
222,1923,3.0,1391374781
225,1923,4.0,949111439
226,1923,2.5,1095662842
227,1923,4.5,1447189655
232,1923,3.0,1218166780
239,1923,4.0,1221158133
249,1923,3.5,1354107131
263,1923,4.0,940384646
266,1923,3.0,945669675
268,1923,3.0,940173387
274,1923,3.5,1171492218
275,1923,2.0,1049076587
280,1923,3.5,1348532025
286,1923,3.0,1119561952
288,1923,4.5,1054568296
294,1923,1.0,966595310
298,1923,2.5,1447584560
307,1923,3.0,1186161435
313,1923,5.0,1030557540
322,1923,4.0,1217676463
327,1923,5.0,1234789706
330,1923,5.0,1285905229
332,1923,4.0,1352673028
334,1923,4.0,1225477796
352,1923,3.0,1493673542
354,1923,4.0,1200870532
356,1923,3.5,1229141038
357,1923,4.0,1348612146
361,1923,3.5,1204045627
369,1923,3.5,1237081492
375,1923,4.5,1225314346
387,1923,3.5,1094878004
391,1923,4.0,1032390126
412,1923,3.0,939136944
414,1923,5.0,961438476
424,1923,3.5,1457846495
425,1923,3.5,1085477825
434,1923,3.5,1270606695
448,1923,4.0,1019127456
453,1923,4.0,972621329
462,1923,3.0,1123890876
464,1923,3.0,1287399805
469,1923,3.0,965425885
474,1923,3.0,1014923681
480,1923,4.0,1179177799
482,1923,4.0,1105395991
483,1923,4.5,1178293604
484,1923,4.0,1342295910
489,1923,3.5,1332772953
500,1923,3.0,1005527755
525,1923,3.0,1476476618
534,1923,4.5,1459787998
552,1923,4.0,1111472930
553,1923,3.5,1230773469
558,1923,4.0,1035416409
560,1923,4.0,1469648712
564,1923,4.0,1478452430
570,1923,3.5,1181477657
573,1923,4.5,1186722513
579,1923,5.0,958882329
580,1923,4.0,1167790046
590,1923,2.5,1258418163
593,1923,3.0,1181007874
594,1923,4.0,1108798820
597,1923,5.0,941558175
599,1923,3.0,1498525465
600,1923,3.0,1237712921
603,1923,4.0,963178398
606,1923,3.0,1171407023
608,1923,3.5,1117408287
610,1923,5.0,1479544264
177,1931,4.0,1435539429
186,1931,5.0,1031087825
332,1931,4.0,1352674447
474,1931,4.0,1098710014
527,1931,4.0,1033173833
577,1931,4.0,945965717
177,1938,4.0,1435719548
474,1938,4.0,1106231062
597,1938,4.0,940362491
474,1940,4.0,1100119605
96,1942,5.0,964773851
309,1942,4.0,1086564805
377,1942,4.5,1340343549
474,1942,3.5,1165539986
29,1945,4.5,1307905911
63,1945,2.5,1443200960
103,1945,4.0,1522172361
177,1945,5.0,1435535454
217,1945,3.0,955942870
221,1945,4.5,1118246917
265,1945,4.0,965316218
275,1945,5.0,1049079449
285,1945,4.0,1453940840
290,1945,5.0,975031147
310,1945,5.0,1078648481
346,1945,3.5,1125857720
362,1945,4.5,1530654530
387,1945,4.5,1095489624
414,1945,4.0,1095882980
469,1945,5.0,965662104
474,1945,4.0,1100119625
477,1945,4.0,1200943141
517,1945,1.0,1487958106
572,1945,5.0,945889698
590,1945,5.0,1258417259
597,1945,4.0,940362198
599,1945,4.5,1498539274
603,1945,5.0,953926529
4,1947,5.0,945079653
20,1947,5.0,1054147380
27,1947,5.0,965149512
55,1947,0.5,1312747732
64,1947,4.0,1161565966
104,1947,4.0,1048590891
127,1947,4.0,1263527174
169,1947,5.0,1078285264
177,1947,2.0,1435534899
186,1947,4.0,1031079149
188,1947,5.0,962560143
226,1947,4.0,1096420745
282,1947,3.0,1378498594
288,1947,3.0,976139738
290,1947,5.0,975031439
315,1947,4.0,939919700
325,1947,3.0,1039396341
328,1947,3.0,1494211095
357,1947,5.0,1348610861
377,1947,2.5,1340341895
381,1947,3.0,1167542994
387,1947,2.5,1094877841
391,1947,4.0,1030945141
414,1947,4.0,961513923
474,1947,5.0,983032675
477,1947,2.0,1201159382
489,1947,2.5,1333022653
514,1947,2.0,1534051833
517,1947,1.5,1487953989
525,1947,3.0,1476478078
554,1947,5.0,944900238
590,1947,4.0,1258422552
599,1947,3.0,1498523445
603,1947,5.0,954482349
156,1948,3.0,946799375
216,1948,4.0,975212259
325,1948,4.0,1039397313
587,1948,4.0,953138831
590,1948,3.0,1266390340
603,1948,4.0,1000194434
606,1948,3.5,1177512639
140,1950,4.0,1021898963
168,1950,5.0,1306801791
188,1950,4.0,962560383
199,1950,4.0,1057590495
290,1950,5.0,974938272
414,1950,4.0,961516989
469,1950,4.0,965845945
474,1950,3.5,1137520939
572,1950,5.0,945890206
590,1950,4.0,1258429294
599,1950,3.5,1498500907
188,1951,5.0,962560221
280,1951,4.0,1350194963
474,1951,4.0,1100008865
517,1951,3.0,1487956725
525,1951,3.0,1476478071
554,1951,4.0,944900345
599,1951,2.0,1519146923
22,1952,5.0,1268330620
23,1952,3.0,1107341802
66,1952,5.0,1113188495
74,1952,4.0,1207501739
140,1952,3.0,1021898963
182,1952,4.0,1055157421
202,1952,4.0,974925910
275,1952,3.0,1049079120
288,1952,4.0,979163463
290,1952,5.0,975030896
309,1952,1.5,1086565661
387,1952,4.0,1139129782
391,1952,5.0,1030827923
409,1952,5.0,969060032
414,1952,4.0,961516776
462,1952,5.0,1293373028
469,1952,5.0,965662104
474,1952,4.0,1085403482
477,1952,4.0,1200939236
508,1952,2.0,1268297521
572,1952,5.0,945889676
599,1952,2.5,1498532247
22,1953,4.5,1268726043
28,1953,4.0,1234338731
51,1953,5.0,1230929606
57,1953,4.0,965796716
59,1953,5.0,953610338
64,1953,3.0,1161565713
137,1953,4.0,1204863762
172,1953,3.0,1238715986
177,1953,2.5,1435534879
182,1953,3.5,1054780476
202,1953,4.0,974912665
217,1953,3.0,955935939
219,1953,3.5,1194680705
221,1953,3.0,1118246914
238,1953,4.0,1007931786
275,1953,4.0,1049079341
282,1953,4.0,1378497900
288,1953,4.0,976137780
294,1953,4.0,966597412
339,1953,4.5,1460183129
368,1953,3.0,971275527
383,1953,3.0,943571137
387,1953,4.0,1094876923
397,1953,4.5,1181966434
412,1953,4.0,939114647
414,1953,3.5,1485656779
448,1953,5.0,1019124211
469,1953,5.0,965333794
474,1953,4.0,1123258161
477,1953,4.5,1202061205
517,1953,1.5,1487958128
532,1953,4.0,1025523203
572,1953,5.0,946483213
590,1953,3.5,1258422397
597,1953,3.0,940421094
599,1953,3.5,1498539923
603,1953,4.0,953926854
608,1953,4.5,1117504693
610,1953,5.0,1493850274
1,1954,5.0,964982176
7,1954,4.5,1106635657
18,1954,4.0,1455749673
39,1954,2.0,974789327
57,1954,4.0,969754244
68,1954,3.5,1230497753
70,1954,4.5,1355185315
79,1954,4.0,975281904
91,1954,5.0,1112713821
103,1954,5.0,1431957501
116,1954,3.0,1337200360
135,1954,4.0,1009694067
153,1954,0.5,1525552646
156,1954,3.5,1106855539
199,1954,4.0,1261363367
202,1954,4.0,974912096
212,1954,3.5,1523216853
213,1954,4.5,1316197164
217,1954,2.0,955935905
219,1954,4.5,1194932353
222,1954,3.0,1391349739
226,1954,3.5,1097545224
232,1954,4.0,1182909320
239,1954,3.5,1221159123
249,1954,4.5,1410001876
265,1954,5.0,965315485
282,1954,4.0,1378497570
288,1954,5.0,976137780
298,1954,2.5,1450452239
305,1954,5.0,1513199505
313,1954,2.0,1030556220
330,1954,3.0,1285905640
354,1954,4.0,1200870921
367,1954,5.0,997812874
368,1954,4.0,975828999
380,1954,5.0,1493474242
387,1954,3.0,1095040708
414,1954,4.0,961515643
425,1954,3.0,1085490575
428,1954,2.5,1111523938
438,1954,4.0,1105667034
448,1954,4.0,1019124244
452,1954,4.0,1013394745
462,1954,5.0,1174438213
469,1954,4.0,965333863
474,1954,4.0,983033369
480,1954,4.5,1179178330
493,1954,5.0,1001562708
514,1954,4.0,1533872398
516,1954,5.0,994625023
517,1954,0.5,1487953271
525,1954,3.5,1476482379
532,1954,3.0,1025523798
561,1954,4.5,1491094627
572,1954,4.0,945890267
577,1954,4.0,945967351
590,1954,4.5,1258421257
597,1954,5.0,940421094
599,1954,4.0,1498499381
600,1954,2.0,1237713426
603,1954,4.0,953926900
606,1954,3.5,1180224597
607,1954,4.0,963078960
608,1954,4.5,1117504516
70,1955,3.5,1355184784
113,1955,4.0,980087938
140,1955,4.0,1012506531
177,1955,5.0,1435535665
326,1955,3.5,1322250652
334,1955,3.5,1232308790
348,1955,4.0,1378849943
448,1955,3.0,1019137845
474,1955,4.5,1081177360
517,1955,2.5,1487953325
590,1955,4.0,1260490937
597,1955,5.0,941640505
603,1955,4.0,1000194349
606,1955,4.0,1171236593
140,1957,5.0,942841652
202,1957,4.0,974912846
244,1957,5.0,975075399
288,1957,4.0,979163941
290,1957,4.0,974938796
368,1957,4.0,971273035
414,1957,3.0,961517121
469,1957,3.0,965846210
474,1957,5.0,988926325
480,1957,4.5,1179159592
488,1957,3.0,1112382417
597,1957,4.0,941639480
603,1957,4.0,953928263
70,1959,4.5,1355184760
108,1959,5.0,1042840682
138,1959,3.5,1222676198
202,1959,4.0,975015416
221,1959,3.5,1111178040
342,1959,3.0,1042822170
351,1959,3.0,1325978085
384,1959,4.0,996441021
474,1959,4.0,1105465745
555,1959,3.0,978822601
577,1959,4.0,945978449
597,1959,4.0,941640006
599,1959,3.0,1519139634
603,1959,3.0,953926202
606,1959,3.5,1171405527
23,1960,3.0,1107162960
27,1960,3.0,962686509
74,1960,5.0,1207499217
83,1960,3.5,1333842724
138,1960,4.0,1222676075
156,1960,4.0,946799109
160,1960,1.0,971113688
182,1960,4.0,1054782611
198,1960,3.0,1034137504
202,1960,3.0,974912892
288,1960,4.0,979163872
290,1960,5.0,974942694
332,1960,4.0,1352670980
348,1960,5.0,1378849870
359,1960,4.5,1192499427
368,1960,4.0,971274822
387,1960,3.0,1172558987
391,1960,4.0,1032389132
440,1960,4.0,1237568773
474,1960,4.0,1089386143
545,1960,3.0,1240358518
577,1960,3.0,945966432
580,1960,3.5,1167790719
599,1960,3.5,1519125880
603,1960,4.0,953927858
606,1960,4.0,1171376909
18,1961,4.0,1455050512
41,1961,4.0,1459367625
42,1961,4.0,996258052
45,1961,4.0,1007484335
47,1961,4.0,1496205246
62,1961,5.0,1523134030
64,1961,4.0,1161520193
66,1961,4.0,1093747568
68,1961,2.5,1158531027
86,1961,4.0,1344083078
91,1961,3.5,1112713372
97,1961,2.0,1043381823
100,1961,3.5,1100183740
103,1961,5.0,1440773613
116,1961,4.5,1337199946
118,1961,5.0,944923926
122,1961,5.0,1461561680
124,1961,4.0,1336412878
140,1961,4.0,942842394
144,1961,3.0,1136811794
153,1961,3.0,1525548831
156,1961,4.0,1106853845
157,1961,4.0,992479546
159,1961,3.0,1508641205
166,1961,4.0,1190827471
169,1961,4.5,1078284723
177,1961,5.0,1435720709
182,1961,4.0,1063285692
195,1961,4.0,974705276
198,1961,5.0,1034134690
202,1961,4.0,974912467
221,1961,3.0,1111175964
222,1961,4.0,1391350246
223,1961,3.5,1226209901
226,1961,4.0,1095662798
227,1961,4.5,1447209713
230,1961,3.0,1196304480
232,1961,4.0,1241823289
238,1961,2.0,1007930885
239,1961,4.5,1221158326
247,1961,3.0,1467661195
265,1961,4.0,965316395
274,1961,3.5,1186729066
282,1961,4.5,1378490589
286,1961,3.5,1119561962
288,1961,3.0,979163735
290,1961,5.0,974942604
292,1961,3.0,1293562699
299,1961,4.0,974620129
301,1961,4.5,1211377624
305,1961,4.0,1460135855
307,1961,3.0,1186161420
317,1961,2.0,1430366381
318,1961,3.5,1256504344
328,1961,2.0,1494211180
330,1961,4.0,1285905211
332,1961,4.0,1352672217
334,1961,3.5,1234630051
354,1961,4.0,1200870443
357,1961,4.5,1348612135
359,1961,4.0,1198112767
363,1961,3.0,1502584555
365,1961,1.5,1488332851
381,1961,4.5,1164877386
391,1961,4.0,1032389642
414,1961,4.0,961517011
420,1961,3.0,1218039841
425,1961,4.0,1085477707
432,1961,4.5,1316391653
448,1961,3.0,1019123894
461,1961,3.5,1505935246
462,1961,2.0,1154037877
474,1961,4.0,1047054374
480,1961,4.5,1179177754
482,1961,3.0,1105395968
489,1961,4.0,1334170438
510,1961,3.0,1141158978
514,1961,4.0,1533872374
517,1961,3.5,1487953148
526,1961,4.0,1502131992
527,1961,5.0,1033173355
528,1961,3.5,1391736663
531,1961,5.0,1032961546
560,1961,3.5,1469648111
562,1961,5.0,1368893918
570,1961,3.5,1181477628
572,1961,5.0,946485151
577,1961,4.0,945978437
580,1961,4.0,1167790390
590,1961,4.0,1258420730
596,1961,3.0,1535827266
597,1961,5.0,941639536
599,1961,3.5,1498542397
600,1961,3.5,1237857063
606,1961,4.0,1171927098
608,1961,4.5,1117409451
70,1962,4.0,1355184587
72,1962,3.5,1217324659
75,1962,4.5,1158967875
127,1962,3.0,1263527180
140,1962,3.0,942904025
160,1962,1.0,971113866
169,1962,4.5,1078285345
177,1962,4.5,1435534890
265,1962,4.0,965317961
275,1962,4.0,1049076274
288,1962,4.0,979164016
290,1962,4.0,974942322
357,1962,2.5,1348611984
474,1962,4.0,1002928215
480,1962,5.0,1179161550
483,1962,3.5,1215896092
514,1962,4.0,1533872443
555,1962,5.0,978821380
562,1962,4.0,1368897596
590,1962,4.0,1258415115
597,1962,4.0,941639536
600,1962,2.0,1237713417
606,1962,4.0,1171376849
42,1975,2.0,996260407
160,1975,1.0,976797944
225,1975,4.0,949261369
274,1975,2.5,1172007878
474,1975,2.0,1046984882
514,1975,2.0,1533874700
607,1975,4.0,963079647
42,1976,2.0,996260489
160,1976,1.0,976797944
474,1976,0.5,1056041417
514,1976,2.0,1533874823
546,1976,4.0,973588771
555,1976,3.0,978744919
571,1976,3.0,966901209
387,1977,2.0,1162190957
474,1977,1.5,1056041409
514,1977,2.0,1534086496
546,1977,4.0,973588771
555,1977,3.0,978744919
571,1977,3.0,966901061
514,1978,2.0,1534086545
571,1978,3.0,966901337
160,1979,3.0,976798114
305,1979,5.0,1524897941
527,1979,2.0,1033173275
571,1979,3.0,966901337
288,1983,2.0,976139017
380,1983,3.0,1536874792
474,1983,2.0,1002757205
514,1983,3.0,1533874678
555,1983,2.0,978823667
288,1984,2.5,1054569651
474,1984,2.0,1046984897
514,1984,2.0,1534086534
19,1994,3.0,965710781
28,1994,2.5,1234334964
39,1994,4.0,974787893
51,1994,4.0,1230932345
64,1994,4.5,1161620585
68,1994,2.5,1230498177
88,1994,3.5,1331420196
91,1994,4.0,1112711583
103,1994,4.0,1431957928
137,1994,3.5,1204859030
160,1994,4.0,971113866
172,1994,3.5,1238715976
177,1994,4.0,1435534823
182,1994,2.5,1055153175
195,1994,4.0,994033008
198,1994,2.0,1034137374
225,1994,4.0,949261330
232,1994,4.5,1182907621
244,1994,3.0,975075399
271,1994,3.5,1234301729
288,1994,3.0,976138577
299,1994,4.0,974620462
301,1994,0.5,1211376068
307,1994,2.5,1186162394
312,1994,4.0,1043176065
313,1994,3.0,1030556710
339,1994,2.0,1460182667
352,1994,5.0,1493932110
357,1994,3.5,1348610798
368,1994,3.0,971275562
380,1994,4.0,1494803767
383,1994,3.0,943571184
414,1994,4.0,961681795
474,1994,4.0,1136251475
489,1994,3.5,1385824051
514,1994,4.0,1533872652
527,1994,4.0,1033174400
555,1994,4.0,978821985
561,1994,3.5,1491090989
562,1994,4.0,1368895349
571,1994,3.0,966900368
599,1994,2.5,1519119603
600,1994,3.0,1237850844
603,1994,4.0,953925588
606,1994,2.5,1171229476
607,1994,4.0,963079469
608,1994,3.0,1117504720
288,1995,2.0,976139036
307,1995,1.0,1186172728
368,1995,2.0,971277279
474,1995,2.0,1046984846
555,1995,2.0,978823714
571,1995,1.0,966900972
357,1996,2.5,1348628820
367,1996,3.0,997810886
368,1996,1.0,971277439
474,1996,1.0,1046984897
51,1997,5.0,1230932340
68,1997,1.5,1305861489
113,1997,4.0,980051368
160,1997,5.0,986319784
177,1997,3.5,1435534483
221,1997,4.0,1111178036
222,1997,2.5,1391349719
225,1997,3.0,949261297
236,1997,5.0,943013896
264,1997,2.5,1136978494
274,1997,4.0,1171491523
290,1997,4.0,974939475
299,1997,4.0,974620418
307,1997,3.0,1186161939
312,1997,5.0,1043175985
313,1997,5.0,1030475592
328,1997,2.0,1494211925
339,1997,4.0,1460868604
346,1997,4.0,1125859006
352,1997,4.5,1493932105
354,1997,4.0,1200952925
357,1997,4.5,1348610803
380,1997,3.0,1494803575
387,1997,4.0,1094877135
414,1997,4.0,991327876
422,1997,4.0,986172117
428,1997,2.5,1111623841
432,1997,5.0,1316391091
450,1997,4.0,974705930
452,1997,5.0,1013397891
469,1997,5.0,965846279
474,1997,4.0,975173679
480,1997,3.0,1179161680
483,1997,2.5,1181496762
489,1997,3.5,1334170826
503,1997,4.0,1335219193
510,1997,4.5,1141158973
514,1997,4.0,1533872377
517,1997,1.0,1487953402
527,1997,5.0,1033176375
533,1997,5.0,1424754043
542,1997,1.5,1163386631
555,1997,3.0,978744364
561,1997,3.5,1491092023
562,1997,3.5,1368892691
590,1997,4.0,1258418138
597,1997,5.0,941640314
599,1997,3.5,1498798036
603,1997,4.0,953925513
606,1997,3.0,1178911117
607,1997,5.0,963079420
608,1997,4.5,1117502891
610,1997,4.0,1479543021
20,2006,2.0,1054036200
21,2006,2.5,1412968210
34,2006,4.5,1162047985
45,2006,5.0,950740549
50,2006,2.5,1514238569
57,2006,3.0,965798397
64,2006,3.5,1161521538
68,2006,4.0,1158532516
82,2006,2.0,1084463776
93,2006,4.0,942946091
103,2006,3.5,1431957566
116,2006,5.0,1337200394
140,2006,3.0,949667202
160,2006,1.0,974494188
177,2006,3.0,1435534445
182,2006,2.5,1054782998
195,2006,4.0,979858488
199,2006,3.0,940379698
200,2006,4.0,1229887073
232,2006,3.5,1218165584
249,2006,3.5,1346752071
263,2006,4.0,941591850
274,2006,2.5,1171491786
294,2006,2.0,966634057
304,2006,4.0,914132669
305,2006,5.0,1461945079
313,2006,3.0,1030556008
316,2006,1.5,1111493206
352,2006,3.0,1493673635
354,2006,3.5,1200941437
368,2006,2.0,975829531
380,2006,4.0,1494803566
381,2006,3.5,1168663095
387,2006,3.5,1118521031
414,2006,2.0,1008691064
425,2006,2.5,1085476688
431,2006,1.5,1267051810
438,2006,3.5,1105649775
448,2006,3.0,1019124400
449,2006,1.0,1053199018
452,2006,4.0,1013395144
453,2006,4.0,972621884
463,2006,3.0,1145460032
474,2006,4.0,974667415
475,2006,4.5,1498029445
480,2006,1.5,1179178298
482,2006,4.0,1105396538
483,2006,2.5,1181496802
489,2006,0.5,1334170750
490,2006,1.0,1324370316
520,2006,3.5,1326609780
525,2006,3.5,1476476613
560,2006,3.5,1469648875
572,2006,3.0,945888197
586,2006,3.5,1529899164
587,2006,4.0,953141998
590,2006,3.5,1258418127
599,2006,3.0,1498523883
607,2006,3.0,964744700
608,2006,2.5,1117415316
9,2011,3.0,1044657200
15,2011,5.0,1510572060
18,2011,3.5,1455748634
19,2011,2.0,965703834
21,2011,5.0,1417378095
42,2011,4.0,996258769
45,2011,3.0,950740896
51,2011,3.5,1230929592
62,2011,5.0,1521489589
66,2011,3.0,1093144011
67,2011,4.0,1501274293
68,2011,1.0,1158531956
82,2011,4.0,1084468168
91,2011,2.5,1112713558
122,2011,4.5,1461561777
132,2011,3.5,1157922830
149,2011,2.0,902084836
153,2011,1.0,1525551059
160,2011,4.0,971114256
169,2011,4.5,1078284889
177,2011,4.0,1435534180
200,2011,4.0,1229877812
201,2011,5.0,939226860
202,2011,3.0,974925156
210,2011,4.5,1473882005
217,2011,3.0,955943999
220,2011,4.5,1230062146
225,2011,4.0,949111619
226,2011,4.0,1095713170
239,2011,4.0,1221158556
249,2011,4.0,1346756382
256,2011,5.0,1447019714
265,2011,3.0,965315141
274,2011,3.5,1171492728
282,2011,5.0,1378491571
288,2011,4.5,1066059497
292,2011,4.0,1293563108
294,2011,3.0,966595915
298,2011,3.0,1450452251
301,2011,2.5,1211378463
305,2011,5.0,1511719155
307,2011,3.5,1186085737
312,2011,4.0,1043176884
313,2011,1.0,1030474533
328,2011,3.0,1494210902
330,2011,3.0,1285905383
332,2011,3.0,1352672315
354,2011,3.0,1200941533
356,2011,4.5,1232430491
357,2011,4.0,1348612248
369,2011,3.0,1237082062
376,2011,5.0,1364994564
380,2011,4.0,1495475860
381,2011,3.0,1165975946
387,2011,2.0,1095040641
391,2011,3.0,1030827137
414,2011,3.0,961514958
428,2011,1.0,1111489754
434,2011,3.5,1270606698
438,2011,4.0,1105649760
448,2011,3.0,1019128039
449,2011,2.5,1053198951
474,2011,2.0,1014924563
475,2011,5.0,1498031778
477,2011,4.0,1200946254
479,2011,2.0,1039367502
480,2011,4.0,1179177925
483,2011,4.0,1178293795
489,2011,3.5,1333101675
508,2011,4.0,1268298269
514,2011,2.0,1533872574
517,2011,4.0,1487954393
520,2011,4.0,1326608511
534,2011,4.5,1459787998
555,2011,3.0,978748996
564,2011,4.0,1478453896
570,2011,3.5,1181478154
573,2011,4.5,1248842092
580,2011,3.5,1167792880
586,2011,5.0,1529901327
590,2011,3.0,1258420964
599,2011,3.5,1498501595
600,2011,4.5,1237711752
603,2011,1.0,953928090
605,2011,4.0,1277097152
606,2011,3.5,1171325863
608,2011,2.5,1117504454
4,2019,2.0,945078690
7,2019,5.0,1106713565
16,2019,4.0,1377476792
17,2019,3.5,1307262285
18,2019,4.0,1455050114
23,2019,3.0,1107164361
50,2019,4.0,1533302036
57,2019,5.0,969754184
64,2019,5.0,1161529020
66,2019,4.5,1099187456
68,2019,3.5,1158534757
76,2019,4.0,1439166434
79,2019,5.0,975281842
91,2019,4.5,1112711080
97,2019,3.0,1043381994
105,2019,4.5,1447574114
140,2019,4.0,942842814
156,2019,5.0,939842664
165,2019,4.0,1046741833
168,2019,4.5,1306801959
217,2019,2.0,956194704
221,2019,5.0,1118246666
268,2019,5.0,940180858
274,2019,4.0,1200644410
282,2019,3.5,1378489639
298,2019,3.0,1466276056
304,2019,4.0,889952810
309,2019,5.0,1126148696
332,2019,4.5,1352672059
339,2019,4.0,1460346308
348,2019,5.0,1378850189
382,2019,5.0,1515160652
387,2019,4.5,1094876098
391,2019,5.0,1032387258
414,2019,5.0,1519593885
448,2019,5.0,1019132771
462,2019,3.5,1123891108
463,2019,4.0,1145460514
464,2019,3.5,1287403857
474,2019,4.0,1058290375
477,2019,4.5,1200939375
483,2019,4.5,1178292908
493,2019,4.0,1001562662
524,2019,4.0,851609506
599,2019,4.0,1498498925
601,2019,4.5,1441639457
603,2019,5.0,953926481
606,2019,4.0,1190466613
59,2020,5.0,953610464
66,2020,4.0,1099188103
135,2020,4.0,1009693950
137,2020,4.5,1204859049
140,2020,3.0,942840891
160,2020,2.0,971113527
177,2020,3.0,1435535073
202,2020,4.0,974925352
246,2020,4.5,1354126179
263,2020,4.0,941591657
275,2020,5.0,1049077245
288,2020,4.0,979163695
290,2020,4.0,975031439
313,2020,5.0,1030555594
326,2020,4.0,1322250492
332,2020,4.0,1352674405
357,2020,4.0,1348611745
414,2020,5.0,961513710
442,2020,1.0,1331560570
474,2020,4.0,1002928592
547,2020,5.0,942723549
572,2020,5.0,946484991
577,2020,4.0,945978416
603,2020,4.0,953927590
606,2020,4.0,1171327782
182,2022,5.0,1054780519
202,2022,3.0,975015080
387,2022,3.5,1135054209
474,2022,4.0,1143683448
590,2022,3.5,1267152088
597,2022,3.0,941639480
603,2022,4.0,953927858
610,2022,3.5,1479542193
9,2023,3.0,1044656650
21,2023,2.5,1428775446
28,2023,3.5,1234516183
42,2023,5.0,996213544
51,2023,3.5,1230932337
57,2023,3.0,969754641
62,2023,5.0,1525636725
64,2023,3.5,1161529245
68,2023,3.5,1158533286
95,2023,4.0,1043339302
132,2023,3.0,1157923210
140,2023,4.0,1035368843
160,2023,5.0,971115356
177,2023,2.0,1435534625
198,2023,4.0,1034137256
208,2023,4.0,940639513
221,2023,4.0,1111178043
238,2023,5.0,1007932083
239,2023,4.0,1221866475
244,2023,2.0,975073749
246,2023,3.0,1353864602
255,2023,1.0,1005717223
281,2023,1.0,1182999688
294,2023,3.0,966597632
307,2023,3.5,1186162169
313,2023,3.0,1030556316
325,2023,3.0,1039396077
362,2023,4.0,1530637846
368,2023,2.0,975828236
380,2023,3.0,1494803667
391,2023,3.0,1031030942
425,2023,3.5,1085490799
435,2023,5.0,1366675878
448,2023,3.0,1082281251
452,2023,5.0,1019580899
469,2023,3.0,965334279
480,2023,3.0,1179178699
522,2023,2.5,1253343514
532,2023,4.0,1025523392
577,2023,4.0,945967458
590,2023,3.0,1258421624
597,2023,3.0,940361738
599,2023,2.5,1498518322
603,2023,2.0,963177853
608,2023,4.5,1189471155
1,2028,4.0,964981888
11,2028,5.0,902153951
15,2028,3.5,1510571984
17,2028,4.5,1305696726
18,2028,4.0,1455209855
24,2028,4.0,1458941924
25,2028,5.0,1535470505
28,2028,3.5,1234515641
29,2028,5.0,1362016835
33,2028,5.0,939646902
41,2028,2.0,1459367469
42,2028,5.0,996217964
45,2028,5.0,950726408
47,2028,4.0,1496205180
49,2028,4.5,1493089784
57,2028,5.0,965799491
59,2028,5.0,953609057
62,2028,4.0,1521489641
63,2028,3.5,1443199838
64,2028,4.0,1161520159
65,2028,4.0,1494768486
66,2028,4.5,1093747622
67,2028,4.5,1501273553
68,2028,4.0,1158531283
73,2028,5.0,1464267293
79,2028,5.0,975281874
82,2028,3.5,1084467835
83,2028,5.0,1332840351
86,2028,3.5,1344082583
91,2028,4.5,1112713067
93,2028,5.0,942947205
95,2028,5.0,1043339248
96,2028,4.0,964772956
97,2028,5.0,1043382089
100,2028,4.0,1100185865
103,2028,4.0,1431957058
105,2028,5.0,1448213999
110,2028,3.5,1175330156
112,2028,5.0,1442535853
115,2028,5.0,944950805
118,2028,4.0,944924731
129,2028,4.5,1167375631
131,2028,2.5,1349840456
135,2028,4.0,1009692826
137,2028,4.0,1204859327
140,2028,5.0,942841170
141,2028,4.0,1513129890
144,2028,3.5,1137323525
155,2028,4.0,961860714
160,2028,5.0,971112587
165,2028,3.0,1046741758
166,2028,4.5,1189038178
167,2028,3.5,1154722138
169,2028,5.0,1078284565
178,2028,5.0,1164354854
182,2028,3.0,1054780925
183,2028,5.0,992331285
195,2028,3.0,974709608
196,2028,3.0,1460954279
197,2028,3.0,947462973
198,2028,4.0,1034136177
199,2028,4.0,940372462
201,2028,5.0,939227714
202,2028,4.0,974912380
208,2028,5.0,940639310
209,2028,4.0,1524522191
211,2028,4.0,1350913025
212,2028,2.5,1490114713
215,2028,3.0,1260908651
217,2028,4.0,955935759
219,2028,4.5,1194686164
220,2028,5.0,1230328050
222,2028,3.0,1391350133
224,2028,5.0,971812185
232,2028,5.0,1241823312
233,2028,4.0,1520206309
234,2028,3.0,1004407958
239,2028,5.0,1221158235
241,2028,3.0,1447536110
244,2028,5.0,975075995
247,2028,4.0,1467644160
249,2028,4.5,1346758267
251,2028,5.0,1470676715
254,2028,5.0,1180446376
261,2028,4.0,1404881475
263,2028,4.0,940384199
265,2028,4.0,965316313
266,2028,4.0,944980502
274,2028,4.0,1171758796
279,2028,4.0,1506394173
282,2028,4.5,1378490303
286,2028,4.5,1119562941
287,2028,3.5,1110230041
288,2028,3.5,1054569131
290,2028,4.0,975031464
292,2028,4.0,973817006
296,2028,4.5,1532993839
300,2028,4.0,1425351455
304,2028,5.0,902745302
305,2028,4.0,1460135344
308,2028,0.5,1421373779
309,2028,4.5,1126452287
312,2028,4.0,1043177095
313,2028,5.0,1030556154
317,2028,5.0,1430361527
318,2028,3.5,1312876309
326,2028,3.5,1324235748
328,2028,2.5,1494210795
330,2028,3.5,1285904512
332,2028,4.0,1352672746
336,2028,4.0,1122227314
339,2028,5.0,1460182401
344,2028,4.0,1420496069
352,2028,4.5,1493673474
354,2028,3.5,1200870105
356,2028,4.0,1229142773
357,2028,4.5,1348612063
366,2028,4.0,1445546520
368,2028,5.0,971274649
380,2028,5.0,1493473912
382,2028,4.5,1515162599
391,2028,2.0,1030824520
407,2028,4.0,1424349622
409,2028,2.0,967912852
413,2028,5.0,1484439998
414,2028,5.0,961512341
419,2028,5.0,1321647749
425,2028,4.0,1085477467
428,2028,3.5,1111524302
434,2028,5.0,1270606647
438,2028,4.0,1105666237
439,2028,4.0,1436943895
445,2028,3.5,1454622058
450,2028,5.0,974704498
452,2028,5.0,1013394673
453,2028,4.0,972621683
462,2028,2.0,1127101042
463,2028,4.5,1145460281
464,2028,4.5,1287399396
465,2028,5.0,959896573
467,2028,4.0,919671539
469,2028,4.0,965333710
474,2028,3.0,974667301
477,2028,4.0,1200939714
479,2028,3.0,1039367629
480,2028,4.5,1179177682
483,2028,4.0,1178293027
489,2028,3.0,1333101345
493,2028,4.0,1001562535
494,2028,5.0,1001666475
495,2028,4.5,1458635260
497,2028,3.0,1429127151
503,2028,3.0,1335219392
509,2028,3.5,1436393168
514,2028,4.0,1533872451
515,2028,5.0,1513601986
517,2028,3.0,1487953141
522,2028,5.0,1253344741
526,2028,3.0,1502131903
532,2028,5.0,1025523643
534,2028,4.5,1459787998
540,2028,5.0,1179108788
549,2028,5.0,1464282657
551,2028,4.5,1504317297
554,2028,5.0,944902327
555,2028,5.0,978840102
557,2028,3.5,1452874629
558,2028,4.0,1035415373
560,2028,3.5,1469652483
561,2028,4.5,1491091932
562,2028,3.0,1368894738
570,2028,4.0,1181477215
572,2028,5.0,945889361
573,2028,5.0,1186589564
577,2028,5.0,945966132
579,2028,3.0,958879593
580,2028,5.0,1167673436
586,2028,2.5,1529899290
590,2028,4.0,1258420540
594,2028,4.0,1109036780
597,2028,5.0,941730854
599,2028,3.5,1498537662
601,2028,5.0,1441639463
603,2028,5.0,963177579
606,2028,4.0,1171233580
607,2028,5.0,963078901
608,2028,4.5,1117415309
610,2028,5.0,1479545856
1,2054,4.0,964981747
19,2054,3.0,965704304
20,2054,2.5,1054036164
27,2054,4.0,965149992
51,2054,3.0,1230929585
57,2054,3.0,965798916
64,2054,3.5,1161519681
68,2054,1.0,1158532286
91,2054,2.5,1112713690
93,2054,4.0,942947102
96,2054,2.0,964773714
103,2054,3.5,1431957358
116,2054,2.0,1337200195
144,2054,3.0,1137324151
156,2054,2.0,1106855503
160,2054,2.0,971114462
167,2054,3.0,1154718763
169,2054,3.0,1059427157
177,2054,2.5,1435534229
186,2054,4.0,1031080305
200,2054,3.0,1229886443
201,2054,4.0,941212089
217,2054,3.0,955942294
219,2054,3.0,1194931996
226,2054,4.0,1095663078
230,2054,2.0,1196305016
232,2054,2.5,1182910449
233,2054,2.0,1448816519
234,2054,4.0,1004409156
264,2054,2.5,1136978249
274,2054,2.0,1171756237
275,2054,2.0,1049077156
288,2054,3.5,1054568597
294,2054,3.0,966596382
307,2054,1.5,1186161644
313,2054,1.0,1030475470
316,2054,2.0,1111493111
330,2054,3.0,1285905455
357,2054,3.5,1348612300
381,2054,3.5,1164877045
382,2054,4.0,1515174669
414,2054,3.0,961515297
418,2054,0.5,1461868562
425,2054,2.5,1085490633
428,2054,0.5,1111487500
434,2054,3.5,1271039349
448,2054,4.0,1019125435
449,2054,2.0,1053198986
464,2054,2.0,1287400400
469,2054,3.0,965335769
474,2054,4.0,1046886480
477,2054,4.0,1200941271
480,2054,2.0,1179178215
483,2054,2.5,1178358465
489,2054,1.5,1333101723
495,2054,3.0,1458636440
509,2054,2.5,1436000643
517,2054,1.5,1487956801
527,2054,3.0,1033176045
534,2054,4.0,1459787996
555,2054,3.0,978822826
570,2054,2.5,1181478297
577,2054,3.0,945965886
587,2054,3.0,953139965
599,2054,3.0,1498524093
600,2054,3.0,1237715309
607,2054,3.0,964743424
608,2054,1.5,1117490681
1,2058,5.0,964982400
18,2058,3.5,1476911164
22,2058,0.5,1268726061
28,2058,2.0,1242290303
33,2058,3.0,939646865
91,2058,3.0,1112718179
96,2058,5.0,964772862
140,2058,3.5,1172256140
160,2058,1.0,971115156
169,2058,4.5,1078285260
182,2058,4.5,1054783810
183,2058,4.0,992331702
208,2058,4.0,940639513
217,2058,3.0,955935983
219,2058,3.5,1198782304
295,2058,1.5,1320064403
305,2058,4.0,1461353224
307,2058,2.5,1186162369
320,2058,4.0,1284250624
368,2058,3.0,971275979
414,2058,3.0,961681885
438,2058,4.5,1105649952
453,2058,3.0,1005968155
469,2058,3.0,965334150
474,2058,4.0,1100291838
577,2058,3.0,945967415
586,2058,4.0,1529899373
590,2058,3.5,1258416857
594,2058,4.5,1108974431
599,2058,3.0,1498524940
20,2059,3.5,1054038343
27,2059,3.0,962685470
89,2059,1.5,1520408460
103,2059,3.5,1431970225
177,2059,3.5,1435536323
226,2059,3.0,1097545963
232,2059,3.0,1182909401
274,2059,3.0,1171829543
474,2059,2.0,1014924460
484,2059,2.5,1342227954
509,2059,2.5,1436000423
563,2059,4.5,1448749363
583,2059,2.5,1481474552
594,2059,4.0,1119928082
600,2059,3.0,1237762809
45,2064,4.0,1020802309
64,2064,4.0,1161563836
135,2064,5.0,1009694504
137,2064,5.0,1204859055
156,2064,3.0,939853546
182,2064,2.0,1054781246
186,2064,4.0,1031080694
187,2064,4.0,1161849246
202,2064,4.0,974923542
216,2064,5.0,975212544
219,2064,2.5,1198782300
245,2064,2.0,951182799
253,2064,4.0,1286644330
255,2064,1.0,1005717630
266,2064,5.0,945669831
268,2064,2.0,940183286
275,2064,5.0,1049077274
282,2064,3.5,1514068367
288,2064,3.5,1054568910
294,2064,4.0,966595276
357,2064,4.0,1348610488
409,2064,5.0,968979119
410,2064,5.0,990910063
412,2064,4.0,939114177
414,2064,3.0,1033149028
462,2064,4.5,1123891919
474,2064,4.0,1077546599
477,2064,4.0,1200939168
597,2064,5.0,941641362
599,2064,4.0,1519178308
603,2064,4.0,954482046
19,2065,2.0,965706045
156,2065,3.0,939854008
198,2065,4.0,1034136733
217,2065,2.0,955943681
288,2065,3.0,975692602
348,2065,5.0,1378849996
387,2065,3.5,1142324414
410,2065,5.0,990910136
469,2065,4.0,965425390
477,2065,4.0,1200948804
600,2065,4.5,1237759756
603,2065,4.0,953927732
606,2065,4.5,1171365514
290,2066,4.0,974938560
474,2066,4.0,1137521317
590,2066,3.5,1266390133
603,2066,5.0,953925349
140,2070,4.0,1055092732
422,2070,4.0,1010279817
474,2070,4.0,1113829296
554,2070,1.0,944901514
603,2070,4.0,953926303
387,2071,3.5,1155628489
599,2071,3.0,1519369366
4,2076,4.0,945079052
59,2076,5.0,953610526
74,2076,5.0,1207499090
79,2076,4.0,975281520
91,2076,4.0,1112716797
105,2076,4.0,1447586857
113,2076,4.0,980307456
122,2076,5.0,1461562669
132,2076,3.0,1157923640
135,2076,4.0,1009693935
140,2076,3.0,1024051433
156,2076,5.0,939898085
168,2076,4.5,1306806642
182,2076,4.5,1075764806
187,2076,5.0,1161954662
195,2076,2.0,974710250
223,2076,1.0,1226209223
260,2076,2.0,1109409334
274,2076,4.0,1171172465
313,2076,4.0,1030556067
318,2076,4.0,1285271697
346,2076,3.5,1094645857
357,2076,3.5,1348610015
380,2076,5.0,1494803781
387,2076,4.5,1094875371
390,2076,4.5,1250339036
391,2076,4.0,1030824794
405,2076,4.5,1300897494
412,2076,3.0,939115095
414,2076,4.0,1024928472
424,2076,3.5,1457901991
427,2076,4.0,1053071620
430,2076,5.0,995828418
454,2076,3.0,1279547281
462,2076,4.5,1124158233
474,2076,4.0,1137418822
503,2076,4.0,1335219187
547,2076,5.0,942723440
555,2076,3.0,978821102
577,2076,3.0,945978437
585,2076,4.0,1307416302
590,2076,3.5,1258422526
597,2076,4.0,941639968
599,2076,3.5,1519117839
603,2076,5.0,953927685
610,2076,5.0,1493850307
1,2078,5.0,964982838
4,2078,5.0,945079521
19,2078,2.0,965705896
20,2078,4.5,1054038081
39,2078,3.0,974788976
45,2078,5.0,950726248
63,2078,5.0,1443200302
64,2078,4.0,1161564431
68,2078,3.0,1158534646
75,2078,5.0,1158982700
103,2078,4.0,1431957973
104,2078,4.0,1048590907
111,2078,3.5,1517440229
132,2078,3.0,1157968835
140,2078,4.0,1021899034
160,2078,4.0,971619022
177,2078,3.0,1435534866
185,2078,4.0,1044311830
186,2078,4.0,1031080921
212,2078,4.0,1523217061
219,2078,3.5,1198783040
220,2078,3.0,1235449233
226,2078,3.5,1101193308
232,2078,3.0,1076956629
247,2078,5.0,1467935453
249,2078,4.5,1356439506
263,2078,4.0,945849879
274,2078,3.0,1171759746
288,2078,3.0,976120692
294,2078,4.0,966595143
328,2078,3.5,1494210562
367,2078,5.0,997812119
380,2078,4.0,1494803764
381,2078,3.0,1167543404
382,2078,4.5,1515161431
391,2078,5.0,1032389665
414,2078,4.0,962026751
469,2078,5.0,965425831
474,2078,4.0,983032723
483,2078,2.5,1327277836
484,2078,5.0,1342297351
490,2078,3.0,1328145563
500,2078,3.0,1005528355
509,2078,2.0,1436000056
514,2078,4.0,1533872507
517,2078,5.0,1487956638
525,2078,4.0,1476480301
554,2078,4.0,944900238
579,2078,2.0,958881146
590,2078,4.5,1258422540
595,2078,4.0,938807654
599,2078,3.0,1519120210
600,2078,3.5,1237713399
3,2080,0.5,1306463572
20,2080,4.0,1054038091
27,2080,4.0,965149710
33,2080,4.0,940422746
39,2080,3.0,974788841
45,2080,4.0,950722311
57,2080,4.0,965796031
64,2080,4.0,1161565790
68,2080,3.0,1158533618
103,2080,3.5,1431957821
104,2080,3.5,1356553966
113,2080,5.0,980306890
116,2080,3.5,1337195923
153,2080,2.0,1525552210
156,2080,1.0,951113118
161,2080,3.5,1176498595
177,2080,4.0,1435534751
198,2080,5.0,1034136789
201,2080,4.0,939801727
217,2080,3.0,955942646
224,2080,4.0,971812611
226,2080,3.0,1095663233
230,2080,2.0,1196304120
232,2080,2.5,1182910401
234,2080,5.0,1004409394
263,2080,3.0,945849933
274,2080,3.0,1171944340
288,2080,3.0,976139964
292,2080,3.0,1360446306
313,2080,1.0,1030558326
328,2080,3.5,1494210967
355,2080,3.0,974966389
357,2080,3.5,1348627530
367,2080,5.0,997811963
380,2080,3.0,1494803700
381,2080,3.0,1167542980
391,2080,5.0,1032648534
414,2080,4.0,961513862
432,2080,3.0,1315242214
474,2080,4.0,978575802
479,2080,4.0,1039362593
480,2080,3.5,1179178919
484,2080,4.5,1342296976
489,2080,3.5,1332704551
509,2080,3.0,1436000059
517,2080,4.0,1487956655
525,2080,2.0,1476480308
534,2080,3.5,1459787996
554,2080,5.0,944900345
587,2080,4.0,953138576
590,2080,3.5,1258426872
599,2080,2.5,1519122108
600,2080,3.0,1237859109
607,2080,3.0,964744628
608,2080,3.0,1117415527
15,2085,1.5,1510578050
20,2085,4.0,1054038493
27,2085,3.0,965149586
39,2085,3.0,974788841
64,2085,3.0,1161566028
68,2085,3.0,1158535301
89,2085,3.0,1520408589
92,2085,3.5,1294941801
95,2085,4.0,1043339777
140,2085,4.0,1021899051
146,2085,4.0,1312508159
177,2085,5.0,1435891096
178,2085,1.5,1163673592
185,2085,4.0,1044311830
217,2085,3.0,955942619
219,2085,4.0,1198814627
226,2085,3.0,1096420068
247,2085,3.5,1467935459
250,2085,4.0,1121217942
263,2085,3.0,945849913
264,2085,4.0,1136978839
274,2085,3.5,1172269362
288,2085,3.0,978469455
292,2085,4.5,1293563091
301,2085,2.0,1211376280
315,2085,3.0,939919700
332,2085,3.5,1352672507
380,2085,3.0,1494803881
381,2085,3.0,1164381726
414,2085,4.0,961519005
474,2085,4.0,983032739
477,2085,4.0,1200942046
479,2085,4.0,1039362482
480,2085,3.5,1179159577
484,2085,4.5,1342297714
509,2085,3.0,1436000070
517,2085,4.0,1487956869
525,2085,3.5,1476480391
527,2085,3.0,1033174240
534,2085,4.0,1459787998
546,2085,2.0,973588258
555,2085,4.0,980123781
590,2085,4.0,1258422975
600,2085,3.0,1237713403
19,2097,3.0,965704904
51,2097,2.5,1230931323
91,2097,2.0,1112717157
266,2097,2.0,944980740
288,2097,3.0,976138675
313,2097,2.0,1030475828
414,2097,3.0,961681287
474,2097,3.5,1138559440
607,2097,5.0,963079534
608,2097,3.0,1117506288
12,2100,3.5,1247263337
19,2100,3.0,965704281
20,2100,3.5,1054036178
27,2100,4.0,965149969
42,2100,4.0,996258715
51,2100,4.0,1230932329
55,2100,0.5,1312747638
57,2100,3.0,969753562
64,2100,3.5,1161521607
68,2100,3.0,1158532752
91,2100,3.0,1112713775
100,2100,3.5,1100184827
127,2100,2.0,1263527048
156,2100,3.0,1106855511
186,2100,4.0,1031087641
201,2100,4.0,939820856
202,2100,4.0,974924087
203,2100,3.0,1390094451
217,2100,2.0,955943760
224,2100,5.0,971812094
226,2100,3.0,1097545890
239,2100,3.0,1221159185
249,2100,3.5,1354896459
275,2100,5.0,1049077032
288,2100,4.0,975692602
294,2100,3.0,966595245
307,2100,1.5,1186161927
313,2100,1.0,1030475440
357,2100,3.5,1348611566
380,2100,3.0,1494803640
381,2100,3.5,1167542134
406,2100,0.5,1296959182
414,2100,3.0,961514035
430,2100,2.0,962936051
448,2100,3.0,1019127641
469,2100,3.0,965425831
474,2100,4.0,1100291843
479,2100,2.0,1039360680
480,2100,2.0,1179178312
483,2100,3.5,1215895499
504,2100,3.5,1063644493
514,2100,2.5,1533873611
517,2100,2.0,1488399419
525,2100,4.0,1476480786
555,2100,4.0,978821670
590,2100,3.5,1258418120
597,2100,4.0,941641110
599,2100,2.5,1498515759
603,2100,4.0,953928153
605,2100,3.0,1277176625
606,2100,3.5,1171822424
19,2108,3.0,965706140
33,2108,2.0,939646865
45,2108,2.0,951170390
57,2108,3.0,965797154
68,2108,3.0,1230498355
100,2108,3.5,1100184281
113,2108,4.0,980051801
132,2108,3.0,1157968789
199,2108,3.0,940372462
202,2108,4.0,974923921
217,2108,3.0,955943917
224,2108,5.0,971812895
263,2108,3.0,940384490
288,2108,3.0,975693081
325,2108,4.0,1039395682
367,2108,2.0,997812459
391,2108,4.0,1030827326
412,2108,5.0,939114304
448,2108,3.0,1019127430
474,2108,4.0,974668805
479,2108,5.0,1039362765
500,2108,4.0,1005527801
587,2108,4.0,953138510
597,2108,4.0,941557958
92,2114,3.0,1294941607
274,2114,3.5,1171828253
288,2114,3.0,980534778
307,2114,3.0,1186950906
346,2114,3.5,1155066865
414,2114,5.0,961518026
421,2114,3.5,1311494216
474,2114,4.0,1046978958
477,2114,3.5,1200946894
503,2114,3.0,1335214603
514,2114,4.0,1535943792
577,2114,4.0,945978546
597,2114,5.0,941639635
603,2114,3.0,953927944
606,2114,4.5,1171407500
607,2114,4.0,964744550
1,2115,5.0,964982529
18,2115,4.0,1455748562
19,2115,3.0,965709534
21,2115,4.0,1403460900
24,2115,4.0,1458941695
27,2115,4.0,965150230
41,2115,2.0,1459367648
42,2115,4.0,996258201
45,2115,4.5,1121724747
48,2115,5.0,1127128639
57,2115,3.0,965798155
62,2115,4.5,1521822456
63,2115,4.0,1443200254
64,2115,3.0,1161521395
66,2115,3.0,1099187073
68,2115,4.0,1271544860
75,2115,3.5,1158990116
82,2115,4.5,1084463963
83,2115,2.0,1334193265
91,2115,3.5,1112712160
95,2115,4.5,1071803863
96,2115,5.0,964772610
116,2115,4.5,1337200069
135,2115,4.0,1009693108
144,2115,4.0,1137323976
156,2115,3.5,1106855291
160,2115,3.0,971436749
164,2115,4.0,999708378
166,2115,4.0,1190828670
177,2115,3.0,1435977875
182,2115,4.0,1054783847
186,2115,4.0,1031087950
198,2115,3.0,1034207373
200,2115,4.0,1229886375
201,2115,5.0,939227212
202,2115,3.0,974923259
213,2115,3.5,1316196842
215,2115,4.0,1260909348
217,2115,5.0,955940534
219,2115,3.0,1194932067
220,2115,4.0,1230061548
226,2115,4.0,1095662972
230,2115,3.0,1196304847
232,2115,3.5,1218166034
234,2115,3.0,1004408102
239,2115,4.5,1221158767
248,2115,4.0,1534591719
249,2115,3.5,1346757909
266,2115,4.0,945670386
268,2115,2.0,940194367
274,2115,4.0,1212003437
279,2115,4.0,1506394809
282,2115,4.0,1378495009
287,2115,1.5,1110229808
288,2115,3.5,1054569544
292,2115,4.0,1332678514
294,2115,3.0,966634003
298,2115,3.5,1452692142
305,2115,1.0,1519591487
307,2115,3.0,1186161597
313,2115,2.0,1030476573
328,2115,4.0,1494210456
334,2115,2.5,1232308353
354,2115,3.5,1200870626
356,2115,3.5,1229143460
357,2115,4.0,1348612216
368,2115,2.0,975829315
370,2115,4.0,1159164152
376,2115,4.5,1364994487
380,2115,5.0,1493474185
381,2115,3.5,1165975937
387,2115,3.5,1094938302
391,2115,2.0,1032390215
414,2115,4.0,961515928
425,2115,4.0,1085490470
428,2115,3.0,1111525787
434,2115,4.5,1270606806
448,2115,4.0,1164622254
452,2115,5.0,1019580769
462,2115,1.5,1154038059
469,2115,3.0,965334034
474,2115,2.0,1087832889
475,2115,5.0,1498031761
477,2115,4.0,1200940052
480,2115,5.0,1179162386
483,2115,4.0,1178293773
489,2115,4.0,1333101631
514,2115,4.0,1533872366
517,2115,3.0,1487957659
520,2115,3.0,1326609399
527,2115,5.0,1033175858
534,2115,4.0,1459787998
552,2115,3.5,1112151110
555,2115,4.0,978822017
560,2115,4.0,1469657601
561,2115,4.5,1491092110
570,2115,4.0,1181478097
573,2115,5.0,1186722096
577,2115,3.0,945965866
580,2115,3.5,1167792434
590,2115,3.5,1258416848
597,2115,3.0,941729229
599,2115,3.5,1498501134
600,2115,3.5,1237715303
603,2115,3.0,953928033
606,2115,3.5,1171754613
607,2115,3.0,963079043
608,2115,3.0,1117162059
1,2116,5.0,964982876
20,2116,2.5,1054038315
138,2116,3.0,1222676193
186,2116,4.0,1031080005
202,2116,3.0,974923220
226,2116,2.5,1096420073
288,2116,3.0,1068837311
313,2116,5.0,1030474930
370,2116,1.5,1159163455
414,2116,4.0,961514985
474,2116,2.0,1014924446
477,2116,4.0,1200939306
552,2116,1.5,1111473265
597,2116,4.0,941640505
599,2116,2.0,1519177403
19,2118,2.0,965711106
39,2118,5.0,974787893
135,2118,3.0,1009690817
160,2118,5.0,971113741
202,2118,4.0,974924887
288,2118,4.5,1054568235
368,2118,3.0,971275733
387,2118,3.5,1128578141
474,2118,4.0,1060606649
483,2118,3.5,1215872177
514,2118,3.5,1535944654
527,2118,5.0,1033175105
599,2118,3.0,1519124983
603,2118,3.0,953925630
607,2118,4.0,963079469
47,2121,2.5,1496206299
288,2121,2.0,976138991
307,2121,2.0,1186172287
368,2121,2.0,971277213
474,2121,2.0,1046984787
514,2121,2.0,1533874779
555,2121,3.0,978823714
91,2122,4.0,1112717166
260,2122,3.5,1109409733
274,2122,3.5,1238050932
288,2122,1.0,985627198
292,2122,1.5,1300574064
307,2122,3.5,1186087866
368,2122,2.0,971277319
384,2122,1.0,994038975
474,2122,1.0,988580034
571,2122,3.0,966901105
600,2122,3.0,1237852251
45,2124,4.0,951170445
51,2124,4.0,1230929579
57,2124,3.0,972174279
62,2124,5.0,1525636840
64,2124,4.0,1161565612
68,2124,3.5,1158534968
103,2124,4.0,1431968113
111,2124,4.0,1516156208
132,2124,3.5,1157967524
135,2124,4.0,1009690765
146,2124,3.5,1312509085
217,2124,3.0,955935270
246,2124,5.0,1354146071
274,2124,2.0,1171759094
283,2124,3.0,901228254
288,2124,3.0,978471477
294,2124,3.0,966595713
307,2124,2.5,1186084495
325,2124,3.0,1039399042
351,2124,1.0,1325977864
377,2124,4.0,1340342782
380,2124,5.0,1493474212
381,2124,2.5,1167543455
387,2124,2.5,1138430320
414,2124,2.0,961438532
448,2124,3.0,1019563464
469,2124,3.0,965425798
474,2124,3.0,978576063
477,2124,3.0,1200943094
482,2124,4.0,1105396607
483,2124,1.5,1181496660
489,2124,2.5,1385824159
509,2124,4.0,1436393922
555,2124,4.0,978748308
599,2124,3.0,1498523602
600,2124,4.0,1237709196
605,2124,3.0,1277096035
608,2124,3.0,1117415514
91,2138,4.0,1112711799
129,2138,4.5,1167378132
186,2138,4.0,1031080921
313,2138,5.0,1030475342
414,2138,4.0,961517101
477,2138,4.0,1200945668
489,2138,3.5,1333657391
509,2138,3.0,1436424691
527,2138,4.0,1033174935
567,2138,4.5,1525283741
1,2139,5.0,964982791
19,2139,3.0,965709025
66,2139,4.0,1093747802
68,2139,2.5,1261624292
87,2139,3.0,1270703092
92,2139,4.0,1294941502
129,2139,3.5,1167378117
167,2139,3.0,1154721825
217,2139,3.0,955942646
226,2139,4.0,1172040549
288,2139,3.0,978469199
307,2139,3.5,1186174174
380,2139,4.0,1494804361
387,2139,4.0,1094877162
414,2139,4.0,961518975
448,2139,3.0,1019126719
474,2139,4.0,1137521182
517,2139,1.5,1487957868
525,2139,3.5,1476480289
570,2139,3.5,1181554524
600,2139,4.0,1237759746
4,2145,3.0,986935328
13,2145,3.0,987456968
19,2145,2.0,965706615
68,2145,3.0,1158535290
111,2145,3.0,1517441355
177,2145,3.0,1435535067
200,2145,4.5,1229888469
201,2145,4.0,939227412
202,2145,3.0,975015416
215,2145,4.0,1260905520
268,2145,2.0,940183205
307,2145,3.0,1186162818
325,2145,2.0,1039395929
391,2145,5.0,1030826551
410,2145,4.0,990910594
414,2145,4.0,961514161
442,2145,2.0,1331560550
462,2145,3.0,1515196147
474,2145,4.0,978576312
489,2145,3.5,1333101187
525,2145,3.5,1476477615
555,2145,4.0,978822393
561,2145,3.0,1491095454
562,2145,4.5,1368896616
572,2145,2.0,979923914
577,2145,3.0,945978520
587,2145,3.0,953138957
597,2145,4.0,941639716
599,2145,3.0,1498525168
600,2145,3.5,1237715295
603,2145,2.0,953928361
605,2145,3.0,1277094764
606,2145,3.5,1171404887
42,2146,4.0,996258824
66,2146,4.5,1113188460
91,2146,2.5,1112718186
182,2146,3.5,1063285487
202,2146,3.0,975015599
288,2146,2.0,979164730
322,2146,3.0,1217675098
356,2146,4.5,1229142976
414,2146,4.0,961514489
448,2146,3.0,1019141823
462,2146,0.5,1171502799
474,2146,3.0,1007320793
479,2146,3.0,1039362619
555,2146,3.0,978822601
577,2146,4.0,945978570
597,2146,4.0,941640006
22,2160,4.0,1268330584
41,2160,5.0,1459368424
50,2160,4.0,1523039151
59,2160,5.0,953610338
74,2160,5.0,1207502914
91,2160,4.5,1112718159
122,2160,5.0,1461562816
177,2160,4.0,1435535039
241,2160,2.0,1447540128
274,2160,3.5,1171759124
290,2160,4.0,974938393
307,2160,3.0,1186162840
312,2160,5.0,1043176138
339,2160,5.0,1460518612
346,2160,4.5,1125859034
357,2160,5.0,1348609771
387,2160,4.5,1094877032
424,2160,4.5,1457843272
452,2160,5.0,1013396622
454,2160,4.5,1279547251
469,2160,4.0,965846465
474,2160,4.0,1046809310
489,2160,3.5,1333022977
527,2160,4.0,1033174070
533,2160,3.5,1424754028
555,2160,5.0,978745946
571,2160,4.0,966900180
590,2160,4.0,1266472913
599,2160,3.0,1498523312
600,2160,3.5,1237742506
603,2160,4.0,953925483
606,2160,4.0,1171375671
19,2167,3.0,965704952
20,2167,2.0,1054036297
21,2167,3.5,1441393080
51,2167,4.0,1230929572
64,2167,3.5,1161528879
68,2167,3.5,1158533191
93,2167,4.0,942946013
95,2167,3.0,1043339571
111,2167,3.5,1518640804
119,2167,4.0,1435944444
129,2167,4.0,1167375439
135,2167,4.0,1009692840
164,2167,3.0,999708337
166,2167,4.0,1189037884
182,2167,4.0,1054782207
197,2167,2.0,947461866
202,2167,3.0,974921336
217,2167,2.0,955940700
219,2167,2.5,1214043555
224,2167,1.0,971811594
232,2167,3.5,1218166251
239,2167,4.0,1221866495
249,2167,4.0,1361979836
266,2167,4.0,945670208
272,2167,3.5,1533566237
274,2167,4.0,1171759283
292,2167,3.0,990062689
294,2167,3.0,966634084
298,2167,2.5,1450441595
305,2167,5.0,1460365952
312,2167,3.0,1043176191
313,2167,5.0,1030475777
318,2167,3.5,1262806207
325,2167,3.0,1039399398
354,2167,3.5,1200953001
361,2167,2.0,1204046094
368,2167,3.0,975829828
380,2167,5.0,1493667726
414,2167,2.0,961515752
425,2167,3.5,1085490960
428,2167,2.0,1111525677
438,2167,4.0,1105667170
452,2167,5.0,1013395104
453,2167,4.0,1005968155
463,2167,3.0,1145460039
474,2167,2.0,974667447
480,2167,3.0,1179178605
483,2167,1.5,1327277409
489,2167,3.0,1332774143
493,2167,4.0,1001562412
534,2167,4.5,1459787996
573,2167,4.5,1187045010
580,2167,4.5,1167673470
596,2167,3.5,1535712287
599,2167,3.5,1498798219
600,2167,1.5,1237713353
603,2167,4.0,953925677
608,2167,4.0,1147794793
19,2171,2.0,965706728
199,2171,4.0,940380031
391,2171,3.0,1030945301
410,2171,3.0,990909893
474,2171,5.0,974668805
597,2171,3.0,941558069
599,2171,2.5,1498516482
603,2171,4.0,954482325
4,2186,5.0,945174008
19,2186,4.0,965710671
156,2186,4.0,946798252
186,2186,4.0,1031073542
195,2186,3.0,1012210187
216,2186,4.0,975211546
219,2186,4.5,1194681510
221,2186,4.0,1118246901
260,2186,3.0,1109410714
275,2186,5.0,1049079168
309,2186,4.0,1166068887
312,2186,4.0,1043177323
317,2186,3.0,1430517351
325,2186,5.0,1039397168
387,2186,3.0,1094876484
410,2186,5.0,990909227
415,2186,4.0,1382470086
420,2186,4.0,1218039981
462,2186,4.0,1122186815
469,2186,5.0,965335217
474,2186,4.5,1087831510
580,2186,0.5,1167790965
590,2186,4.0,1258783020
597,2186,5.0,941728717
599,2186,4.0,1498499406
474,2187,3.5,1140467418
606,2187,3.5,1171363394
17,2194,4.0,1305696788
18,2194,3.5,1464994625
23,2194,3.0,1107342210
28,2194,3.5,1234338803
36,2194,2.5,1100803540
42,2194,4.0,996258165
48,2194,4.0,1127128698
51,2194,5.0,1230929566
57,2194,4.0,969754244
64,2194,4.5,1161521071
66,2194,4.0,1104644350
68,2194,3.5,1158532463
91,2194,3.5,1112712930
103,2194,5.0,1431957424
140,2194,4.0,942843138
156,2194,3.0,946798434
160,2194,3.0,971113611
165,2194,4.0,1046741930
177,2194,2.5,1435803626
182,2194,4.5,1054780920
183,2194,5.0,992331396
202,2194,4.0,974918563
217,2194,4.0,955942896
219,2194,2.0,1194686707
222,2194,3.0,1391349988
239,2194,4.0,1221159121
249,2194,4.5,1387738194
261,2194,5.0,1404881579
266,2194,5.0,945670341
274,2194,3.0,1171493525
282,2194,4.5,1378498169
288,2194,3.0,976138271
294,2194,4.0,966597476
325,2194,4.0,1039398723
362,2194,4.0,1530637739
367,2194,4.0,997812914
368,2194,3.0,975828964
391,2194,5.0,1032389866
399,2194,5.0,1167222181
414,2194,4.0,961515727
423,2194,4.5,1155285538
428,2194,4.0,1111525076
434,2194,4.0,1271039143
438,2194,4.5,1105667040
448,2194,4.0,1019132349
452,2194,4.0,1013394784
469,2194,5.0,965336673
474,2194,4.0,1135958420
480,2194,3.5,1179177965
483,2194,4.0,1181495162
514,2194,4.0,1534052735
520,2194,4.0,1326609686
532,2194,5.0,1025523745
547,2194,3.0,942723549
552,2194,4.0,1112151475
561,2194,4.5,1491092052
577,2194,4.0,945967317
580,2194,2.5,1167790702
590,2194,4.0,1258421129
597,2194,5.0,941639635
599,2194,3.0,1498524487
603,2194,4.0,953927813
606,2194,4.0,1172011226
607,2194,5.0,963078933
608,2194,3.5,1117162334
57,2202,5.0,965796793
156,2202,4.0,1106854242
309,2202,5.0,1086564783
368,2202,3.0,971274910
469,2202,5.0,965846333
474,2202,4.5,1053020913
590,2202,4.0,1267151163
4,2203,4.0,945079729
19,2203,3.0,965710671
312,2203,4.0,1043177445
469,2203,5.0,965661904
474,2203,4.0,1083073394
603,2203,5.0,953925349
606,2203,4.0,1171363146
19,2206,3.0,965711039
188,2206,5.0,962560423
387,2206,3.5,1094940507
474,2206,4.5,1100119901
606,2206,4.0,1171363179
186,2208,5.0,1031080578
216,2208,4.0,974733351
387,2208,4.0,1121829436
474,2208,4.0,1053020865
477,2208,4.0,1269832265
599,2208,2.5,1498531979
19,2243,2.0,965706114
74,2243,3.0,1207499231
156,2243,2.0,946800249
188,2243,4.0,962559831
202,2243,4.0,974923852
216,2243,4.0,975212514
244,2243,2.0,975075211
275,2243,3.0,1049076883
288,2243,3.0,976139738
294,2243,2.0,966595793
325,2243,3.0,1039395975
410,2243,4.0,990909802
412,2243,3.0,939137021
448,2243,4.0,1100099775
462,2243,4.0,1171561996
469,2243,4.0,965336980
474,2243,4.5,1096640078
479,2243,5.0,1039367579
508,2243,2.0,1268297539
514,2243,4.0,1533954016
554,2243,3.0,944902081
555,2243,4.0,978821265
572,2243,5.0,945890206
587,2243,4.0,953138273
597,2243,5.0,941639635
599,2243,2.5,1519150429
603,2243,2.0,953927813
606,2243,4.0,1171408280
156,2247,3.0,946799816
268,2247,3.0,940183153
275,2247,4.0,1049077062
387,2247,3.0,1132823030
448,2247,3.0,1019131482
474,2247,2.0,1046887273
555,2247,3.0,978822249
587,2247,3.0,953139541
597,2247,4.0,941641148
599,2247,3.0,1519231255
603,2247,4.0,953928179
608,2247,1.0,1117415480
19,2248,3.0,965705822
51,2248,5.0,1230932301
64,2248,4.0,1161559828
66,2248,4.5,1093747934
68,2248,3.0,1208744348
100,2248,3.5,1100184085
135,2248,3.0,1009693950
177,2248,4.0,1435534831
182,2248,4.0,1054783249
200,2248,3.5,1229887751
201,2248,5.0,939801984
202,2248,3.0,974912991
215,2248,4.5,1260905468
216,2248,3.0,975212544
221,2248,4.0,1118246971
224,2248,5.0,971812094
225,2248,4.0,949111600
275,2248,4.0,1049076865
288,2248,3.0,975692427
307,2248,2.5,1186162338
308,2248,4.5,1421375440
356,2248,4.5,1229139867
357,2248,5.0,1348610350
367,2248,5.0,997811923
391,2248,4.0,1030828021
398,2248,4.0,1311207307
414,2248,5.0,961513862
474,2248,5.0,983034022
480,2248,4.5,1179179124
503,2248,3.0,1335219177
509,2248,3.0,1436424399
525,2248,3.0,1476477726
555,2248,4.0,978820632
562,2248,5.0,1368890726
563,2248,3.5,1439933376
577,2248,4.0,945978416
597,2248,5.0,941639536
599,2248,2.5,1498518221
603,2248,3.0,953927655
19,2249,3.0,965707637
51,2249,5.0,1230931264
68,2249,5.0,1275957886
79,2249,4.0,975281591
201,2249,3.0,939810775
266,2249,2.0,945669675
294,2249,3.0,966596672
414,2249,3.0,961438842
448,2249,2.0,1019128185
474,2249,2.0,1046887584
597,2249,3.0,941558002
1,2268,4.0,964982989
18,2268,4.0,1456672532
28,2268,3.0,1242031764
33,2268,4.0,939715369
41,2268,2.5,1459367652
42,2268,4.0,996216177
45,2268,5.0,1121724829
57,2268,4.0,972172502
64,2268,4.0,1161521223
66,2268,3.5,1093747941
68,2268,4.0,1158532211
91,2268,3.0,1112718172
93,2268,5.0,942947343
95,2268,4.0,1043339808
140,2268,4.0,942842265
156,2268,3.0,946798573
195,2268,4.0,974707845
197,2268,4.0,947462734
202,2268,4.0,974913044
217,2268,3.0,955942896
219,2268,4.0,1194681129
226,2268,4.5,1203360460
232,2268,4.0,1261435371
239,2268,5.0,1221158765
263,2268,4.0,940384568
265,2268,3.0,965318032
268,2268,1.0,940266842
274,2268,2.5,1171943602
282,2268,4.0,1514068453
290,2268,4.0,974943111
292,2268,4.0,1293562716
294,2268,3.0,966597541
305,2268,5.0,1460222358
322,2268,5.0,1217676740
323,2268,3.5,1422640193
325,2268,3.0,1039396675
336,2268,4.0,1122227316
354,2268,3.5,1200869880
368,2268,4.0,975827633
384,2268,4.0,994038436
414,2268,4.0,961517665
423,2268,4.0,1155285516
432,2268,4.5,1316390945
448,2268,4.0,1019132349
469,2268,3.0,965336773
474,2268,4.0,1100291814
483,2268,3.0,1181495171
514,2268,4.5,1533948633
516,2268,3.0,994625146
561,2268,4.0,1491090897
562,2268,4.5,1368893860
586,2268,3.5,1529899968
590,2268,4.0,1258419814
594,2268,4.0,1109038079
599,2268,3.0,1519122569
600,2268,3.0,1237851207
607,2268,5.0,963080009
1,2291,5.0,964983664
18,2291,4.0,1455748560
33,2291,2.0,939715749
47,2291,2.5,1496212183
51,2291,4.0,1230932279
57,2291,4.0,972173640
64,2291,4.0,1161521153
66,2291,3.5,1093144027
68,2291,3.0,1158531948
80,2291,4.0,1377308742
91,2291,4.0,1112711687
100,2291,4.0,1100184833
103,2291,4.5,1431957280
114,2291,4.0,1485390946
122,2291,5.0,1461561849
132,2291,4.0,1329983923
153,2291,3.0,1525549175
177,2291,2.0,1435534136
182,2291,2.5,1054779600
187,2291,4.0,1161849735
200,2291,3.5,1229886319
202,2291,4.0,974925419
212,2291,3.5,1523216978
226,2291,3.0,1097545789
230,2291,3.5,1196304708
232,2291,3.0,1182909874
246,2291,3.5,1355956303
263,2291,4.0,940384427
274,2291,3.0,1171428345
282,2291,4.0,1378491647
287,2291,4.0,1110230059
288,2291,3.0,1112210147
292,2291,2.5,1483193888
301,2291,4.0,1211378375
307,2291,4.0,1186161607
311,2291,4.0,1057854321
313,2291,3.0,1030555559
318,2291,4.0,1256504286
328,2291,3.0,1494210519
330,2291,4.0,1285905355
332,2291,3.0,1352673221
356,2291,4.0,1232430467
357,2291,4.0,1348610342
362,2291,4.0,1530640361
365,2291,3.0,1488332799
368,2291,3.0,971273377
381,2291,5.0,1200823910
387,2291,4.0,1094849177
390,2291,5.0,1250341961
391,2291,3.0,1030944650
392,2291,4.0,1027524082
401,2291,3.5,1514347443
414,2291,4.0,961513747
415,2291,4.0,1382470346
424,2291,4.0,1457902589
425,2291,3.5,1085478009
428,2291,3.5,1111524448
434,2291,4.0,1270606767
448,2291,3.0,1019137680
450,2291,4.0,974704982
474,2291,4.5,1100291512
477,2291,2.5,1200941247
480,2291,4.0,1179161594
483,2291,4.0,1415579167
484,2291,4.5,1342294781
489,2291,4.0,1332772850
509,2291,3.5,1436101393
525,2291,4.0,1476477720
534,2291,4.0,1459787997
560,2291,4.0,1469653849
561,2291,4.0,1491091960
590,2291,3.5,1258418105
593,2291,3.0,1181008449
597,2291,4.0,940362281
599,2291,4.0,1498498815
600,2291,4.5,1237713245
603,2291,4.0,954482277
605,2291,3.5,1277175955
606,2291,4.0,1171361033
608,2291,3.5,1117415325
182,2295,4.0,1055151632
474,2295,5.0,975173593
219,2296,1.0,1194740481
233,2296,2.0,1533296455
274,2296,3.5,1221685985
294,2296,1.0,966597190
307,2296,1.5,1186172434
424,2296,3.0,1457846694
479,2296,2.0,1039362699
484,2296,4.0,1342368216
599,2296,1.0,1498503422
608,2296,2.0,1117506332
9,2300,5.0,1044657072
20,2300,5.0,1054147430
22,2300,4.0,1268330627
57,2300,4.0,969753201
74,2300,5.0,1207499267
87,2300,4.5,1270702689
104,2300,3.0,1048590877
135,2300,5.0,1009694290
156,2300,4.0,990283421
175,2300,4.0,1234188170
177,2300,4.0,1435535252
199,2300,5.0,1023654985
216,2300,5.0,975212079
220,2300,4.0,1230054655
221,2300,4.5,1111178018
253,2300,3.5,1286642622
266,2300,5.0,945670912
288,2300,3.5,1054568501
381,2300,2.0,1164381764
387,2300,4.5,1094876459
410,2300,5.0,990909576
414,2300,4.0,961595311
448,2300,4.0,1019140840
469,2300,4.0,965336863
473,2300,2.5,1169351176
474,2300,4.5,1053021139
477,2300,4.0,1200939263
502,2300,5.0,1111757731
508,2300,1.5,1268297524
545,2300,2.5,1240358572
587,2300,1.0,953137813
590,2300,4.0,1267152066
600,2300,4.5,1237762769
19,2302,3.0,965706415
33,2302,3.0,939718916
36,2302,1.5,1100803424
42,2302,4.0,996218443
45,2302,3.0,951170404
51,2302,5.0,1230929558
57,2302,2.0,969753586
64,2302,3.5,1161521485
66,2302,3.5,1113188325
68,2302,3.0,1158532338
91,2302,1.0,1112713709
93,2302,4.0,942767045
135,2302,4.0,1009691925
147,2302,2.5,1203267708
156,2302,3.0,939853418
177,2302,3.0,1435534381
182,2302,4.0,1063285110
188,2302,5.0,962559903
200,2302,4.0,1229876415
201,2302,5.0,939227524
203,2302,4.0,1390094359
217,2302,4.0,955943856
218,2302,2.5,1111624864
219,2302,3.0,1194681134
225,2302,4.0,949111556
239,2302,3.0,1221158808
266,2302,1.0,945669675
275,2302,3.0,1049076710
292,2302,4.0,1483193953
294,2302,3.0,966595886
305,2302,5.0,1519571072
307,2302,2.0,1186161797
313,2302,1.0,1030557792
322,2302,3.5,1217676772
325,2302,3.0,1039395597
335,2302,3.0,1261541252
368,2302,3.0,971273448
387,2302,2.5,1117415238
410,2302,4.0,990909871
414,2302,5.0,961438373
435,2302,4.0,1366675828
438,2302,4.5,1105649754
448,2302,3.0,1019127559
449,2302,2.5,1053198998
469,2302,4.0,965336263
474,2302,2.0,978576252
477,2302,3.0,1200942076
480,2302,2.5,1179178151
488,2302,3.0,1112381821
489,2302,1.0,1334170518
542,2302,4.0,1163386568
555,2302,4.0,978746676
561,2302,3.0,1491091155
572,2302,4.0,945892539
587,2302,3.0,953138376
590,2302,4.0,1258421171
597,2302,5.0,941558145
599,2302,2.5,1498532697
600,2302,3.0,1237851193
33,2310,4.0,939716738
182,2310,3.0,1055156937
474,2310,4.0,979180139
66,2312,4.0,1113190753
140,2312,4.0,942843611
177,2312,4.0,1435536705
188,2312,5.0,962559492
199,2312,3.0,1023654708
288,2312,3.0,979163988
390,2312,4.5,1250340843
474,2312,2.5,1053021554
527,2312,4.0,1033174145
555,2312,5.0,978744464
603,2312,3.0,953928295
606,2312,4.0,1171408409
64,2313,4.5,1161620683
74,2313,3.5,1207501479
160,2313,4.0,971116332
172,2313,3.0,1238716043
204,2313,4.0,1327169872
288,2313,3.0,980531720
290,2313,4.0,974942395
387,2313,4.0,1155628447
414,2313,4.0,961517212
421,2313,5.0,1311494957
469,2313,4.0,965845945
474,2313,4.5,1120355710
568,2313,5.0,1243575821
597,2313,4.0,940362281
600,2313,4.0,1237851678
606,2313,4.0,1171360462
607,2313,4.0,963079372
4,2324,1.0,964622590
7,2324,2.0,1106712559
18,2324,4.5,1475001075
33,2324,3.0,939646784
34,2324,2.0,1162233253
41,2324,4.0,1458933701
45,2324,5.0,1007483928
52,2324,4.0,1468051798
57,2324,5.0,965796969
64,2324,4.0,1161521381
68,2324,2.5,1218678993
83,2324,3.5,1332839949
89,2324,4.5,1520408266
98,2324,4.0,1532457439
105,2324,3.5,1446571537
119,2324,5.0,1435943985
132,2324,4.0,1157921872
135,2324,4.0,1009693631
153,2324,3.0,1525548106
160,2324,5.0,971113296
166,2324,4.5,1189038292
186,2324,4.0,1031073692
190,2324,5.0,1504309959
198,2324,5.0,1034136119
201,2324,5.0,939226492
215,2324,5.0,1260908640
222,2324,3.5,1391350500
233,2324,4.0,1530047404
241,2324,4.5,1447536021
247,2324,3.0,1467665629
253,2324,5.0,1286645292
263,2324,5.0,1120071512
268,2324,2.0,940266931
274,2324,4.0,1171428353
275,2324,5.0,1049076484
288,2324,3.5,1054569590
296,2324,5.0,1532993836
300,2324,5.0,1425351454
305,2324,5.0,1460135273
308,2324,1.0,1421373886
309,2324,4.5,1126452366
311,2324,0.5,1057854327
317,2324,5.0,1430366063
318,2324,4.0,1278488326
322,2324,4.0,1217676735
326,2324,5.0,1324234902
330,2324,5.0,1285904320
336,2324,5.0,1122227453
339,2324,5.0,1460519159
348,2324,5.0,1378850284
352,2324,5.0,1493932019
354,2324,4.5,1200870723
357,2324,4.0,1348611158
359,2324,5.0,1198113117
365,2324,2.0,1488333328
383,2324,5.0,943569630
387,2324,4.0,1152084660
391,2324,3.0,1030945761
421,2324,5.0,1311501622
445,2324,4.5,1454622086
449,2324,3.0,1053198934
453,2324,5.0,972622713
467,2324,5.0,919670453
469,2324,3.0,965425423
471,2324,5.0,1496668940
474,2324,5.0,978575620
477,2324,4.5,1200941935
480,2324,3.0,1179178048
483,2324,5.0,1178294039
488,2324,4.5,1112382241
489,2324,4.0,1333101768
497,2324,4.5,1429127147
511,2324,4.5,1450094208
525,2324,4.0,1476476389
526,2324,5.0,1502131848
534,2324,5.0,1459787996
551,2324,4.5,1504925161
554,2324,5.0,944898992
561,2324,3.5,1491091936
563,2324,4.0,1439932334
567,2324,3.5,1525285783
579,2324,4.0,958879827
581,2324,4.5,1447007086
587,2324,5.0,953137813
590,2324,4.0,1258421107
600,2324,4.5,1237713239
601,2324,5.0,1521397611
606,2324,5.0,1171311393
1,2329,5.0,964983263
15,2329,4.5,1510572005
16,2329,3.5,1377477278
17,2329,4.5,1305696670
18,2329,4.0,1455209651
28,2329,2.5,1234569909
41,2329,4.0,1458933698
42,2329,5.0,996217964
45,2329,5.0,1007484492
62,2329,4.5,1522418540
63,2329,4.0,1443199801
64,2329,4.0,1161519962
65,2329,4.5,1494767143
67,2329,3.0,1501273601
68,2329,2.5,1158532441
72,2329,4.5,1217324969
100,2329,4.0,1100186142
103,2329,5.0,1440773468
105,2329,4.0,1446571577
111,2329,3.5,1516140740
118,2329,3.0,944924731
119,2329,4.0,1435942698
123,2329,4.5,1447269130
124,2329,4.5,1336412851
131,2329,3.5,1349840312
132,2329,4.0,1157920389
144,2329,5.0,1136812603
152,2329,5.0,1450572468
160,2329,3.0,976798849
166,2329,5.0,1188773610
178,2329,5.0,1163673965
182,2329,4.5,1055157265
187,2329,3.0,1161850457
195,2329,4.0,981960112
198,2329,5.0,1034137793
199,2329,3.0,1023654611
204,2329,5.0,1327183122
207,2329,3.5,1258548561
219,2329,3.5,1194685912
220,2329,5.0,1230054954
222,2329,3.5,1391350381
226,2329,4.5,1095663236
232,2329,5.0,1278825006
233,2329,4.0,1448816115
239,2329,5.0,1221158984
247,2329,3.0,1467644401
249,2329,4.5,1346754930
254,2329,4.5,1180447527
260,2329,4.0,1109410852
261,2329,4.0,1404881424
271,2329,3.0,1234302708
274,2329,4.5,1171408968
279,2329,3.5,1506395609
281,2329,4.0,1183000508
282,2329,4.5,1378495649
286,2329,5.0,1119563889
288,2329,4.5,1103647817
290,2329,4.0,974943111
295,2329,5.0,1320064983
300,2329,4.0,1425351826
301,2329,4.5,1211378847
305,2329,5.0,1460135547
307,2329,5.0,1186084864
317,2329,5.0,1430361448
326,2329,4.5,1322252131
327,2329,4.5,1234787643
328,2329,3.0,1494210546
330,2329,4.0,1285904038
332,2329,3.5,1352672538
336,2329,4.5,1122227326
343,2329,4.0,1202061289
348,2329,5.0,1378850546
352,2329,4.5,1493673530
354,2329,4.5,1200870720
357,2329,4.0,1348610472
362,2329,4.0,1530640231
370,2329,4.0,1159161821
378,2329,4.5,1445345927
381,2329,4.0,1200823794
387,2329,4.0,1094875361
390,2329,4.0,1250335607
393,2329,5.0,1430506129
396,2329,4.5,1111688545
403,2329,4.5,1225243630
405,2329,3.5,1295915392
413,2329,5.0,1484439570
414,2329,5.0,961516921
415,2329,4.0,1382470071
417,2329,5.0,1530156612
419,2329,4.5,1321757403
420,2329,4.0,1218037116
424,2329,4.0,1457843719
425,2329,4.0,1085492359
427,2329,4.0,1053071696
428,2329,3.5,1111487849
432,2329,4.5,1315243006
433,2329,4.0,1506823955
434,2329,5.0,1270603477
443,2329,4.0,1420236780
449,2329,4.5,1053200107
453,2329,4.0,972622556
464,2329,5.0,1275548577
473,2329,4.5,1169351946
474,2329,4.0,979180103
480,2329,5.0,1179160064
483,2329,3.0,1181496656
484,2329,5.0,1342228684
497,2329,5.0,1429127358
519,2329,5.0,1518379802
522,2329,4.5,1253430147
528,2329,4.5,1391735974
532,2329,4.0,1025570451
534,2329,4.0,1459787997
537,2329,4.5,1424141439
539,2329,3.5,1332474869
540,2329,5.0,1180330433
542,2329,4.0,1163387657
555,2329,5.0,978748587
560,2329,4.0,1469647863
561,2329,3.5,1491091952
573,2329,5.0,1186589533
580,2329,4.0,1167789610
585,2329,5.0,1307417508
590,2329,3.0,1258418095
599,2329,4.0,1498499284
600,2329,4.0,1237743404
603,2329,3.0,963179487
606,2329,4.0,1171927475
608,2329,4.0,1117162555
68,2334,3.5,1269123630
140,2334,3.0,951163661
160,2334,1.0,975850225
182,2334,2.5,1055151292
217,2334,3.0,955940968
368,2334,2.0,971276761
380,2334,2.0,1509047561
428,2334,2.0,1111523494
467,2334,3.0,919670793
474,2334,4.0,974667676
599,2334,2.5,1498515358
603,2334,4.0,963177792
607,2334,4.0,963080436
19,2335,3.0,965707576
42,2335,4.0,996221072
68,2335,3.0,1261623793
89,2335,2.0,1520408515
103,2335,4.0,1431968907
111,2335,3.5,1516156286
217,2335,2.0,955945372
226,2335,2.0,1096420045
249,2335,3.5,1353800980
274,2335,3.0,1171785505
294,2335,4.0,966596646
298,2335,3.5,1479058624
307,2335,3.5,1189608607
341,2335,3.5,1439751392
414,2335,4.0,961439560
425,2335,4.0,1114173246
428,2335,2.0,1111623843
438,2335,3.5,1106189076
448,2335,4.0,1164622080
453,2335,4.0,1005967312
474,2335,2.0,1046888115
477,2335,3.0,1200943122
484,2335,4.0,1342299707
495,2335,3.0,1458636405
555,2335,4.0,978747372
599,2335,1.5,1498505035
600,2335,3.0,1237851673
608,2335,2.5,1117505193
4,2336,2.0,964538964
33,2336,2.0,939646982
57,2336,3.0,972172450
161,2336,3.0,1176498590
182,2336,4.5,1054780359
195,2336,4.0,1008557577
199,2336,4.0,976291650
201,2336,4.0,939226810
221,2336,4.0,1119984577
246,2336,5.0,1354146065
288,2336,3.0,1048089675
290,2336,4.0,975032250
346,2336,3.5,1125857863
391,2336,3.0,1030825112
462,2336,1.5,1121921627
474,2336,4.0,1081177394
489,2336,4.0,1332774875
572,2336,5.0,945887008
587,2336,5.0,953142185
593,2336,4.5,1181007064
595,2336,4.0,938869480
599,2336,3.5,1498501194
603,2336,4.0,953926058
4,2351,4.0,945078467
105,2351,4.0,1448195464
268,2351,5.0,940180936
410,2351,5.0,990807554
462,2351,4.0,1293374508
603,2351,4.0,953926481
606,2351,4.0,1171361398
19,2355,3.0,965705896
20,2355,4.0,1054038063
21,2355,3.0,1441826921
27,2355,3.0,962685318
33,2355,5.0,939718916
45,2355,5.0,950728148
57,2355,4.0,965796062
64,2355,4.0,1161520576
66,2355,3.5,1093143963
68,2355,3.0,1158531701
82,2355,2.0,1084468051
89,2355,3.5,1520408550
91,2355,3.5,1112713442
93,2355,4.0,942767298
104,2355,4.0,1048589315
111,2355,4.0,1516156241
115,2355,3.0,948322711
122,2355,4.5,1461561799
141,2355,4.0,1513130163
144,2355,3.5,1137323904
153,2355,0.5,1525552750
155,2355,4.0,961861901
177,2355,3.0,1435890634
182,2355,3.5,1054781595
185,2355,3.0,1044311830
201,2355,5.0,939801930
202,2355,4.0,974923872
219,2355,3.5,1217436316
220,2355,4.0,1230055577
226,2355,3.0,1095662446
232,2355,3.5,1076951495
234,2355,5.0,1004409394
239,2355,3.5,1221158823
249,2355,4.0,1355786913
255,2355,3.0,1005717457
263,2355,5.0,945849913
266,2355,3.0,948585941
274,2355,3.5,1171491485
275,2355,4.0,1049076638
282,2355,4.0,1378497437
288,2355,3.0,978469358
290,2355,4.0,974937732
292,2355,3.0,1016841630
294,2355,3.0,966595310
310,2355,3.5,1078647786
311,2355,3.0,1057854728
318,2355,3.5,1265573279
325,2355,3.0,1039395929
328,2355,3.5,1494210565
339,2355,3.5,1460183512
342,2355,4.0,1042821962
357,2355,3.0,1348610328
367,2355,5.0,997811890
380,2355,5.0,1493422722
381,2355,4.0,1165975879
384,2355,4.0,996440857
414,2355,4.0,961436556
425,2355,3.0,1085477815
427,2355,2.0,1053068867
428,2355,1.0,1111623771
430,2355,2.0,962936366
438,2355,4.0,1113763668
439,2355,4.0,1436943805
448,2355,4.0,1040756375
453,2355,4.0,972623097
457,2355,3.0,993610867
469,2355,3.0,965425464
474,2355,4.0,979180216
480,2355,3.0,1179161045
483,2355,3.5,1178358174
489,2355,2.5,1333101626
500,2355,5.0,1005528301
509,2355,3.0,1435992639
514,2355,3.5,1533872515
517,2355,0.5,1487957127
527,2355,5.0,1033174126
534,2355,3.5,1459787996
560,2355,3.0,1469654116
561,2355,3.0,1491095398
562,2355,4.0,1368897524
567,2355,2.5,1525288091
572,2355,5.0,945893736
579,2355,4.0,958881146
580,2355,3.5,1167792353
591,2355,4.0,970524802
593,2355,2.5,1181008115
599,2355,3.0,1498521543
600,2355,3.0,1237759283
601,2355,4.5,1521397687
606,2355,3.0,1368460577
608,2355,4.0,1117504396
610,2355,3.5,1493846606
33,2357,5.0,939654747
198,2357,4.0,1034137919
275,2357,4.0,1049078883
348,2357,5.0,1378850758
391,2357,4.0,1032390007
474,2357,4.5,1089386393
74,2360,4.5,1207500558
105,2360,4.0,1448214688
156,2360,5.0,960646812
198,2360,3.0,1034136028
275,2360,5.0,1049078652
318,2360,4.5,1312876863
336,2360,5.0,1122227242
346,2360,4.5,1125857695
387,2360,4.5,1155110844
391,2360,4.0,1032389905
580,2360,4.5,1167673700
606,2360,5.0,1171362259
1,2387,5.0,964983123
19,2387,3.0,965706907
125,2387,4.5,1474382209
135,2387,4.0,1009692259
160,2387,5.0,971437089
182,2387,4.0,1055154271
195,2387,4.0,981959828
266,2387,4.0,945669581
294,2387,4.0,966597672
368,2387,3.0,975828421
414,2387,2.0,998919849
555,2387,3.0,978747416
579,2387,1.0,958879901
597,2387,4.0,941559200
599,2387,1.5,1519185971
606,2387,3.0,1171407089
4,2390,5.0,945079164
57,2390,4.0,965796990
101,2390,3.0,968441080
412,2390,3.0,939114231
467,2390,5.0,919670453
474,2390,3.5,1181348052
603,2390,4.0,953926141
33,2391,2.0,939646982
39,2391,5.0,974789727
51,2391,4.5,1230932259
135,2391,5.0,1009691186
182,2391,4.5,1055153018
195,2391,4.0,974709939
198,2391,2.0,1034136166
199,2391,3.5,1060288828
217,2391,4.0,955942917
275,2391,4.0,1049078765
288,2391,4.0,978647301
290,2391,4.0,974942420
325,2391,4.0,1039396510
352,2391,3.0,1493673850
368,2391,3.0,971275527
391,2391,4.0,1030944221
453,2391,3.0,972622737
469,2391,5.0,965336695
474,2391,4.0,1063115362
555,2391,3.0,978840870
599,2391,4.0,1498499526
610,2391,4.0,1479542677
19,2393,3.0,965703940
51,2393,0.5,1230928774
55,2393,0.5,1312747735
57,2393,2.0,969754612
131,2393,3.0,1349838598
135,2393,2.0,1009690895
137,2393,3.0,1204859063
217,2393,3.0,955940927
265,2393,4.0,965315371
288,2393,3.5,1054569433
304,2393,5.0,918377374
312,2393,2.0,1043176864
352,2393,4.5,1493673730
414,2393,3.0,961515325
430,2393,3.0,965600256
438,2393,3.0,1105654486
448,2393,4.0,1019124546
452,2393,5.0,1013396258
467,2393,1.0,919670547
469,2393,4.0,965334440
474,2393,3.5,1053021198
477,2393,3.5,1242278841
482,2393,4.0,1105396588
520,2393,3.5,1326610466
522,2393,4.0,1297482469
555,2393,3.0,978842001
562,2393,3.0,1368890751
580,2393,3.5,1167861043
586,2393,4.0,1529901832
587,2393,4.0,953142126
590,2393,2.5,1258415228
596,2393,4.0,1535834068
599,2393,2.5,1498516581
19,2394,3.0,965709144
20,2394,5.0,1054038545
64,2394,3.5,1161620709
115,2394,3.0,948322747
169,2394,4.5,1059427669
177,2394,2.5,1435535226
232,2394,3.0,1218166964
290,2394,4.0,975032355
380,2394,5.0,1493420480
381,2394,4.0,1200823937
412,2394,3.0,939136944
414,2394,3.0,1109961959
438,2394,3.0,1105670207
457,2394,4.0,993611002
467,2394,2.0,919670559
474,2394,5.0,1087831505
483,2394,4.5,1375961431
496,2394,3.5,1415165480
508,2394,1.5,1268297526
525,2394,3.0,1476478192
534,2394,5.0,1459787996
572,2394,3.0,945887535
573,2394,3.5,1186588724
579,2394,3.0,958881277
591,2394,3.0,970525102
19,2396,4.0,965705784
33,2396,4.0,939647444
45,2396,4.0,950724697
57,2396,5.0,965796869
64,2396,4.0,1161520190
68,2396,3.5,1158531469
91,2396,2.0,1112713344
93,2396,4.0,942766804
95,2396,4.0,1105400670
96,2396,4.0,964772940
100,2396,4.5,1100184087
101,2396,4.0,968441198
103,2396,5.0,1431957212
104,2396,3.0,1048587333
129,2396,4.0,1167376074
132,2396,3.0,1157921317
144,2396,3.5,1136812986
153,2396,2.5,1525548508
156,2396,4.0,946799431
160,2396,1.0,971114950
166,2396,3.5,1189980535
177,2396,5.0,1435533734
182,2396,4.5,1054783219
185,2396,4.0,1044311995
188,2396,2.0,962559740
198,2396,4.0,1034136085
199,2396,4.0,976291668
200,2396,5.0,1229886174
201,2396,5.0,939226586
202,2396,4.0,974923468
217,2396,2.0,955943302
222,2396,3.0,1391350663
223,2396,4.0,1226209812
224,2396,4.0,971812591
225,2396,5.0,949111497
227,2396,4.0,1447189667
246,2396,4.5,1354126039
247,2396,2.0,1467765274
254,2396,4.0,1180446634
263,2396,4.0,940384374
266,2396,1.0,944940825
267,2396,5.0,959808960
275,2396,4.0,1049078635
280,2396,3.0,1348532248
288,2396,4.0,975693028
290,2396,4.0,974939536
294,2396,4.0,966594956
301,2396,1.5,1211378697
304,2396,4.0,918377405
318,2396,3.0,1261342560
332,2396,4.0,1352674449
346,2396,3.0,1094651587
357,2396,3.0,1348610326
358,2396,4.0,1339546353
359,2396,3.0,1198112749
363,2396,3.0,1502584434
367,2396,4.0,997811235
370,2396,3.5,1159164181
383,2396,5.0,943571137
387,2396,4.0,1095040542
391,2396,4.0,1030945021
412,2396,5.0,939114177
414,2396,5.0,961437029
430,2396,5.0,962936613
432,2396,3.5,1316391677
452,2396,5.0,1019585277
453,2396,5.0,1034602112
462,2396,0.5,1154037852
469,2396,4.0,965336863
474,2396,4.0,974668617
479,2396,4.0,1039367390
480,2396,4.5,1179177705
483,2396,3.5,1178293588
489,2396,2.5,1333101514
514,2396,3.5,1534052742
517,2396,1.5,1487962972
525,2396,4.0,1476478299
554,2396,5.0,944898992
555,2396,2.0,978746212
562,2396,4.5,1368897359
572,2396,4.0,945887555
579,2396,5.0,959490014
587,2396,5.0,953137911
590,2396,4.0,1258417637
591,2396,4.0,970525168
593,2396,5.0,1181007745
594,2396,4.0,1109036956
595,2396,5.0,938869135
597,2396,5.0,940419770
599,2396,4.0,1498499005
603,2396,2.0,953925191
606,2396,4.0,1175637348
18,2410,3.5,1456958417
82,2410,3.5,1084521325
103,2410,4.0,1431969244
160,2410,2.0,976796213
202,2410,3.0,974919238
213,2410,4.5,1316197180
217,2410,1.0,955941273
288,2410,2.0,976138374
368,2410,2.0,975830036
384,2410,1.0,994038917
414,2410,3.0,961516318
448,2410,3.0,1019124750
462,2410,1.5,1123892543
469,2410,2.0,965334866
474,2410,2.0,994819132
495,2410,4.0,1458636441
555,2410,2.0,978823389
561,2410,3.5,1491095236
577,2410,3.0,945978570
590,2410,3.0,1258418825
597,2410,4.0,941639968
599,2410,3.0,1498521374
600,2410,3.0,1237759698
606,2410,2.0,1172011499
18,2411,3.0,1455749718
68,2411,3.0,1269122080
86,2411,3.5,1343944869
103,2411,4.0,1431969339
160,2411,1.0,976796213
202,2411,2.0,975015692
217,2411,2.0,955941424
222,2411,4.0,1391354213
288,2411,1.0,976138420
293,2411,3.0,1044871002
305,2411,5.0,1518858703
327,2411,3.5,1234787293
380,2411,5.0,1508777836
384,2411,1.0,994038975
414,2411,3.0,961516376
448,2411,3.0,1019124800
462,2411,1.0,1174438240
464,2411,2.0,1275547992
469,2411,2.0,965334973
474,2411,1.0,994819201
495,2411,4.0,1458636411
555,2411,3.0,978823527
561,2411,3.5,1491091293
577,2411,3.0,945978669
590,2411,2.0,1267150842
597,2411,2.0,941640048
599,2411,3.0,1502112091
600,2411,3.0,1237762735
606,2411,2.0,1172010968
18,2412,3.0,1456875250
28,2412,2.0,1234516502
135,2412,3.0,1009693014
160,2412,1.0,976796213
217,2412,1.0,955941666
288,2412,1.0,976125031
368,2412,2.0,975830312
380,2412,3.0,1494804665
414,2412,2.0,961516434
419,2412,2.0,1318337952
448,2412,2.0,1019124908
469,2412,1.0,965335115
474,2412,1.5,1060106582
590,2412,1.5,1267238449
599,2412,2.5,1498514631
600,2412,3.0,1237762730
606,2412,1.5,1172012115
18,2420,4.0,1455749756
29,2420,3.0,1307905816
42,2420,3.0,996258676
47,2420,3.5,1496208479
50,2420,2.5,1514842717
51,2420,3.0,1230932245
64,2420,5.0,1161566045
66,2420,4.0,1113188454
68,2420,2.0,1158535045
74,2420,2.5,1207499132
91,2420,3.5,1112718132
167,2420,3.0,1154723351
177,2420,3.0,1435534937
202,2420,4.0,975015392
221,2420,4.5,1111178575
274,2420,3.0,1217201762
288,2420,3.0,980535490
307,2420,3.5,1215657400
328,2420,4.5,1494211313
332,2420,4.0,1352674531
387,2420,3.0,1197340910
403,2420,3.5,1225243395
414,2420,4.0,961518176
438,2420,3.5,1105649927
448,2420,2.0,1019138730
474,2420,4.0,1004131774
477,2420,4.0,1200941840
483,2420,4.0,1327277985
514,2420,4.5,1533872601
561,2420,4.5,1491091107
562,2420,5.0,1368892042
577,2420,3.0,945978546
590,2420,4.0,1258416841
597,2420,4.0,941639968
599,2420,4.0,1498498993
600,2420,4.0,1237742465
603,2420,2.0,953928381
607,2420,4.0,964743424
12,2421,3.0,1247263495
18,2421,3.0,1455749739
24,2421,3.5,1458941291
42,2421,2.0,996216406
66,2421,4.0,1113190062
86,2421,4.0,1343944759
103,2421,3.5,1522172157
202,2421,3.0,975015669
234,2421,2.0,1004408603
288,2421,2.0,976138399
293,2421,3.0,1044871018
294,2421,2.0,966594786
307,2421,3.0,1215657405
357,2421,3.5,1348628259
414,2421,2.0,961516318
448,2421,2.0,1021567112
469,2421,2.0,965335037
474,2421,2.0,1002757147
517,2421,0.5,1487957361
527,2421,4.0,1033176149
543,2421,5.0,1377068914
577,2421,2.0,945978570
590,2421,3.5,1258420182
597,2421,3.0,941640048
599,2421,3.0,1498615470
600,2421,3.5,1237715928
603,2421,1.0,963177105
606,2421,2.5,1171311778
607,2421,3.0,964743425
18,2422,3.0,1456864794
160,2422,1.0,971436871
165,2422,2.0,1046741288
234,2422,2.0,1004408829
287,2422,0.5,1110230120
307,2422,1.0,1215657408
361,2422,2.0,1204041073
474,2422,2.0,1046881396
561,2422,2.5,1491094498
590,2422,2.0,1258417212
599,2422,2.0,1498509703
603,2422,1.0,963177105
606,2422,1.5,1172012186
607,2422,2.0,964743425
19,2423,4.0,965706337
42,2423,5.0,996258563
68,2423,4.0,1261086268
95,2423,4.0,1071803893
100,2423,5.0,1100186118
103,2423,5.0,1431968901
104,2423,2.5,1136331431
115,2423,5.0,944958832
195,2423,5.0,1008558323
225,2423,4.0,949111389
226,2423,4.5,1095663794
288,2423,2.0,975692661
294,2423,4.0,966595844
307,2423,2.5,1186087939
380,2423,4.0,1495475763
392,2423,2.0,1027524145
414,2423,2.0,961596009
472,2423,4.5,1345842900
474,2423,1.5,1087832813
480,2423,3.5,1179161181
483,2423,2.0,1215896989
484,2423,3.5,1342227680
514,2423,3.5,1533954348
520,2423,5.0,1326611163
555,2423,4.0,978821138
561,2423,4.5,1491094687
597,2423,2.0,941641362
599,2423,3.0,1498522216
600,2423,3.5,1237859183
608,2423,2.0,1117162130
3,2424,0.5,1306464293
19,2424,2.0,965706771
21,2424,4.0,1423422347
24,2424,4.0,1458941144
34,2424,1.0,1168811769
42,2424,4.0,996220823
68,2424,3.5,1158533839
89,2424,2.0,1520408378
93,2424,4.0,942767085
104,2424,4.5,1053336380
113,2424,3.0,980051988
132,2424,3.5,1157923260
159,2424,3.0,1508640419
161,2424,3.0,1176498582
177,2424,3.0,1435534600
201,2424,4.0,939227144
217,2424,3.0,955944401
239,2424,4.5,1221866464
249,2424,3.0,1354896402
263,2424,4.0,941591986
274,2424,1.5,1171944268
288,2424,3.0,976140123
298,2424,0.5,1452959543
304,2424,4.0,915381450
307,2424,1.0,1186162175
335,2424,3.0,1261541331
354,2424,4.0,1200953137
359,2424,3.5,1192499119
382,2424,3.5,1515162619
413,2424,3.5,1484440080
426,2424,4.0,1451082040
438,2424,4.0,1105649923
453,2424,4.0,1005967312
474,2424,5.0,974669217
477,2424,4.0,1200941338
480,2424,2.5,1179178726
483,2424,3.5,1181496826
489,2424,3.5,1332774174
517,2424,1.5,1487957251
555,2424,3.0,978747005
560,2424,3.5,1469648975
562,2424,4.0,1368896541
572,2424,3.0,945888197
590,2424,3.0,1266472700
594,2424,5.0,1108973832
596,2424,2.5,1535833478
599,2424,2.5,1498516969
600,2424,1.0,1237759280
603,2424,2.0,963178689
606,2424,3.5,1171379808
45,2431,5.0,951170595
68,2431,3.5,1158535787
91,2431,2.0,1112716724
93,2431,5.0,942767422
132,2431,4.0,1157979560
140,2431,4.0,1075154575
217,2431,2.0,955945046
254,2431,4.5,1180443639
265,2431,3.0,965319301
274,2431,3.0,1171826834
294,2431,4.0,966596355
304,2431,4.0,931678000
375,2431,4.5,1225230747
381,2431,4.0,1168664708
432,2431,4.5,1335139774
472,2431,4.0,1345842873
474,2431,1.0,1002757147
477,2431,3.0,1200939275
489,2431,3.5,1333232361
495,2431,4.0,1458636249
517,2431,2.5,1487953815
552,2431,1.0,1112151473
579,2431,4.0,958879861
600,2431,2.5,1237762714
603,2431,1.0,1000194533
606,2431,3.5,1171736640
608,2431,4.0,1117505136
346,2442,3.5,1094646355
474,2442,4.0,1165540037
606,2442,4.0,1175637494
19,2463,2.0,965706209
66,2463,4.0,1113188464
91,2463,2.5,1112718137
202,2463,4.0,974924201
217,2463,3.0,955943785
275,2463,4.0,1049077004
288,2463,3.0,975692602
448,2463,4.0,1019127850
474,2463,2.0,978576130
479,2463,2.0,1039362056
543,2463,5.0,1230602171
555,2463,4.0,978821265
597,2463,4.0,941641264
603,2463,3.0,953927978
4,2467,4.0,945079858
19,2467,3.0,965712410
23,2467,4.0,1107162749
75,2467,4.0,1158989849
156,2467,2.0,939898085
160,2467,3.0,971113779
182,2467,4.0,1054780741
199,2467,4.5,1060289150
202,2467,4.0,974925519
249,2467,4.5,1346841273
313,2467,5.0,1030556075
318,2467,3.5,1428178600
346,2467,4.0,1125858366
387,2467,2.5,1094875559
474,2467,3.5,1140703333
483,2467,4.5,1215897339
580,2467,3.5,1168086579
606,2467,4.0,1173570093
1,2470,5.0,964982588
18,2470,3.0,1455529935
19,2470,3.0,965706365
45,2470,1.0,950740565
51,2470,4.0,1230932235
57,2470,3.0,965798397
64,2470,3.0,1161528886
66,2470,4.0,1113190055
68,2470,3.5,1158532880
80,2470,4.0,1377306352
104,2470,3.0,1048794772
132,2470,3.0,1157923115
135,2470,3.0,1009693377
140,2470,4.0,1004111456
160,2470,2.0,971436749
202,2470,3.0,974923239
217,2470,3.0,955942145
232,2470,3.0,1182909936
237,2470,3.5,1410629976
239,2470,3.0,1221159141
274,2470,1.5,1197014073
275,2470,2.0,1049077179
282,2470,4.0,1378497876
288,2470,3.5,1054569536
294,2470,2.0,966595998
307,2470,2.5,1186162066
325,2470,3.0,1039395975
327,2470,3.5,1234788669
354,2470,3.5,1200953106
359,2470,3.5,1198113389
376,2470,3.5,1364932564
380,2470,5.0,1494803628
381,2470,3.5,1167543225
387,2470,2.5,1094942090
414,2470,4.0,961594982
425,2470,3.0,1085490830
428,2470,2.0,1111489687
448,2470,4.0,1049015553
469,2470,3.0,965425863
474,2470,2.0,1002757072
477,2470,4.0,1200941084
480,2470,4.5,1179178405
483,2470,3.0,1178358835
520,2470,4.0,1326687488
527,2470,5.0,1033175858
528,2470,2.0,1391734359
552,2470,3.5,1112151471
555,2470,4.0,978822670
577,2470,3.0,945965944
587,2470,4.0,953139030
590,2470,3.0,1258421475
597,2470,4.0,941641148
599,2470,3.5,1498500254
600,2470,3.0,1237857117
603,2470,1.0,953928203
606,2470,2.5,1171822408
608,2470,1.5,1117504556
68,2471,3.0,1261623754
78,2471,1.0,1252573384
160,2471,1.0,971436871
167,2471,2.5,1154719196
217,2471,3.0,955942351
238,2471,3.0,1007932113
266,2471,1.0,944891365
282,2471,4.5,1378489648
287,2471,0.5,1110230119
288,2471,3.0,975692884
294,2471,1.0,966596876
381,2471,4.0,1168665981
414,2471,2.0,961595149
428,2471,1.0,1111524419
448,2471,3.0,1019125633
474,2471,1.0,1002757177
483,2471,2.5,1215897159
527,2471,5.0,1033176126
555,2471,3.0,978823482
579,2471,4.0,958879503
587,2471,4.0,953140332
597,2471,2.0,941641222
599,2471,3.0,1498524830
606,2471,1.5,1172012627
19,2491,4.0,965708132
68,2491,4.5,1275958328
438,2491,3.0,1105763212
474,2491,2.0,1046887780
594,2491,4.5,1108974035
290,2494,4.0,974943133
474,2494,4.0,1137179411
1,2502,5.0,964981278
17,2502,4.5,1322629245
19,2502,2.0,965706185
28,2502,2.0,1234338784
42,2502,5.0,996219191
45,2502,5.0,1007995101
64,2502,4.5,1161519727
66,2502,5.0,1093747524
68,2502,5.0,1158532149
73,2502,3.0,1464198229
76,2502,4.0,1439168287
91,2502,4.5,1112712927
100,2502,4.5,1100184810
101,2502,3.0,968441120
104,2502,3.0,1115412831
105,2502,3.0,1446774070
122,2502,5.0,1461561661
135,2502,4.0,1009692001
141,2502,4.0,1513130803
155,2502,5.0,961860688
167,2502,5.0,1154722970
169,2502,5.0,1078285093
177,2502,3.0,1435537236
182,2502,4.5,1077804819
187,2502,4.5,1161849792
200,2502,4.0,1229886460
218,2502,3.0,1111624880
219,2502,4.0,1194686054
220,2502,5.0,1230061728
221,2502,4.0,1119984493
226,2502,5.0,1095663118
230,2502,2.5,1196304832
236,2502,4.0,943014926
239,2502,5.0,1221158519
249,2502,4.0,1415547891
257,2502,1.5,1141625616
261,2502,4.0,1404881465
274,2502,4.5,1171172758
279,2502,4.0,1506395827
282,2502,4.5,1378491812
288,2502,3.5,1124723665
294,2502,4.0,966595639
298,2502,3.0,1447584493
304,2502,3.0,945011519
307,2502,3.0,1186161668
316,2502,3.5,1111493159
317,2502,4.0,1430512215
318,2502,4.0,1272569156
322,2502,3.5,1217676628
330,2502,5.0,1285904404
336,2502,5.0,1122227584
339,2502,4.5,1460519194
341,2502,4.5,1487284796
354,2502,4.0,1200870675
356,2502,3.5,1229139911
357,2502,4.0,1348610363
361,2502,2.0,1204045760
370,2502,4.0,1159162567
381,2502,4.5,1164383867
384,2502,4.0,996929917
387,2502,4.0,1094876743
391,2502,5.0,1030825317
403,2502,4.5,1225243619
413,2502,5.0,1484439642
414,2502,4.0,961436932
419,2502,4.0,1321757444
424,2502,4.5,1457843975
425,2502,4.0,1085490739
434,2502,4.5,1271039118
438,2502,3.5,1105667089
448,2502,3.0,1270312997
449,2502,4.5,1053200223
452,2502,5.0,1013398144
453,2502,5.0,972622997
469,2502,5.0,965425656
474,2502,4.0,1046875430
477,2502,4.5,1200941188
480,2502,5.0,1179177895
484,2502,4.5,1342229209
509,2502,3.5,1436101545
520,2502,4.0,1326609451
522,2502,4.5,1297482767
525,2502,4.5,1476476481
533,2502,4.0,1424753660
539,2502,2.5,1332474924
552,2502,5.0,1111473190
553,2502,4.0,1219558111
561,2502,4.5,1491094817
573,2502,4.5,1186804251
585,2502,4.0,1307418304
597,2502,4.0,940419770
599,2502,4.0,1498499455
600,2502,4.5,1237713231
608,2502,5.0,1117161750
42,2505,4.0,996255934
135,2505,3.0,1009691467
182,2505,3.5,1055153669
236,2505,4.0,943015701
237,2505,3.5,1410630733
249,2505,3.0,1356821928
287,2505,1.0,1110230133
348,2505,4.0,1378849984
368,2505,3.0,971276934
387,2505,2.5,1142746248
424,2505,3.5,1457902188
432,2505,3.0,1315243261
465,2505,2.0,959896430
555,2505,3.0,978748249
575,2505,3.0,926510311
597,2505,2.0,940420065
599,2505,1.5,1498504268
608,2505,3.5,1117507250
307,2506,2.5,1186172842
383,2506,3.0,943569666
474,2506,2.0,1046887869
555,2506,5.0,978747153
575,2506,4.0,926510350
600,2506,3.5,1237760450
274,2517,3.5,1261091238
288,2517,4.0,976138852
387,2517,3.0,1151441080
474,2517,1.0,1089387529
514,2517,3.0,1534086726
555,2517,4.0,978822506
571,2517,3.0,966900601
597,2517,3.0,940362008
603,2517,1.0,953925740
610,2517,4.0,1479543097
1,2529,5.0,964982242
7,2529,5.0,1106635640
21,2529,4.0,1412967877
27,2529,4.0,965149571
39,2529,4.0,974787510
57,2529,4.0,969754215
75,2529,1.5,1158967238
91,2529,4.0,1112711706
103,2529,3.5,1431957659
140,2529,3.0,942841394
160,2529,3.0,971112754
182,2529,4.5,1054779888
183,2529,4.0,992331540
186,2529,5.0,1031079431
199,2529,4.0,940380816
202,2529,4.0,974921379
217,2529,2.0,955935939
232,2529,3.5,1218169508
265,2529,4.0,965314867
274,2529,4.0,1232700930
288,2529,5.0,976139309
290,2529,4.0,974943133
292,2529,3.0,973817087
298,2529,3.5,1450369408
312,2529,4.0,1043176620
313,2529,5.0,1030474684
315,2529,3.0,939920310
318,2529,4.0,1270753709
361,2529,2.0,1204046002
367,2529,3.0,997811550
368,2529,3.0,975829046
380,2529,5.0,1493473851
387,2529,4.0,1094877510
414,2529,3.0,961514761
425,2529,3.0,1085490648
448,2529,3.0,1041617295
452,2529,4.0,1013395071
469,2529,4.0,965333899
474,2529,4.0,1051017513
477,2529,3.5,1200943020
479,2529,3.0,1039362699
483,2529,3.0,1215895478
489,2529,4.0,1385823814
527,2529,5.0,1033174513
546,2529,3.0,973588518
555,2529,5.0,978841381
561,2529,4.0,1491094696
577,2529,5.0,945967015
580,2529,3.0,1167860772
590,2529,5.0,1258418081
597,2529,5.0,941729293
599,2529,4.0,1498499309
600,2529,2.5,1237759271
603,2529,4.0,963177215
607,2529,5.0,963078933
608,2529,3.5,1117415313
19,2550,3.0,965704904
59,2550,5.0,953610267
312,2550,4.0,1043176065
387,2550,4.0,1117356735
469,2550,5.0,965846321
474,2550,4.0,1046979004
608,2550,3.0,1117408202
50,2553,3.0,1514239563
202,2553,4.0,974924816
313,2553,4.0,1030474757
315,2553,2.0,939920310
474,2553,3.5,1069682754
571,2553,2.0,966900315
51,2554,4.0,1230932214
315,2554,2.0,939922322
474,2554,3.5,1100292516
20,2565,3.5,1054147376
27,2565,5.0,965149694
169,2565,4.5,1070250144
177,2565,3.0,1435536045
185,2565,4.0,1044311949
188,2565,5.0,962560181
290,2565,4.0,975031719
357,2565,3.5,1348610865
474,2565,5.0,983032381
517,2565,4.5,1487954421
527,2565,4.0,1033173966
590,2565,4.0,1258417201
1,2571,5.0,964981888
4,2571,1.0,945173385
10,2571,0.5,1455356378
13,2571,5.0,987457007
15,2571,4.0,1510571744
16,2571,3.5,1377476921
17,2571,5.0,1305696756
18,2571,4.5,1455209654
19,2571,4.0,965703605
21,2571,4.0,1412967844
24,2571,4.0,1458941533
25,2571,5.0,1535470427
28,2571,4.0,1234338350
30,2571,5.0,1500370345
33,2571,5.0,939646784
34,2571,3.0,1162048690
39,2571,5.0,974787586
41,2571,2.0,1459367665
42,2571,5.0,996214210
45,2571,5.0,950718872
48,2571,5.0,1127128841
49,2571,4.5,1493093047
50,2571,2.5,1514237967
52,2571,5.0,1468051094
57,2571,5.0,965796810
59,2571,1.0,953609098
62,2571,5.0,1521489407
63,2571,3.5,1443199667
64,2571,4.0,1161519966
66,2571,5.0,1093747372
67,2571,4.5,1501273541
68,2571,4.5,1158531187
69,2571,5.0,1021643884
72,2571,5.0,1217324848
75,2571,1.0,1158967564
76,2571,4.0,1439165565
77,2571,5.0,1535107478
78,2571,4.5,1252575194
79,2571,4.0,975281874
80,2571,4.5,1377308089
82,2571,4.0,1084467856
86,2571,4.5,1344082935
91,2571,5.0,1112712839
95,2571,5.0,1043340455
96,2571,4.0,964772731
97,2571,5.0,1047481450
103,2571,4.0,1431954260
105,2571,4.0,1446571567
106,2571,5.0,1467360688
108,2571,5.0,1042840183
110,2571,4.0,1175330041
111,2571,0.5,1516140656
112,2571,5.0,1442535637
115,2571,3.0,955845509
119,2571,4.0,1435942472
122,2571,5.0,1461561331
123,2571,4.0,1447269089
125,2571,5.0,1474141548
129,2571,4.5,1167375624
131,2571,3.0,1349840252
132,2571,4.5,1157920630
135,2571,5.0,1009691144
137,2571,4.0,1204859379
140,2571,4.0,967048185
141,2571,3.5,1513129802
144,2571,4.0,1137323508
152,2571,4.0,1450572453
153,2571,0.5,1525548255
156,2571,3.0,1106854776
160,2571,4.0,971113953
165,2571,4.0,1046741873
166,2571,4.0,1188774339
169,2571,4.5,1078284597
177,2571,3.0,1435523707
178,2571,4.5,1164355026
180,2571,3.5,1270237896
182,2571,5.0,1054779786
186,2571,3.0,1031079431
187,2571,4.0,1161863977
189,2571,4.0,1439465057
190,2571,3.0,1504309954
195,2571,3.0,974705726
196,2571,5.0,1460954049
197,2571,5.0,947461364
198,2571,5.0,1034135489
199,2571,4.0,940371931
200,2571,5.0,1229887354
202,2571,4.0,974918563
203,2571,2.5,1390094970
204,2571,4.5,1327183462
208,2571,5.0,940638581
209,2571,5.0,1524522373
210,2571,5.0,1473881704
211,2571,5.0,1350913139
212,2571,3.0,1490114722
217,2571,3.0,955935905
219,2571,5.0,1194686044
220,2571,5.0,1230054916
221,2571,2.0,1119984438
222,2571,4.0,1391350315
223,2571,3.5,1226209637
226,2571,4.0,1095662426
227,2571,4.5,1447189517
228,2571,4.5,1363222884
231,2571,5.0,1433089456
232,2571,4.5,1141776628
233,2571,4.5,1524781479
234,2571,5.0,1004408002
237,2571,4.0,1410632179
239,2571,5.0,1221158121
241,2571,4.0,1447536101
244,2571,4.0,975090740
246,2571,5.0,1354124998
247,2571,3.5,1467644028
248,2571,4.0,1534591655
249,2571,5.0,1346757773
251,2571,5.0,1470676673
254,2571,5.0,1180446172
256,2571,4.5,1446579700
258,2571,5.0,1534892420
261,2571,4.0,1404881429
263,2571,4.0,940383549
264,2571,4.5,1136979072
265,2571,5.0,965314838
266,2571,5.0,944892187
267,2571,5.0,959807483
268,2571,5.0,940172949
272,2571,4.0,1532265979
274,2571,4.0,1171409506
275,2571,5.0,1049078883
279,2571,4.5,1506394161
282,2571,5.0,1378490023
286,2571,4.5,1119562496
288,2571,3.0,975692000
292,2571,4.0,990062164
296,2571,4.5,1532993833
298,2571,4.0,1447516845
300,2571,4.0,1425351455
303,2571,5.0,1053303064
304,2571,4.0,945958412
305,2571,5.0,1460135333
307,2571,3.5,1189455492
308,2571,3.0,1421374235
309,2571,4.0,1126453981
312,2571,3.0,1043176620
313,2571,5.0,1030474684
316,2571,4.5,1111493430
317,2571,4.0,1430361436
318,2571,3.5,1235479423
319,2571,5.0,1461351631
322,2571,4.0,1217677103
323,2571,3.0,1422640071
326,2571,3.5,1419880534
328,2571,2.0,1494206984
330,2571,3.5,1285904357
332,2571,5.0,1352671490
334,2571,4.0,1225478025
335,2571,5.0,1261542406
336,2571,5.0,1122227310
343,2571,5.0,1202060813
344,2571,5.0,1420495243
351,2571,4.0,1326106654
352,2571,4.5,1493673464
354,2571,4.0,1200870395
356,2571,4.0,1229142739
359,2571,2.5,1198112109
362,2571,4.5,1530640053
363,2571,2.5,1502584382
368,2571,4.0,971275431
369,2571,4.5,1237083087
370,2571,4.0,1159162886
371,2571,5.0,1407692313
376,2571,3.5,1364994024
380,2571,4.5,1493419763
381,2571,5.0,1164383856
382,2571,5.0,1515173439
387,2571,4.0,1094876701
390,2571,4.5,1250335723
391,2571,5.0,1030826859
393,2571,5.0,1430505817
399,2571,5.0,1167220314
400,2571,5.0,1498870160
405,2571,4.5,1295911712
407,2571,5.0,1424349171
408,2571,4.5,1469527105
412,2571,3.0,939114573
414,2571,5.0,961514761
415,2571,4.5,1382470013
416,2571,1.0,1187496634
417,2571,5.0,1529283509
419,2571,4.0,1321659031
420,2571,4.5,1218041491
424,2571,2.0,1457842880
425,2571,3.5,1085477519
428,2571,4.0,1111487912
430,2571,5.0,1057518732
432,2571,3.5,1315244945
434,2571,5.0,1270603946
438,2571,5.0,1105664235
439,2571,5.0,1436943750
441,2571,5.0,1449070470
443,2571,3.5,1420236640
445,2571,5.0,1454621708
448,2571,2.0,1162753923
452,2571,5.0,1013394715
453,2571,5.0,972621342
459,2571,4.0,1520232948
460,2571,4.5,1359176984
461,2571,0.5,1505935248
462,2571,0.5,1154037742
464,2571,5.0,1275548673
465,2571,4.0,959896015
466,2571,4.0,1439885067
469,2571,4.0,965335373
471,2571,3.5,1496669588
474,2571,4.5,1053020932
475,2571,4.5,1498029365
477,2571,4.0,1200939698
480,2571,5.0,1179160175
483,2571,4.5,1215548672
487,2571,3.0,1428574140
489,2571,4.0,1332772362
490,2571,4.0,1324371086
493,2571,5.0,1001562662
494,2571,5.0,1001666589
495,2571,5.0,1458634573
497,2571,2.5,1429127153
503,2571,4.5,1335219074
509,2571,3.5,1435993006
511,2571,5.0,1450093985
514,2571,4.0,1533949050
517,2571,2.5,1487962668
520,2571,5.0,1326608654
522,2571,4.0,1253344718
525,2571,4.0,1476475829
528,2571,5.0,1391735927
532,2571,5.0,1025523745
533,2571,5.0,1424753506
534,2571,4.0,1459787998
535,2571,4.0,939028910
537,2571,4.0,1424141086
540,2571,4.0,1179108880
542,2571,5.0,1163386800
543,2571,5.0,1377069266
548,2571,5.0,1488243190
549,2571,5.0,1464282594
550,2571,4.5,1488629924
551,2571,4.0,1504316393
552,2571,4.5,1112151193
553,2571,3.5,1230773369
554,2571,5.0,944899185
555,2571,5.0,978840128
557,2571,4.5,1452797277
560,2571,4.5,1469647800
561,2571,4.0,1491090825
562,2571,5.0,1368892301
570,2571,4.5,1181477188
573,2571,5.0,1186589585
575,2571,4.0,926510261
579,2571,5.0,958881789
580,2571,5.0,1167783678
581,2571,3.5,1447007088
582,2571,5.0,1446792623
586,2571,5.0,1529899309
587,2571,4.0,953141652
590,2571,4.0,1258419539
591,2571,5.0,970524610
593,2571,2.5,1181008043
594,2571,5.0,1109036795
596,2571,4.0,1535709487
599,2571,5.0,1519029461
600,2571,3.0,1237712912
601,2571,5.0,1441639169
603,2571,5.0,963177606
606,2571,5.0,1171325929
607,2571,5.0,963080047
608,2571,5.0,1117162423
610,2571,5.0,1479545822
12,2572,5.0,1247263689
19,2572,3.0,965706365
68,2572,4.5,1158534664
92,2572,5.0,1294941782
104,2572,5.0,1048586179
111,2572,4.0,1516153699
132,2572,4.0,1157923396
153,2572,1.0,1525552933
158,2572,3.5,1290764961
177,2572,4.5,1435534583
182,2572,4.0,1055155150
198,2572,1.0,1034136443
200,2572,5.0,1229876838
219,2572,2.0,1194827089
236,2572,5.0,943015019
249,2572,3.5,1356550212
260,2572,4.5,1109409279
274,2572,3.0,1171511625
275,2572,4.0,1049076805
280,2572,4.0,1347605102
286,2572,3.0,1119561590
298,2572,2.5,1476632985
307,2572,0.5,1186084248
316,2572,3.0,1111493683
325,2572,3.0,1039398213
354,2572,4.0,1200953334
356,2572,4.0,1232431172
358,2572,4.0,1339546490
365,2572,4.0,1488333453
370,2572,3.5,1159164372
414,2572,4.0,961436469
432,2572,3.5,1315242726
453,2572,5.0,1005967028
457,2572,4.0,993610838
474,2572,2.5,1087832512
480,2572,2.5,1179178848
483,2572,2.5,1215895855
484,2572,4.0,1342296830
489,2572,4.5,1332705170
500,2572,3.0,1005527406
509,2572,3.5,1435992697
525,2572,4.0,1476477617
538,2572,3.5,1307846099
542,2572,3.5,1163388443
555,2572,3.0,978746874
563,2572,3.5,1441846344
564,2572,3.0,1478453983
575,2572,2.0,926510403
583,2572,5.0,1481474408
597,2572,3.0,940420065
599,2572,3.0,1498522997
600,2572,3.0,1237708482
603,2572,3.0,953925933
605,2572,5.0,1277095714
23,2579,4.0,1107163393
178,2579,4.0,1163673957
184,2579,4.0,1537094293
318,2579,3.5,1433139430
387,2579,3.5,1191739562
474,2579,4.0,1046978769
12,2581,5.0,1247263444
19,2581,3.0,965706839
36,2581,2.5,1100803667
42,2581,3.0,996219008
64,2581,3.0,1161565958
68,2581,3.5,1158535103
104,2581,4.0,1056228899
111,2581,4.0,1516155924
132,2581,3.5,1157978948
169,2581,4.5,1078285431
177,2581,2.5,1435891169
200,2581,4.0,1229888352
208,2581,4.0,940639121
274,2581,3.0,1173992236
280,2581,3.0,1347604698
292,2581,1.0,1015374438
307,2581,1.5,1186162820
342,2581,3.0,1042822138
357,2581,4.0,1348627944
409,2581,2.0,968985960
414,2581,3.0,961436932
422,2581,3.0,1010279673
428,2581,2.0,1111525330
469,2581,3.0,965425798
473,2581,3.0,1169351147
474,2581,4.0,1046887440
480,2581,1.5,1179159569
484,2581,3.5,1342297516
489,2581,3.5,1333022838
535,2581,1.0,939029767
575,2581,4.0,926510311
591,2581,4.0,970525046
600,2581,1.5,1237715269
603,2581,1.0,953926166
606,2581,3.5,1171365620
608,2581,1.0,1117674448
4,2583,5.0,945078863
113,2583,5.0,980307560
160,2583,2.0,1008678948
268,2583,4.0,940173165
325,2583,4.0,1039396768
474,2583,4.0,1081177421
479,2583,5.0,1039367616
535,2583,3.0,939029507
575,2583,4.0,926510262
597,2583,4.0,940361485
599,2583,2.5,1519263882
606,2583,4.0,1171736933
42,2598,4.0,996221045
45,2598,4.0,1007995150
51,2598,3.5,1230930292
91,2598,3.0,1112716738
101,2598,2.0,968441139
182,2598,3.0,1055155862
195,2598,4.0,979469872
217,2598,4.0,955944895
236,2598,1.0,943015019
294,2598,4.0,966596382
342,2598,3.0,1042822202
343,2598,4.0,1202060315
391,2598,1.0,1030825353
409,2598,2.0,968978384
414,2598,2.0,961436997
422,2598,3.0,1010279752
448,2598,3.0,1019128447
474,2598,2.0,1046887607
483,2598,4.0,1226359932
540,2598,3.0,1179108026
552,2598,2.5,1112151439
575,2598,4.0,926510311
597,2598,2.0,940362052
599,2598,2.0,1519245043
603,2598,1.0,953926238
95,2600,2.5,1105401161
101,2600,4.0,968443749
125,2600,5.0,1474294595
182,2600,4.5,1054780045
198,2600,5.0,1034135531
267,2600,4.0,959809005
312,2600,4.0,1043176824
352,2600,4.0,1493673917
387,2600,3.5,1095041415
391,2600,2.0,1030825439
414,2600,4.0,961437105
425,2600,4.5,1114173199
452,2600,4.0,1019580705
457,2600,3.0,993611064
474,2600,4.0,1049892884
477,2600,3.5,1200944736
520,2600,3.5,1326608037
560,2600,4.0,1469650428
580,2600,4.0,1167793421
599,2600,2.5,1498527995
603,2600,5.0,953926351
608,2600,4.5,1117415451
474,2612,4.0,1089386149
1,2616,4.0,964983080
45,2616,4.0,1020803185
53,2616,5.0,1237748059
57,2616,2.0,969754707
59,2616,2.0,953609458
68,2616,3.0,1158535712
156,2616,1.0,946798548
217,2616,4.0,955941233
234,2616,3.0,1004408531
288,2616,3.0,978466248
294,2616,1.0,966597739
327,2616,3.5,1234787242
348,2616,4.5,1378849901
368,2616,2.0,975828314
375,2616,3.0,1225230736
387,2616,2.5,1095041239
414,2616,3.0,961516093
438,2616,3.0,1105670761
448,2616,2.0,1019124714
474,2616,2.0,974667743
477,2616,3.5,1200939271
599,2616,4.0,1498499127
600,2616,2.5,1237742906
603,2616,1.0,963177760
607,2616,3.0,963080497
608,2616,3.5,1117505086
1,2628,4.0,964980523
4,2628,1.0,986848894
7,2628,1.5,1106712553
19,2628,3.0,965703756
21,2628,4.0,1418063222
27,2628,5.0,965151428
28,2628,4.0,1234516355
34,2628,3.5,1162050129
42,2628,3.0,996220790
45,2628,4.0,950740549
57,2628,3.0,965798332
62,2628,4.5,1521822355
66,2628,3.0,1113190079
68,2628,3.0,1158531291
69,2628,4.0,1021645687
75,2628,1.0,1158967457
76,2628,2.0,1439168151
82,2628,3.5,1084467885
86,2628,3.5,1344082805
91,2628,4.0,1112713335
93,2628,5.0,942946013
96,2628,2.0,964773686
103,2628,3.5,1431957094
104,2628,3.0,1049044730
129,2628,3.5,1167376125
132,2628,2.0,1157922681
135,2628,2.0,1009691726
137,2628,3.0,1204859532
140,2628,4.0,942844235
155,2628,5.0,961889079
160,2628,2.0,971114208
166,2628,3.5,1188926268
169,2628,4.0,1059428780
177,2628,2.0,1435533608
182,2628,1.5,1054780075
186,2628,4.0,1031079926
187,2628,1.5,1180734850
197,2628,5.0,947461556
198,2628,2.0,1034138101
199,2628,2.0,940371961
200,2628,3.0,1229885944
201,2628,3.0,939226374
202,2628,4.0,974923318
208,2628,4.0,940638611
209,2628,2.0,1524607394
210,2628,5.0,1473705519
217,2628,4.0,955940534
219,2628,1.0,1214043519
220,2628,3.5,1244606058
223,2628,3.0,1226209795
225,2628,3.0,949111013
226,2628,2.5,1095662443
232,2628,4.0,1218164799
234,2628,3.0,1004408301
237,2628,2.5,1410632175
239,2628,3.5,1221158698
249,2628,3.5,1347318740
263,2628,3.0,940383700
265,2628,4.0,965314334
268,2628,2.0,940173115
274,2628,2.5,1171491491
288,2628,4.0,975692084
292,2628,4.0,1039914974
294,2628,4.0,966634030
296,2628,1.0,1532994086
298,2628,3.0,1453032817
299,2628,2.0,974620151
304,2628,5.0,929868483
305,2628,2.0,1511718989
307,2628,4.0,1227538389
312,2628,3.0,1043176981
313,2628,2.0,1030475266
318,2628,3.0,1237233292
325,2628,2.0,1039397724
330,2628,3.0,1285905138
334,2628,3.0,1232308387
344,2628,5.0,1420496085
352,2628,3.5,1493673510
354,2628,3.5,1200870733
355,2628,5.0,974965782
357,2628,3.0,1348612089
362,2628,4.0,1530640182
369,2628,2.5,1237081490
370,2628,1.5,1159162932
375,2628,1.5,1225314341
376,2628,4.5,1364994169
380,2628,4.0,1494803425
381,2628,3.5,1200824541
382,2628,3.5,1515161544
391,2628,1.0,1032647762
392,2628,2.0,1027524145
412,2628,4.0,939563056
414,2628,4.0,1258247798
422,2628,4.0,986172053
425,2628,3.0,1085477571
428,2628,3.5,1111489698
432,2628,4.0,1316391576
434,2628,0.5,1270604685
438,2628,3.0,1116602072
441,2628,4.5,1449070658
448,2628,2.0,1119469513
452,2628,4.0,1013394544
453,2628,5.0,1005967956
457,2628,3.0,993610795
462,2628,0.5,1140399820
465,2628,2.0,959895496
469,2628,3.0,965334591
474,2628,4.0,974667509
477,2628,4.0,1200939784
480,2628,2.0,1179177670
483,2628,3.0,1327276826
489,2628,1.0,1333101402
511,2628,4.0,1522155902
520,2628,1.5,1326609133
522,2628,3.0,1253344785
525,2628,3.0,1476476276
534,2628,3.5,1459787995
540,2628,4.5,1179108685
552,2628,3.5,1111473043
555,2628,5.0,978841879
557,2628,2.0,1452874621
560,2628,4.0,1469649995
561,2628,2.0,1491091395
567,2628,0.5,1525289756
570,2628,3.5,1181477428
573,2628,3.5,1248840104
580,2628,4.0,1167792623
590,2628,2.5,1258429919
591,2628,5.0,970524685
593,2628,2.5,1181008458
594,2628,4.0,1109036951
595,2628,4.0,938806929
597,2628,3.0,940420799
599,2628,3.0,1498524385
600,2628,1.0,1237712907
603,2628,1.0,963177792
606,2628,3.5,1197932958
607,2628,3.0,963171321
608,2628,4.0,1117408301
610,2628,3.0,1493879393
1,2640,4.0,964982377
7,2640,3.0,1106635540
19,2640,3.0,965703674
27,2640,4.0,962686758
57,2640,4.0,969753832
64,2640,4.5,1161519699
68,2640,3.5,1158531936
75,2640,1.5,1158967058
95,2640,4.5,1105401101
140,2640,3.0,942841652
160,2640,4.0,971114178
164,2640,4.0,999708378
186,2640,5.0,1031079788
198,2640,3.0,1034137427
202,2640,4.0,974921398
217,2640,4.0,955936050
220,2640,4.0,1230061837
234,2640,5.0,1004408188
265,2640,4.0,965315025
268,2640,3.0,940173933
288,2640,3.5,1054569165
294,2640,4.0,966634003
303,2640,5.0,1053303264
307,2640,3.0,1186161663
312,2640,4.0,1043176663
313,2640,3.0,1030474810
328,2640,5.0,1494210676
368,2640,3.0,975829209
380,2640,4.0,1494803540
387,2640,1.0,1094849196
391,2640,4.0,1030827179
414,2640,3.0,961514795
425,2640,2.5,1085476597
438,2640,4.0,1105664229
448,2640,3.0,1019124354
452,2640,4.0,1013395104
469,2640,3.0,965334150
474,2640,4.0,983033492
480,2640,2.5,1179177858
482,2640,5.0,1105397001
483,2640,3.5,1178293871
493,2640,4.0,1001562900
502,2640,5.0,1111757693
510,2640,3.0,1141158903
531,2640,3.0,1032961914
534,2640,4.0,1459787996
555,2640,3.0,978841598
561,2640,4.0,1491094722
570,2640,3.0,1181478347
573,2640,4.0,1186722632
577,2640,4.0,945965795
580,2640,3.0,1167674843
586,2640,3.5,1529901442
590,2640,4.0,1258419800
594,2640,4.0,1109038068
596,2640,3.5,1535711544
597,2640,4.0,941640505
599,2640,4.0,1498499019
600,2640,3.5,1237764516
603,2640,2.0,953926995
608,2640,2.5,1117415294
1,2641,5.0,964982620
16,2641,3.0,1377476582
19,2641,3.0,965703727
42,2641,2.0,996216337
51,2641,1.5,1230932173
57,2641,2.0,969754664
91,2641,3.5,1112716767
160,2641,2.0,971436749
180,2641,3.5,1270237580
186,2641,4.0,1031080221
201,2641,3.0,941211523
202,2641,4.0,974923318
217,2641,4.0,955940741
230,2641,0.5,1196304146
234,2641,3.0,1004408321
265,2641,2.0,965315212
268,2641,3.0,940194450
271,2641,2.5,1234301763
274,2641,3.0,1171759389
288,2641,3.0,975691873
294,2641,2.0,966634119
312,2641,3.0,1043176840
313,2641,3.0,1030474917
328,2641,4.5,1494212006
330,2641,3.0,1285903216
368,2641,2.0,975829531
371,2641,3.5,1407691722
377,2641,3.0,1340341901
380,2641,3.5,1494803838
391,2641,2.0,1032647762
403,2641,2.5,1225243367
414,2641,3.0,961514924
438,2641,4.0,1105664576
448,2641,3.0,1019125353
469,2641,4.0,965334440
474,2641,4.0,994819094
545,2641,3.5,1240358462
552,2641,4.0,1112151451
555,2641,3.0,978841879
561,2641,4.0,1491092247
562,2641,3.0,1368890765
576,2641,2.5,1358151488
577,2641,3.0,945967243
580,2641,2.5,1167674994
590,2641,4.0,1258415193
596,2641,3.0,1535711557
599,2641,4.0,1498499596
603,2641,1.0,953928361
605,2641,3.0,1277176621
19,2642,1.0,965704033
57,2642,2.0,965798974
86,2642,3.5,1343944853
160,2642,1.0,971114668
211,2642,3.5,1350912090
217,2642,3.0,955942393
234,2642,2.0,1004408683
265,2642,2.0,965315371
288,2642,2.0,976138420
294,2642,1.0,966634305
387,2642,1.5,1095041383
414,2642,3.0,961515424
438,2642,3.0,1105664766
448,2642,3.0,1019124858
469,2642,3.0,965334973
474,2642,1.5,1053021706
552,2642,1.0,1111473196
555,2642,3.0,978823527
590,2642,2.0,1258418814
596,2642,2.5,1535711669
599,2642,1.5,1498504526
600,2642,3.5,1237715897
1,2648,4.0,964983414
66,2648,5.0,1104645251
137,2648,3.5,1204863751
225,2648,2.0,949261330
290,2648,5.0,974938253
305,2648,4.5,1460225565
380,2648,5.0,1495475781
452,2648,4.0,1013397891
474,2648,3.5,1189991079
562,2648,3.5,1368892423
607,2648,3.0,964744521
290,2660,4.0,975031636
380,2660,3.5,1537040520
469,2660,3.0,965335315
474,2660,3.5,1137521191
68,2662,2.0,1261623772
183,2662,3.0,992331667
186,2662,4.0,1031079628
217,2662,2.0,955940534
288,2662,3.0,1026309807
303,2662,3.5,1053303235
368,2662,2.0,971274957
469,2662,3.0,965335401
514,2662,4.0,1533945464
555,2662,4.0,978841648
590,2662,4.5,1258427492
599,2662,3.0,1519125149
51,2664,4.0,1230930279
92,2664,3.5,1294941533
186,2664,5.0,1031079431
288,2664,4.0,976138507
305,2664,5.0,1460225572
313,2664,3.0,1030475620
387,2664,4.0,1118463101
469,2664,3.0,965846077
474,2664,4.0,1107271718
477,2664,4.0,1200946747
480,2664,3.0,1179162416
562,2664,3.0,1368892482
590,2664,3.5,1267236872
462,2677,4.5,1201445865
560,2677,4.0,1469651001
603,2677,5.0,954481981
606,2677,4.0,1171234566
1,2692,5.0,964981855
4,2692,5.0,945079013
18,2692,3.0,1455231448
39,2692,5.0,974789111
41,2692,4.0,1458939534
63,2692,4.5,1443200946
64,2692,5.0,1161521090
68,2692,2.0,1158532200
74,2692,4.0,1207501208
79,2692,5.0,975281842
91,2692,4.0,1112712146
95,2692,4.0,1044744647
101,2692,4.0,968441171
104,2692,4.0,1078080941
110,2692,4.0,1175330145
122,2692,4.5,1461561716
125,2692,4.0,1474413375
129,2692,4.5,1167376892
135,2692,4.0,1009692826
156,2692,5.0,951112971
165,2692,3.0,1046741833
177,2692,3.5,1435532298
182,2692,4.0,1054780795
185,2692,4.0,1044311995
187,2692,3.0,1161849667
195,2692,4.0,974709608
198,2692,4.0,1034136057
199,2692,5.0,995165528
215,2692,4.5,1260908700
218,2692,4.0,1111624887
220,2692,4.5,1230083274
221,2692,4.0,1111176261
233,2692,3.5,1529751931
246,2692,3.0,1353869464
249,2692,4.0,1346757625
260,2692,4.5,1109410646
263,2692,3.5,1120071545
274,2692,2.5,1288172724
275,2692,4.0,1049078140
286,2692,3.5,1119561966
287,2692,2.5,1110231518
298,2692,3.0,1447619952
317,2692,3.0,1430598686
318,2692,3.5,1256504730
322,2692,4.0,1217676727
326,2692,4.0,1437419239
354,2692,4.5,1200870668
356,2692,5.0,1232430617
369,2692,4.0,1237083071
370,2692,3.5,1159161785
381,2692,4.0,1200823476
387,2692,4.0,1094875232
391,2692,5.0,1030825372
414,2692,5.0,961436997
425,2692,4.0,1085490598
449,2692,3.5,1053200189
453,2692,4.0,972621297
454,2692,3.5,1279547320
457,2692,4.0,993611016
474,2692,4.0,1100119630
477,2692,4.5,1200940589
480,2692,4.0,1179178092
489,2692,4.0,1332773225
490,2692,4.0,1328358466
526,2692,4.5,1502132212
535,2692,5.0,939028879
560,2692,4.0,1469648429
562,2692,4.0,1368894730
580,2692,4.0,1167790334
596,2692,4.0,1535709485
597,2692,4.0,941730854
599,2692,4.5,1498459518
600,2692,3.5,1237713217
603,2692,3.0,953926273
606,2692,4.5,1171323386
448,2693,4.0,1032771794
462,2693,4.5,1201445877
469,2693,1.0,965846239
474,2693,4.0,1048638289
12,2694,4.0,1247263398
19,2694,2.0,965706839
42,2694,4.0,996262184
45,2694,5.0,951170525
64,2694,3.0,1161559713
68,2694,3.5,1158535873
101,2694,3.0,968440874
111,2694,3.0,1518903909
115,2694,2.0,945304932
141,2694,3.0,1513132111
177,2694,2.5,1435534803
182,2694,2.5,1055155968
201,2694,4.0,940350528
223,2694,0.5,1226209216
226,2694,3.5,1172040478
232,2694,3.0,1192670416
236,2694,2.0,943015146
249,2694,3.5,1353800963
274,2694,3.5,1171944459
280,2694,4.0,1348532891
281,2694,3.0,1182999704
292,2694,2.0,1016841615
298,2694,2.5,1466276255
307,2694,3.0,1186086434
341,2694,4.0,1439751267
361,2694,3.5,1204046247
380,2694,2.0,1494803743
381,2694,4.0,1167542811
392,2694,4.0,1027524346
406,2694,3.5,1296959218
409,2694,1.0,968978115
413,2694,5.0,1484440071
414,2694,3.0,961436556
419,2694,3.5,1318337815
435,2694,4.0,1366675906
438,2694,3.5,1113763681
448,2694,4.0,1164622318
453,2694,3.0,1005967120
457,2694,3.0,993610856
477,2694,4.0,1200941555
479,2694,3.0,1039362630
484,2694,4.0,1342297062
542,2694,4.0,1163388817
555,2694,4.0,978747372
583,2694,3.5,1481474367
590,2694,1.5,1258422402
591,2694,4.0,970524787
599,2694,2.5,1498518544
19,2699,3.0,965703915
64,2699,3.5,1161521114
68,2699,0.5,1240092517
91,2699,2.5,1112713734
113,2699,1.0,980051234
132,2699,1.5,1157919951
147,2699,4.5,1203267692
160,2699,3.0,971463110
186,2699,3.0,1031080005
194,2699,3.5,1110316685
199,2699,4.0,943698807
201,2699,3.0,941211302
208,2699,2.0,940639375
217,2699,5.0,955941157
218,2699,4.0,1111624851
232,2699,3.0,1218169228
239,2699,2.0,1221158786
267,2699,4.0,959807161
274,2699,3.0,1232701032
288,2699,4.0,975692114
290,2699,3.0,975032185
294,2699,1.0,966596048
307,2699,3.0,1186085233
312,2699,3.0,1043176864
316,2699,1.5,1111493100
318,2699,2.5,1265573956
325,2699,4.0,1039395636
330,2699,3.5,1285905586
335,2699,2.5,1261541267
336,2699,3.5,1120568026
342,2699,3.0,1042821871
354,2699,3.5,1200941489
368,2699,3.0,971276062
377,2699,3.5,1340345307
384,2699,2.0,996440816
387,2699,3.0,1168673969
409,2699,4.0,968978080
414,2699,2.0,961436469
430,2699,3.0,962936305
434,2699,2.5,1271039365
448,2699,3.0,1019124655
469,2699,3.0,965334169
477,2699,2.5,1201159166
480,2699,1.5,1179178030
484,2699,3.5,1342365103
489,2699,1.5,1332773572
510,2699,1.0,1141158906
555,2699,3.0,978747317
561,2699,3.0,1491095209
590,2699,3.0,1266472600
600,2699,2.5,1237710499
607,2699,3.0,963080410
608,2699,1.5,1117161730
1,2700,5.0,964980985
19,2700,4.0,965705845
20,2700,4.5,1054038561
21,2700,2.5,1419025163
39,2700,5.0,974788709
42,2700,4.0,996218871
45,2700,5.0,1007995150
57,2700,4.0,965796140
64,2700,4.5,1161519697
66,2700,5.0,1099187046
68,2700,2.0,1158532055
82,2700,4.0,1084463942
91,2700,4.0,1112710957
101,2700,4.0,968441198
105,2700,4.0,1447563114
111,2700,3.0,1516154511
115,2700,4.0,957647531
135,2700,5.0,1009691915
140,2700,1.0,944488906
141,2700,3.0,1513130965
144,2700,3.5,1137324088
160,2700,1.5,1065985243
187,2700,4.5,1161863956
195,2700,3.0,1008558215
216,2700,4.0,975211680
219,2700,5.0,1194931977
220,2700,5.0,1230061654
226,2700,3.5,1095662982
234,2700,3.0,1004409394
249,2700,4.5,1348617415
263,2700,3.0,940383474
266,2700,5.0,944891623
274,2700,4.0,1171934928
275,2700,4.0,1049078883
294,2700,3.0,966595332
298,2700,4.0,1447584513
305,2700,4.5,1460224125
307,2700,4.0,1189456993
313,2700,3.0,1030557804
318,2700,4.0,1312876727
330,2700,4.0,1285905449
354,2700,2.5,1200870658
357,2700,4.5,1348612295
361,2700,4.0,1204045756
367,2700,1.0,997812283
376,2700,3.5,1364994623
380,2700,5.0,1508109351
387,2700,3.0,1094877335
414,2700,4.0,961437029
419,2700,5.0,1350345033
420,2700,3.5,1218207549
424,2700,5.0,1457844382
428,2700,3.0,1111489853
434,2700,4.5,1270606761
438,2700,4.0,1105666979
448,2700,4.0,1092830272
452,2700,5.0,1019585331
453,2700,5.0,972622556
477,2700,3.5,1200941151
479,2700,5.0,1039367616
480,2700,3.0,1179177854
483,2700,4.0,1178295128
495,2700,4.5,1458635847
500,2700,5.0,1005528236
509,2700,3.5,1436101785
522,2700,4.5,1388124649
534,2700,3.5,1459792416
535,2700,5.0,939029191
542,2700,5.0,1163386516
552,2700,4.0,1112151100
557,2700,0.5,1452875020
560,2700,3.5,1469654099
573,2700,4.5,1187044924
599,2700,4.0,1498499488
600,2700,3.5,1237713214
608,2700,3.0,1117415304
18,2706,3.5,1455231410
19,2706,3.0,965706636
21,2706,5.0,1376823724
28,2706,3.0,1242290771
42,2706,5.0,996220196
45,2706,4.0,950728042
57,2706,4.0,972174751
64,2706,2.5,1161520644
66,2706,4.0,1093143957
68,2706,4.0,1268849086
73,2706,3.5,1464267308
89,2706,4.0,1520408413
91,2706,2.0,1112711096
95,2706,4.0,1043340043
100,2706,3.5,1100184816
101,2706,4.0,968440828
103,2706,3.5,1431957231
129,2706,3.5,1167375468
132,2706,2.0,1157922783
135,2706,4.0,1009692024
141,2706,3.0,1513130764
143,2706,4.5,1444768580
144,2706,4.0,1137323921
160,2706,2.0,991925266
169,2706,5.0,1078284800
177,2706,2.5,1435533762
182,2706,2.0,1055154881
198,2706,4.0,1034136454
199,2706,1.0,1093802585
201,2706,4.0,939224189
219,2706,2.0,1194931960
222,2706,3.0,1391353651
226,2706,3.0,1095662872
232,2706,3.5,1218178120
233,2706,3.5,1448816489
239,2706,4.0,1221158687
249,2706,4.0,1346754947
255,2706,2.0,1005717608
266,2706,1.0,948132348
267,2706,5.0,959807161
274,2706,3.5,1171428463
280,2706,3.0,1348532278
286,2706,1.5,1119563415
298,2706,3.0,1447584519
301,2706,1.5,1211378404
305,2706,4.0,1518196166
307,2706,2.5,1186084895
311,2706,0.5,1057854230
322,2706,3.5,1217676494
327,2706,5.0,1234789393
330,2706,2.0,1285905252
334,2706,3.5,1234630122
339,2706,5.0,1460183806
342,2706,4.0,1042821871
352,2706,4.5,1493673548
354,2706,4.0,1200870341
356,2706,3.5,1229142931
357,2706,3.5,1348612165
361,2706,4.0,1204045344
363,2706,3.0,1502584424
369,2706,3.5,1237082046
381,2706,3.0,1165975876
384,2706,4.0,996440816
391,2706,3.0,1030825002
392,2706,5.0,1027524290
409,2706,4.0,968978055
413,2706,3.0,1484440050
414,2706,5.0,961436469
419,2706,4.5,1321659304
428,2706,3.0,1111489691
432,2706,3.0,1316391697
434,2706,2.0,1270604923
438,2706,3.5,1105668393
448,2706,3.5,1164622334
452,2706,5.0,1013395578
453,2706,5.0,1005966989
457,2706,4.0,993610838
480,2706,3.5,1179177760
483,2706,3.5,1415579359
484,2706,4.0,1342295916
489,2706,2.0,1333101535
495,2706,4.0,1458636055
500,2706,4.0,1005527980
522,2706,3.0,1253345781
534,2706,4.5,1459787999
535,2706,4.0,939028383
552,2706,3.5,1111473029
555,2706,5.0,978746552
560,2706,2.5,1469648758
564,2706,4.0,1478452404
570,2706,3.0,1181477870
573,2706,4.5,1186590180
583,2706,3.0,1481474247
590,2706,2.5,1258416588
591,2706,3.0,970524744
593,2706,2.5,1181008122
594,2706,3.5,1109037683
597,2706,5.0,941558175
599,2706,2.5,1498518434
600,2706,1.5,1237709923
603,2706,2.0,953925933
606,2706,1.0,1177539632
608,2706,2.5,1117490694
19,2710,2.0,965704999
45,2710,4.0,1007994972
61,2710,3.5,1145531655
64,2710,3.5,1161520773
66,2710,4.0,1113190072
68,2710,1.0,1158531647
91,2710,4.0,1112713492
100,2710,2.0,1100277691
103,2710,3.5,1431957310
122,2710,4.5,1461562263
144,2710,3.5,1137323951
153,2710,0.5,1525552760
160,2710,5.0,971463123
166,2710,2.5,1190828620
167,2710,1.0,1154718719
169,2710,4.0,1078284804
182,2710,4.5,1063284735
186,2710,3.0,1031081422
195,2710,1.0,974706758
204,2710,5.0,1327185697
221,2710,3.5,1111177400
222,2710,1.0,1391354281
230,2710,3.0,1196304627
234,2710,5.0,1001975853
263,2710,2.0,945849783
266,2710,1.0,944892053
274,2710,2.0,1171491464
286,2710,3.5,1119563463
287,2710,1.0,1110230372
288,2710,4.0,976138704
289,2710,2.5,1143424645
292,2710,0.5,1442098939
307,2710,2.5,1186086685
312,2710,3.0,1043176272
313,2710,5.0,1030475840
330,2710,4.0,1285905349
354,2710,3.0,1200870401
357,2710,4.0,1348612234
376,2710,1.5,1364994544
409,2710,2.0,968978115
412,2710,2.0,939113740
419,2710,4.0,1321658804
422,2710,1.0,989715982
424,2710,4.5,1457902048
425,2710,3.5,1085478001
427,2710,1.5,1053068862
434,2710,3.0,1270606521
445,2710,3.0,1454621734
452,2710,4.0,1013397945
474,2710,4.0,1100291865
480,2710,1.0,1179177828
484,2710,1.0,1342296100
489,2710,2.5,1333101654
510,2710,1.0,1141158757
542,2710,0.5,1163387159
554,2710,5.0,944899443
555,2710,1.0,980126050
570,2710,2.5,1181478013
597,2710,3.0,941728155
599,2710,2.0,1498510072
603,2710,5.0,953925963
606,2710,2.5,1172013777
607,2710,4.0,963079647
608,2710,1.5,1117490685
4,2712,2.0,945078542
41,2712,5.0,1459368540
42,2712,5.0,996216316
45,2712,3.0,1121724840
50,2712,3.5,1527371286
64,2712,3.0,1161521144
91,2712,4.0,1112712166
101,2712,5.0,968440983
103,2712,4.5,1440773606
105,2712,4.5,1448647872
124,2712,3.5,1336409579
140,2712,1.0,1075154594
156,2712,4.0,1106855301
182,2712,4.5,1054779669
202,2712,4.0,975013481
226,2712,2.0,1160003651
263,2712,1.0,940383798
266,2712,5.0,944940438
268,2712,3.0,940173199
274,2712,3.5,1186729368
286,2712,3.0,1119561974
292,2712,2.0,1015374833
307,2712,3.0,1186161789
330,2712,5.0,1285905568
331,2712,4.0,1537235376
339,2712,5.0,1460532875
344,2712,4.0,1420497247
346,2712,4.0,1125859330
352,2712,5.0,1493673604
356,2712,3.5,1229143556
383,2712,1.0,943570276
384,2712,1.0,994038848
387,2712,4.0,1094849183
391,2712,4.0,1030825131
412,2712,5.0,939113740
414,2712,4.0,961436710
417,2712,5.0,1529283542
432,2712,3.5,1316392595
435,2712,3.5,1366675815
438,2712,3.0,1105666982
449,2712,2.5,1053198958
453,2712,3.0,972623117
457,2712,3.0,993610906
474,2712,4.0,1052743131
480,2712,3.0,1179178170
497,2712,3.0,1429191461
560,2712,3.5,1469649838
591,2712,2.0,970524881
597,2712,3.0,941814564
600,2712,3.0,1237713206
603,2712,3.0,953926058
606,2712,4.0,1171762538
608,2712,3.0,1117408314
1,2716,5.0,964983414
19,2716,4.0,965704931
21,2716,3.5,1407617856
28,2716,1.5,1234515987
42,2716,3.0,996257992
45,2716,4.0,1121724620
57,2716,5.0,965798031
63,2716,5.0,1443201173
66,2716,3.5,1093747713
68,2716,2.0,1158531017
78,2716,4.5,1252575297
89,2716,1.5,1520408304
91,2716,4.5,1112711100
96,2716,5.0,964773743
100,2716,3.5,1100184818
101,2716,4.0,968441005
103,2716,3.5,1431957148
116,2716,3.5,1337199899
137,2716,3.0,1204859506
140,2716,4.0,1085569775
141,2716,3.5,1513131884
156,2716,3.0,946799729
160,2716,4.0,971113644
166,2716,3.5,1190828633
177,2716,4.0,1435533681
186,2716,3.0,1031081566
198,2716,2.0,1034196898
201,2716,5.0,939821323
202,2716,4.0,974923620
210,2716,4.5,1527266243
212,2716,3.0,1523216847
216,2716,3.0,975212727
217,2716,4.0,955943501
219,2716,4.0,1194686375
220,2716,5.0,1230059742
222,2716,4.0,1391351583
223,2716,3.5,1226209651
224,2716,4.0,971811973
225,2716,4.0,949261297
226,2716,4.0,1095662766
230,2716,2.0,1196304364
232,2716,3.0,1182909790
239,2716,4.0,1221158649
244,2716,5.0,975075399
246,2716,3.0,1354133722
249,2716,4.0,1346758100
255,2716,5.0,1005717492
266,2716,5.0,948132398
268,2716,4.0,940182508
274,2716,3.5,1171934718
275,2716,4.0,1049076951
279,2716,3.5,1506394879
282,2716,4.5,1378491764
288,2716,3.0,975692448
292,2716,4.0,1015374873
298,2716,3.0,1447584577
299,2716,4.0,974620462
301,2716,3.5,1211377798
305,2716,4.0,1511719000
307,2716,3.0,1186161394
312,2716,4.0,1043175985
313,2716,2.0,1030475605
325,2716,4.0,1039399578
330,2716,4.0,1285905183
339,2716,2.5,1460182487
354,2716,4.0,1200870168
356,2716,5.0,1229140308
357,2716,4.0,1348610402
365,2716,3.0,1488332755
367,2716,5.0,997811377
369,2716,3.0,1237082866
370,2716,3.5,1159164176
376,2716,4.5,1364933305
380,2716,5.0,1493473858
381,2716,4.0,1164876941
387,2716,3.0,1094877328
391,2716,4.0,1032389003
409,2716,3.0,968978236
414,2716,5.0,961436763
416,2716,2.0,1187496652
420,2716,3.5,1218207194
425,2716,2.5,1085477634
428,2716,2.0,1111489693
434,2716,5.0,1270604567
441,2716,5.0,1449070509
448,2716,5.0,1019127163
469,2716,4.0,965425390
474,2716,4.5,1053020930
475,2716,5.0,1498031629
477,2716,4.0,1200949027
480,2716,4.0,1179161944
483,2716,3.0,1178293341
489,2716,4.0,1333101458
491,2716,4.0,1522605478
514,2716,4.0,1533872299
517,2716,2.0,1487954398
520,2716,4.0,1326608473
525,2716,4.0,1476476420
527,2716,4.0,1033176358
534,2716,4.5,1459787997
548,2716,3.0,1488825566
552,2716,3.5,1111473031
560,2716,3.5,1469648057
561,2716,5.0,1491090969
570,2716,3.5,1181477555
571,2716,3.0,966900228
572,2716,3.0,945887008
580,2716,4.0,1167861590
587,2716,5.0,953138420
590,2716,4.0,1258419647
591,2716,3.0,970524920
594,2716,4.0,1109037014
597,2716,5.0,941641148
599,2716,4.5,1498539244
600,2716,4.5,1237714602
603,2716,3.0,953925548
606,2716,3.5,1171323876
607,2716,4.0,963079441
608,2716,3.0,1117490697
610,2716,5.0,1479542992
7,2717,3.5,1106713081
12,2717,5.0,1247263428
17,2717,3.5,1305696306
19,2717,1.0,965705195
21,2717,4.0,1500701951
68,2717,2.0,1158535072
91,2717,3.0,1112718067
111,2717,2.5,1517441464
160,2717,4.0,976795912
177,2717,3.0,1435534949
180,2717,4.0,1270237614
201,2717,3.0,940350613
217,2717,3.0,955945007
219,2717,4.0,1195349219
232,2717,2.5,1182910474
249,2717,3.5,1476524190
261,2717,3.0,1404880897
268,2717,2.0,940182508
274,2717,3.0,1171172497
282,2717,4.5,1378489661
288,2717,2.0,975692853
312,2717,3.0,1043176477
328,2717,3.0,1494211741
332,2717,2.5,1352670943
356,2717,4.0,1228072628
380,2717,3.0,1494803848
381,2717,2.5,1164877025
387,2717,3.0,1131334009
414,2717,3.0,961596497
428,2717,2.0,1111524426
448,2717,3.0,1019128616
474,2717,0.5,1053021961
483,2717,3.5,1181495732
489,2717,3.5,1333022534
517,2717,1.5,1487956773
534,2717,4.0,1459787997
555,2717,2.0,978823310
561,2717,3.5,1491095178
562,2717,3.0,1368892047
590,2717,2.5,1258422646
594,2717,4.0,1108951287
597,2717,3.0,941641264
599,2717,3.0,1498521926
600,2717,4.0,1237764592
603,2717,2.0,963176863
607,2717,3.0,963079577
608,2717,3.0,1117504934
19,2719,2.0,965705383
68,2719,3.0,1261624109
115,2719,3.0,958345549
177,2719,3.0,1435535701
274,2719,2.0,1171785548
288,2719,2.0,976138991
295,2719,0.5,1320064525
380,2719,3.0,1494804330
412,2719,2.0,939113952
474,2719,1.5,1053021943
599,2719,1.5,1498504444
603,2719,1.0,953926088
608,2719,3.0,1117505227
16,2723,3.5,1377476594
19,2723,5.0,965706484
22,2723,2.0,1268726093
57,2723,3.0,965798373
64,2723,3.5,1161559869
91,2723,3.5,1112716711
101,2723,2.0,968441102
115,2723,4.0,957647342
135,2723,4.0,1009692129
158,2723,2.5,1290764763
180,2723,3.0,1270237583
182,2723,4.5,1054782359
217,2723,1.0,955935371
219,2723,4.0,1195349172
261,2723,2.5,1404880876
274,2723,3.5,1171785287
294,2723,2.0,966634162
298,2723,2.0,1450447877
307,2723,1.5,1186162546
316,2723,3.0,1111493675
327,2723,2.0,1234787202
342,2723,2.0,1042822138
408,2723,3.5,1468057563
414,2723,3.0,961436932
428,2723,3.5,1111489342
438,2723,2.0,1105667305
448,2723,4.0,1019125424
453,2723,4.0,972622080
474,2723,4.5,1100119885
483,2723,5.0,1415579097
520,2723,4.5,1326610471
552,2723,2.5,1112151463
576,2723,4.0,1358151490
596,2723,3.5,1535711657
597,2723,2.0,940360785
599,2723,2.0,1498510240
600,2723,3.5,1237715266
603,2723,4.0,953926166
608,2723,1.0,1117504736
23,2726,4.0,1108703148
59,2726,5.0,953610986
274,2726,4.0,1226314584
387,2726,3.0,1153984044
414,2726,4.0,1033149116
469,2726,4.0,965335217
474,2726,4.5,1090241137
599,2726,4.0,1498498746
603,2726,4.0,953925349
68,2728,2.5,1269122085
83,2728,2.5,1333842742
144,2728,3.5,1136813082
177,2728,3.0,1435535665
182,2728,4.0,1055157085
288,2728,3.0,979163780
313,2728,3.0,1030558439
387,2728,3.5,1094876693
422,2728,5.0,986173307
474,2728,4.0,1137520886
480,2728,4.0,1179179199
483,2728,4.0,1215897434
590,2728,4.5,1258418791
45,2731,4.0,950723478
76,2731,2.0,1439167380
105,2731,4.0,1448195454
275,2731,4.0,1049079432
290,2731,5.0,974938211
387,2731,4.5,1123124570
391,2731,4.0,1030827939
410,2731,4.0,990729023
469,2731,4.0,965846146
567,2731,3.5,1525284802
587,2731,4.0,953136994
603,2731,5.0,953926507
160,2745,3.0,971116289
202,2745,4.0,975014367
288,2745,3.0,979163816
318,2745,3.5,1413054821
414,2745,4.0,991144487
474,2745,5.0,1046978794
580,2745,4.0,1167790743
599,2745,3.0,1498521919
603,2745,2.0,953928263
156,2750,3.0,946799537
216,2750,3.0,975212699
294,2750,2.0,966595793
387,2750,4.0,1155628291
469,2750,3.0,965425597
474,2750,3.5,1137443244
600,2750,3.5,1237763958
1,2761,5.0,964982703
20,2761,4.5,1054038106
23,2761,3.5,1107162827
29,2761,3.5,1307905804
57,2761,4.0,965796004
64,2761,5.0,1161565763
91,2761,5.0,1112711475
103,2761,3.0,1431968046
122,2761,4.5,1461562398
177,2761,2.0,1435534920
180,2761,4.0,1270237599
202,2761,5.0,975015913
216,2761,2.0,975211714
234,2761,5.0,1004409347
263,2761,4.0,1120071515
274,2761,3.5,1288172971
275,2761,5.0,1049079020
288,2761,4.0,1050509853
290,2761,4.0,974938393
292,2761,5.0,1015374932
304,2761,4.0,945235899
305,2761,4.5,1518859007
313,2761,3.0,1030476140
318,2761,3.5,1342627045
328,2761,5.0,1494210619
380,2761,4.0,1493420312
381,2761,4.5,1164383681
403,2761,3.0,1225243390
414,2761,4.0,961436800
474,2761,4.0,1055172901
477,2761,4.0,1200940826
509,2761,4.0,1436027182
560,2761,3.5,1469654149
572,2761,4.0,945887030
573,2761,5.0,1341798420
591,2761,4.0,970524956
595,2761,5.0,938807031
599,2761,3.0,1519118030
608,2761,4.5,1117502634
4,2762,4.0,964539986
7,2762,4.5,1106635648
10,2762,0.5,1455356388
15,2762,3.0,1510571764
16,2762,3.5,1377477612
17,2762,4.0,1305696835
18,2762,4.5,1455209891
19,2762,4.0,965710565
21,2762,0.5,1403460436
28,2762,3.0,1234570602
33,2762,4.0,939646424
34,2762,3.0,1162050482
39,2762,5.0,974788030
45,2762,5.0,959624096
47,2762,3.0,1496205184
51,2762,5.0,1230929240
57,2762,5.0,965796686
62,2762,4.5,1523111064
64,2762,4.5,1161520995
66,2762,5.0,1093747384
68,2762,2.5,1158531219
69,2762,5.0,1021647032
76,2762,4.0,1439168123
83,2762,4.0,1332840358
86,2762,4.0,1344082799
91,2762,4.0,1112712914
101,2762,4.0,968441198
105,2762,4.5,1448196106
110,2762,3.0,1175330177
115,2762,3.0,957647483
122,2762,5.0,1461561426
135,2762,3.0,1009691122
137,2762,4.5,1204859315
144,2762,4.0,1137323586
160,2762,5.0,971113327
166,2762,4.0,1189038270
167,2762,3.0,1154721918
169,2762,4.0,1078284640
172,2762,4.5,1291065637
182,2762,4.0,1126561639
189,2762,4.0,1439465088
195,2762,5.0,974705726
196,2762,3.0,1460954058
198,2762,1.0,1034134565
199,2762,4.0,941325372
201,2762,5.0,939224189
202,2762,5.0,974924703
208,2762,4.0,940638152
209,2762,4.0,1524607356
215,2762,4.5,1260908613
217,2762,4.0,955935113
219,2762,2.0,1194686702
220,2762,5.0,1230055786
221,2762,3.5,1118246895
222,2762,2.5,1391350294
223,2762,4.5,1226209610
230,2762,2.5,1196304352
232,2762,5.0,1218165016
233,2762,3.5,1529333875
241,2762,3.5,1447536115
247,2762,4.5,1467644278
249,2762,4.0,1346757730
254,2762,5.0,1180446343
258,2762,4.5,1534892563
264,2762,4.5,1136979089
267,2762,2.0,959806831
268,2762,4.0,940172369
274,2762,4.0,1171409964
280,2762,4.5,1348435839
282,2762,4.5,1378490493
286,2762,5.0,1119563021
287,2762,2.0,1110230979
288,2762,3.0,985626767
290,2762,4.0,974942694
292,2762,4.0,1015374538
300,2762,3.5,1425351463
304,2762,2.0,935882092
305,2762,4.0,1460135654
306,2762,3.0,1518380629
307,2762,2.5,1186161005
308,2762,0.5,1421373773
309,2762,3.5,1126452186
312,2762,4.0,1043177537
313,2762,4.0,1030476180
317,2762,2.0,1430517173
322,2762,4.0,1217676269
325,2762,4.0,1039397184
328,2762,2.0,1494212128
330,2762,4.0,1285904541
332,2762,4.5,1352671767
334,2762,4.0,1225480844
336,2762,4.5,1122227252
339,2762,4.5,1460183259
344,2762,3.0,1420496073
346,2762,3.5,1125859222
351,2762,4.0,1325979560
352,2762,4.0,1493673479
354,2762,3.5,1200870343
356,2762,4.0,1229143158
357,2762,5.0,1348610119
367,2762,5.0,997811157
368,2762,4.0,971275394
370,2762,4.5,1159162905
375,2762,5.0,1225314338
376,2762,4.0,1364994092
380,2762,5.0,1493473932
381,2762,5.0,1200824255
383,2762,5.0,943571045
387,2762,2.5,1212603789
391,2762,2.0,1030944152
399,2762,4.5,1167220354
409,2762,2.0,968978439
412,2762,3.0,939113589
414,2762,3.0,961437029
415,2762,4.0,1382470317
416,2762,2.5,1187496431
417,2762,4.5,1529284314
419,2762,4.0,1321659084
420,2762,4.0,1218041543
424,2762,2.0,1457843812
425,2762,3.5,1085477566
428,2762,3.5,1111489702
430,2762,5.0,962936613
432,2762,4.0,1316391535
434,2762,5.0,1270604701
438,2762,4.0,1105666343
443,2762,3.5,1420236300
445,2762,4.0,1454622063
448,2762,4.0,1019142152
452,2762,5.0,1013398330
453,2762,4.0,972622637
457,2762,5.0,993611032
460,2762,4.5,1359177051
461,2762,4.0,1505935252
462,2762,2.5,1121921346
464,2762,5.0,1325594486
465,2762,5.0,959895941
469,2762,5.0,965845908
474,2762,5.0,979179872
477,2762,4.0,1200939741
480,2762,4.0,1179160250
483,2762,3.5,1178292994
484,2762,4.5,1342228861
488,2762,5.0,1112382068
489,2762,3.0,1333101341
495,2762,4.5,1458635237
497,2762,5.0,1429127159
503,2762,3.0,1335219348
509,2762,4.0,1435992313
510,2762,2.5,1141160613
514,2762,4.0,1533872490
534,2762,4.0,1459787998
535,2762,5.0,939028383
543,2762,5.0,1377069290
551,2762,4.0,1504320898
552,2762,4.0,1112151188
555,2762,4.0,978840128
560,2762,4.0,1469648014
561,2762,4.0,1491091986
562,2762,4.0,1368894025
570,2762,4.0,1181477285
573,2762,4.0,1248842677
579,2762,3.0,958881622
580,2762,4.5,1167791226
581,2762,4.5,1447007127
586,2762,3.0,1529899276
590,2762,3.5,1258420545
591,2762,4.0,970524648
594,2762,4.0,1109036899
596,2762,4.0,1535709608
597,2762,5.0,940360674
599,2762,3.5,1498501147
600,2762,3.5,1237857060
601,2762,4.5,1521398194
603,2762,5.0,953926273
606,2762,4.0,1171360350
607,2762,5.0,963080679
608,2762,4.5,1189471095
610,2762,4.5,1479545862
307,2787,2.0,1186087713
414,2787,3.0,962371905
474,2787,2.0,1046984669
514,2787,2.5,1533874791
571,2787,3.0,966900772
606,2787,2.0,1172013618
4,2791,5.0,964539628
19,2791,2.0,965705802
42,2791,5.0,996258232
45,2791,4.0,950723611
48,2791,2.5,1127128628
51,2791,4.0,1230932160
57,2791,5.0,965798049
63,2791,4.0,1443200129
68,2791,4.0,1158531917
76,2791,4.0,1439167504
78,2791,5.0,1252575044
79,2791,3.0,975281314
89,2791,2.5,1520408346
91,2791,4.5,1112713536
103,2791,3.5,1431957320
113,2791,1.0,980051368
129,2791,4.0,1167376396
135,2791,5.0,1009694539
156,2791,3.5,1106855249
160,2791,4.0,971113611
167,2791,4.0,1154723124
169,2791,4.5,1059428199
177,2791,3.0,1435534194
198,2791,3.0,1034196149
199,2791,5.0,1023654612
212,2791,4.0,1523216913
216,2791,5.0,975212259
219,2791,4.5,1194931972
220,2791,4.5,1230061743
224,2791,5.0,971811933
225,2791,4.0,949111340
232,2791,3.0,1182910086
244,2791,5.0,975075399
246,2791,3.5,1354133664
257,2791,3.5,1141625527
266,2791,1.0,944891402
271,2791,3.0,1234302490
274,2791,4.0,1171491716
275,2791,5.0,1049076933
279,2791,3.5,1506394500
282,2791,3.0,1378497019
287,2791,1.0,1110229799
288,2791,4.0,975692577
290,2791,4.0,974942713
298,2791,3.0,1447584521
303,2791,5.0,1053302810
305,2791,5.0,1460136226
307,2791,2.0,1186084589
313,2791,3.0,1030557675
328,2791,5.0,1494212079
330,2791,4.0,1285905427
339,2791,3.5,1460182239
345,2791,4.0,1342828329
368,2791,4.0,975805234
377,2791,5.0,1340343300
380,2791,4.0,1508347027
387,2791,3.5,1094876721
391,2791,3.0,1032389524
408,2791,5.0,1467705846
414,2791,4.0,961595418
434,2791,3.5,1270606770
448,2791,5.0,1019125935
452,2791,5.0,1019585497
457,2791,5.0,993610630
462,2791,4.0,1123891767
469,2791,3.0,965336980
474,2791,4.0,975172982
477,2791,4.0,1200941468
483,2791,4.0,1215895086
510,2791,4.0,1141158787
514,2791,4.0,1533872446
517,2791,3.5,1487957338
520,2791,4.0,1326609540
543,2791,5.0,1377068471
546,2791,4.0,973588321
555,2791,2.0,978744364
561,2791,4.0,1491091978
570,2791,3.0,1181478165
573,2791,5.0,1186590189
590,2791,3.0,1258419795
596,2791,3.5,1535827105
597,2791,5.0,941641622
599,2791,3.5,1498501027
600,2791,3.5,1237709428
605,2791,5.0,1277096145
607,2791,4.0,963079167
610,2791,3.5,1493850258
1,2797,4.0,964981710
19,2797,3.0,965704248
45,2797,4.0,1020802309
47,2797,2.0,1496209861
48,2797,4.0,1127128586
51,2797,5.0,1230929516
57,2797,3.0,969753274
64,2797,4.0,1161520603
66,2797,4.0,1093748037
68,2797,3.0,1180915903
91,2797,3.0,1112711087
93,2797,4.0,942946986
103,2797,4.0,1431957304
116,2797,3.0,1337200152
132,2797,2.0,1159428826
140,2797,4.0,1032258861
156,2797,3.0,946800345
167,2797,3.0,1154723286
177,2797,5.0,1435534181
186,2797,4.0,1031087604
195,2797,4.0,974710110
198,2797,4.0,1034196916
200,2797,4.0,1229878170
201,2797,4.0,940350569
202,2797,4.0,974923746
213,2797,4.0,1316197284
224,2797,5.0,971811933
225,2797,5.0,949111389
226,2797,4.0,1095662913
232,2797,3.5,1218166279
239,2797,4.0,1221158362
244,2797,4.0,975075211
249,2797,4.0,1354896440
266,2797,4.0,945670679
274,2797,3.0,1171934869
275,2797,5.0,1049076933
279,2797,2.0,1506395410
282,2797,4.5,1378497729
287,2797,3.0,1110229941
288,2797,4.0,975692503
289,2797,3.0,1143424639
292,2797,3.5,1219625110
294,2797,4.0,966595094
303,2797,3.0,1053302815
307,2797,3.0,1186086414
310,2797,3.5,1078647856
311,2797,0.5,1057854281
313,2797,1.0,1030476026
318,2797,3.5,1272569294
330,2797,4.0,1285905366
356,2797,4.0,1229143324
357,2797,4.0,1348610345
367,2797,5.0,997811848
376,2797,4.0,1364994553
380,2797,3.0,1494803485
381,2797,4.0,1165975904
387,2797,2.5,1117415158
391,2797,5.0,1030824826
410,2797,3.0,990910009
414,2797,4.0,961595544
424,2797,3.5,1457844372
426,2797,4.0,1451082059
438,2797,3.5,1105649518
448,2797,4.0,1019127363
462,2797,1.5,1154038024
469,2797,3.0,965425446
474,2797,4.0,1100291863
477,2797,4.5,1200940031
480,2797,5.0,1179160837
482,2797,4.0,1105396046
483,2797,4.0,1178293726
489,2797,4.0,1333023113
504,2797,3.5,1063644403
510,2797,3.5,1141158755
514,2797,4.0,1533872488
527,2797,5.0,1033173667
555,2797,5.0,978749399
561,2797,4.0,1491091059
562,2797,4.5,1368895346
570,2797,3.5,1181478023
587,2797,5.0,953138300
590,2797,4.5,1258416809
593,2797,4.0,1181008240
597,2797,5.0,941631197
599,2797,3.5,1498539915
600,2797,4.0,1237858460
603,2797,3.0,953928000
605,2797,4.5,1277175775
606,2797,3.0,1175636500
607,2797,4.0,964744602
608,2797,2.5,1117504422
474,2801,4.5,1100119890
68,2803,3.0,1269122065
140,2803,3.0,967049087
178,2803,4.0,1163673714
323,2803,3.0,1422640706
368,2803,3.0,971276726
387,2803,2.0,1095041551
414,2803,2.0,961682185
448,2803,3.0,1019142353
474,2803,2.5,1060105625
482,2803,3.5,1105396575
489,2803,3.0,1333233088
599,2803,2.0,1519142156
606,2803,4.0,1171365413
19,2804,3.0,965705572
20,2804,5.0,1054036159
42,2804,4.0,996215785
45,2804,3.0,950724727
57,2804,4.0,965796211
64,2804,5.0,1161528937
68,2804,2.0,1158532823
91,2804,3.5,1112713020
95,2804,5.0,1069614356
100,2804,3.5,1100184831
103,2804,5.0,1431957623
115,2804,5.0,944950887
122,2804,5.0,1461562662
135,2804,5.0,1009693910
141,2804,3.0,1513132022
169,2804,5.0,1059427150
177,2804,5.0,1435534519
199,2804,4.0,1105552028
217,2804,3.0,955943285
221,2804,3.5,1119984123
224,2804,5.0,971811884
226,2804,4.5,1172040489
232,2804,3.5,1141776548
255,2804,2.0,1005717513
266,2804,4.0,945669791
285,2804,4.0,1451152421
287,2804,3.0,1110231187
288,2804,5.0,1052234766
305,2804,5.0,1524898025
307,2804,3.5,1186087932
356,2804,4.0,1229139853
357,2804,5.0,1348610367
365,2804,3.5,1488594793
367,2804,5.0,997811790
380,2804,4.0,1494803602
381,2804,2.5,1167543048
387,2804,4.0,1095040713
414,2804,4.0,961516693
422,2804,4.0,986173117
424,2804,3.5,1457844018
469,2804,5.0,965336845
474,2804,4.0,978575760
477,2804,4.0,1201196745
480,2804,5.0,1179161176
510,2804,3.0,1141160532
514,2804,4.0,1534051840
554,2804,4.0,944901599
555,2804,5.0,978819680
561,2804,4.5,1491094988
562,2804,1.0,1368894108
577,2804,4.0,945966653
590,2804,4.0,1258418048
597,2804,5.0,941640113
599,2804,2.5,1498517531
600,2804,3.0,1237713192
42,2827,3.0,996262104
160,2827,1.0,991925166
182,2827,1.5,1127221088
290,2827,2.0,975032200
342,2827,3.0,1042821871
392,2827,3.0,1027524290
474,2827,2.0,1087832804
520,2827,3.0,1326687691
555,2827,1.0,978748879
580,2827,3.5,1167792802
608,2827,2.0,1117507093
156,2863,3.0,946799313
177,2863,3.0,1435535938
182,2863,4.0,1054784226
185,2863,3.0,1044311949
216,2863,5.0,975212110
217,2863,2.0,955943345
266,2863,4.0,945670912
268,2863,4.0,940181204
274,2863,3.5,1223000434
288,2863,3.0,1050509774
315,2863,2.0,939920661
357,2863,4.0,1348610889
369,2863,2.5,1236830503
474,2863,4.0,1089386751
480,2863,3.0,1179162113
554,2863,4.0,944900147
568,2863,5.0,1243575892
590,2863,4.0,1258420125
600,2863,3.0,1237759647
42,2871,5.0,996213931
51,2871,4.5,1230932150
64,2871,4.0,1161563770
91,2871,4.0,1112716699
131,2871,4.0,1349838608
195,2871,4.0,979858467
202,2871,4.0,974923156
217,2871,3.0,955942113
221,2871,4.5,1119984411
274,2871,3.5,1197015420
288,2871,4.0,978467563
294,2871,3.0,966633825
307,2871,3.0,1186162529
313,2871,4.0,1030476219
330,2871,4.0,1285903219
368,2871,3.0,971275596
380,2871,4.0,1494803861
387,2871,4.0,1125893665
403,2871,3.0,1225243342
414,2871,3.0,961594916
452,2871,5.0,1019581199
462,2871,4.0,1370129504
465,2871,4.0,959896090
469,2871,5.0,965846425
474,2871,4.0,1095682854
527,2871,4.0,1033175729
552,2871,3.0,1112151406
562,2871,4.0,1368890767
590,2871,3.5,1258415207
597,2871,5.0,941640860
1,2872,5.0,964981680
29,2872,4.5,1307905862
51,2872,4.0,1230930257
93,2872,5.0,942946986
158,2872,2.5,1290764835
182,2872,3.5,1054783747
183,2872,3.0,992331540
186,2872,3.0,1031087604
202,2872,5.0,974918588
239,2872,3.5,1221147397
288,2872,3.0,976138178
313,2872,4.0,1030475342
332,2872,3.5,1352671008
390,2872,2.0,1250274352
414,2872,5.0,961513948
462,2872,2.5,1123893597
469,2872,5.0,965333863
474,2872,4.0,1047054300
480,2872,3.0,1179161677
493,2872,3.0,1001562784
508,2872,1.5,1268297529
527,2872,5.0,1033174282
597,2872,4.0,941729322
599,2872,3.5,1498501391
603,2872,3.0,953927787
64,2905,3.5,1161531147
219,2905,4.5,1198783021
332,2905,4.5,1352674277
387,2905,4.5,1122521710
19,2915,2.0,965706337
42,2915,4.0,996258468
45,2915,4.0,1020802394
68,2915,3.5,1158534679
116,2915,3.0,1337196211
127,2915,2.0,1263527194
177,2915,3.0,1435534988
200,2915,4.0,1229888219
215,2915,3.5,1260905486
216,2915,5.0,975212514
221,2915,3.5,1111177953
224,2915,5.0,971812118
225,2915,4.0,949111248
226,2915,4.0,1162428755
230,2915,1.0,1196304143
255,2915,2.0,1005717706
268,2915,3.0,940183286
275,2915,4.0,1049077016
288,2915,3.0,975692448
290,2915,4.0,974942824
292,2915,4.0,1265679954
294,2915,5.0,966595614
307,2915,2.5,1186162526
325,2915,3.0,1039398252
355,2915,3.0,974965256
367,2915,4.0,997812140
410,2915,5.0,990909848
412,2915,4.0,939114116
414,2915,4.0,961595489
448,2915,4.0,1019127343
469,2915,3.0,965425513
474,2915,2.0,978575909
477,2915,3.5,1200941618
483,2915,2.5,1178209415
514,2915,4.0,1535943745
555,2915,3.0,978821009
590,2915,3.0,1260910900
597,2915,5.0,941641183
599,2915,3.0,1519124802
600,2915,3.0,1237715241
603,2915,3.0,953927732
606,2915,3.5,1171229571
18,2918,3.5,1455748728
19,2918,5.0,965705867
42,2918,4.0,996258118
45,2918,5.0,951170884
57,2918,5.0,965798031
63,2918,3.5,1443201007
64,2918,3.5,1161520698
66,2918,4.0,1093747390
68,2918,4.0,1158531989
70,2918,3.5,1355198410
76,2918,3.0,1439167803
89,2918,1.5,1520408305
91,2918,3.5,1112712932
103,2918,5.0,1431957241
111,2918,3.5,1517441254
118,2918,4.0,944923989
122,2918,4.5,1461561653
125,2918,4.0,1474311698
156,2918,3.0,946800329
160,2918,2.0,971113579
166,2918,3.5,1190828624
177,2918,4.0,1435533788
182,2918,4.5,1054784015
188,2918,5.0,962559903
195,2918,5.0,1012210262
199,2918,4.5,1105552056
200,2918,5.0,1229886718
201,2918,5.0,939224319
202,2918,4.0,974923620
212,2918,2.5,1490121478
215,2918,4.5,1260909185
216,2918,2.0,975212395
217,2918,3.0,955943400
219,2918,3.0,1194686114
221,2918,4.0,1111177411
224,2918,5.0,971811884
226,2918,4.5,1164823737
232,2918,3.5,1101397664
239,2918,4.0,1221158349
249,2918,3.5,1417427324
263,2918,3.0,941590364
266,2918,2.0,944980740
268,2918,3.0,940183103
274,2918,4.5,1171428476
275,2918,5.0,1049076911
279,2918,2.5,1506394489
282,2918,4.5,1378497309
287,2918,3.0,1110230381
288,2918,3.5,1054568946
292,2918,3.0,1219625146
294,2918,4.0,966595028
298,2918,3.0,1447584510
305,2918,5.0,1524487985
307,2918,3.0,1186161545
313,2918,3.0,1030557449
322,2918,3.0,1217676557
328,2918,2.0,1494210534
330,2918,4.0,1285905299
356,2918,5.0,1229139958
357,2918,4.0,1348610353
365,2918,3.5,1488332732
367,2918,5.0,997811632
369,2918,3.5,1237082037
370,2918,3.5,1159162641
380,2918,4.0,1493474087
381,2918,4.5,1165975910
387,2918,3.5,1094876830
391,2918,4.0,1032389092
412,2918,4.0,939114074
414,2918,5.0,961595489
418,2918,4.5,1461867866
424,2918,3.5,1457843981
425,2918,3.0,1085478005
434,2918,3.5,1270606579
438,2918,4.0,1105668721
448,2918,4.0,1019127308
452,2918,5.0,1019585381
469,2918,4.0,965425831
474,2918,4.0,1100291516
477,2918,4.0,1200940008
480,2918,4.0,1179161744
488,2918,4.0,1112382802
495,2918,4.5,1458635301
503,2918,3.5,1335219515
510,2918,3.5,1141158961
514,2918,4.0,1533953630
520,2918,4.0,1326609349
522,2918,4.5,1255455440
525,2918,4.5,1476476366
527,2918,4.0,1033174269
533,2918,3.5,1424753690
538,2918,4.5,1307846847
542,2918,4.5,1163387310
555,2918,4.0,978820487
561,2918,4.0,1491094644
562,2918,5.0,1368893976
563,2918,3.5,1439932518
573,2918,5.0,1248842595
580,2918,1.0,1167673421
587,2918,4.0,953137911
590,2918,4.0,1258420863
596,2918,3.0,1535827268
597,2918,5.0,941631197
599,2918,3.5,1498501316
600,2918,4.0,1237712451
603,2918,4.0,953927655
607,2918,3.0,964744413
608,2918,4.0,1117408685
610,2918,3.5,1493850245
244,2919,5.0,975075169
288,2919,3.0,979163941
290,2919,4.0,974942150
332,2919,4.5,1352673886
474,2919,4.0,1137367870
547,2919,3.0,942723498
572,2919,4.0,945889698
603,2919,3.0,953927655
474,2927,4.0,1116853579
517,2927,3.0,1492339189
57,2935,4.0,965795785
89,2935,1.0,1520408337
275,2935,5.0,1049078088
290,2935,4.0,974937974
412,2935,5.0,939114177
474,2935,4.0,1100291886
510,2935,4.0,1141159548
603,2935,5.0,954482181
275,2937,5.0,1049078055
290,2937,4.0,974938193
474,2937,4.5,1112018926
599,2937,2.5,1498514249
600,2937,4.5,1237858062
137,2940,4.0,1204863839
290,2940,4.0,974938864
414,2940,4.0,1039531168
474,2940,4.0,1129579471
590,2940,4.0,1266390190
603,2940,4.0,953925390
20,2941,4.0,1054147411
57,2941,3.0,965799554
156,2941,4.0,946799180
188,2941,5.0,962560271
368,2941,3.0,971274866
465,2941,4.0,959896608
474,2941,4.0,1120573197
517,2941,3.0,1487957556
603,2941,4.0,954482646
33,2943,5.0,939646680
199,2943,4.0,940543988
474,2943,3.5,1138804246
18,2951,4.5,1455735323
23,2951,3.0,1107162689
27,2951,4.0,965149552
28,2951,3.0,1234515633
29,2951,4.5,1307907122
51,2951,4.0,1230930246
57,2951,4.0,965798574
66,2951,4.5,1104644503
69,2951,5.0,1021643494
103,2951,4.5,1431968489
140,2951,4.0,942842814
166,2951,4.5,1190682655
183,2951,3.0,992331540
187,2951,4.5,1161849745
202,2951,4.0,974918588
217,2951,2.0,956194790
221,2951,4.5,1111177947
249,2951,4.5,1349048846
274,2951,3.0,1171409266
288,2951,3.5,1079984727
305,2951,5.0,1460135748
315,2951,2.0,939922322
355,2951,4.0,974965307
380,2951,5.0,1493473799
387,2951,3.5,1094876463
414,2951,4.0,961513402
448,2951,5.0,1019124231
465,2951,4.0,959895496
469,2951,4.0,965333899
474,2951,3.0,1087832093
483,2951,4.5,1415574429
567,2951,1.5,1525289031
580,2951,5.0,1167783687
590,2951,4.0,1297830387
597,2951,4.0,941729405
599,2951,4.0,1498499083
603,2951,4.0,963177205
606,2951,4.0,1171311449
610,2951,4.5,1479544792
28,2952,2.5,1242106555
95,2952,4.0,1043339957
182,2952,4.0,1063284406
195,2952,3.0,974705766
202,2952,3.0,974924763
268,2952,4.0,940181204
297,2952,4.0,900872213
312,2952,4.0,1043177475
318,2952,3.0,1525674456
325,2952,4.0,1039397709
474,2952,4.0,1007321170
599,2952,3.0,1498525581
18,2953,3.0,1456875367
19,2953,3.0,965708360
21,2953,3.0,1500701906
34,2953,2.0,1162048979
62,2953,3.5,1525636880
68,2953,0.5,1158535533
103,2953,5.0,1431968351
132,2953,2.0,1157979248
160,2953,1.0,971619754
226,2953,3.0,1095695088
234,2953,1.0,1004409813
256,2953,4.0,1447000220
263,2953,3.0,940384254
274,2953,3.0,1171785718
308,2953,3.0,1421374608
380,2953,3.0,1494803963
381,2953,2.0,1164381760
428,2953,1.0,1111523475
448,2953,1.0,1117446468
474,2953,1.0,1046886941
483,2953,2.0,1215896524
489,2953,0.5,1333231722
491,2953,5.0,1526673139
517,2953,5.0,1487954426
534,2953,3.5,1459787996
552,2953,0.5,1111473169
573,2953,4.5,1186590059
590,2953,2.5,1258417186
599,2953,2.5,1498517617
600,2953,3.0,1237715841
608,2953,1.0,1117505162
1,2959,5.0,964983282
4,2959,2.0,945078528
10,2959,0.5,1455356582
15,2959,2.5,1510571747
16,2959,3.5,1377476874
17,2959,4.5,1305696867
18,2959,4.5,1455049351
19,2959,5.0,965703109
21,2959,2.0,1441392954
22,2959,3.5,1268726211
28,2959,3.5,1234338005
34,2959,4.0,1162049153
41,2959,4.0,1458933677
42,2959,3.0,996217838
45,2959,5.0,1007483918
47,2959,2.0,1496205268
50,2959,3.0,1527542290
52,2959,4.5,1468051516
62,2959,5.0,1521488573
63,2959,5.0,1443200442
64,2959,4.5,1161520542
65,2959,4.5,1494767045
66,2959,5.0,1093143975
67,2959,4.5,1501273544
68,2959,2.5,1158531333
76,2959,4.5,1439165676
80,2959,5.0,1377308074
86,2959,3.5,1344082958
91,2959,4.5,1112711473
101,2959,5.0,968440983
103,2959,5.0,1431954432
105,2959,5.0,1446571567
110,2959,4.5,1175329962
111,2959,5.0,1516140759
122,2959,5.0,1461561144
123,2959,4.5,1447269071
125,2959,5.0,1474141464
129,2959,4.0,1167376127
132,2959,4.0,1329984076
135,2959,5.0,1009693602
137,2959,3.0,1204859536
141,2959,5.0,1513130645
144,2959,4.0,1136812146
152,2959,5.0,1450572450
153,2959,0.5,1525548681
155,2959,4.0,961860789
157,2959,5.0,992479905
159,2959,3.0,1508640222
160,2959,4.5,1065992795
166,2959,4.5,1188774339
177,2959,4.0,1435523771
178,2959,4.5,1164355561
180,2959,4.5,1270237884
182,2959,5.0,1054780289
187,2959,3.0,1161849329
189,2959,4.0,1439465118
190,2959,4.0,1504309945
193,2959,3.0,1435857218
198,2959,5.0,1034134565
200,2959,5.0,1229885970
202,2959,5.0,975013040
204,2959,5.0,1327182941
209,2959,4.5,1524607417
211,2959,5.0,1350913294
212,2959,4.5,1490114785
215,2959,4.5,1260908635
219,2959,4.5,1194681032
220,2959,1.5,1230054933
221,2959,5.0,1111175978
222,2959,3.5,1391346893
226,2959,4.0,1095662868
227,2959,5.0,1447189502
230,2959,3.0,1196304424
232,2959,4.5,1218166106
233,2959,4.0,1448815881
239,2959,5.0,1221148027
241,2959,3.0,1447536153
246,2959,4.0,1355660748
247,2959,5.0,1467643863
249,2959,5.0,1346757736
251,2959,5.0,1470676675
254,2959,5.0,1180446644
258,2959,5.0,1534892845
260,2959,4.0,1109411015
266,2959,5.0,944939962
274,2959,5.0,1171172709
275,2959,5.0,1049078913
279,2959,3.5,1506394163
282,2959,4.5,1378495804
286,2959,5.0,1119563319
287,2959,4.0,1110230576
288,2959,3.5,1054569349
290,2959,3.0,975032265
292,2959,2.0,1265680431
295,2959,4.5,1320064792
296,2959,5.0,1532993828
298,2959,5.0,1447516832
300,2959,4.5,1425351831
305,2959,4.5,1460135144
307,2959,4.0,1186161397
308,2959,0.5,1421374757
313,2959,5.0,1030557189
317,2959,5.0,1430361437
319,2959,4.0,1461351986
322,2959,4.0,1217676354
326,2959,4.0,1322252427
328,2959,5.0,1494206967
330,2959,4.0,1285904207
331,2959,4.0,1537157521
332,2959,4.5,1352671701
334,2959,3.5,1225478139
336,2959,4.5,1122227531
338,2959,4.5,1530148426
339,2959,4.0,1460519022
342,2959,4.0,1042822039
343,2959,5.0,1202060766
346,2959,3.5,1125857709
348,2959,5.0,1378850241
351,2959,4.0,1328296914
352,2959,5.0,1493673467
354,2959,4.5,1200870129
356,2959,5.0,1229142810
357,2959,4.5,1348610002
362,2959,4.5,1530640094
366,2959,4.5,1445546512
369,2959,4.5,1237083069
370,2959,4.5,1159162964
378,2959,3.5,1445345887
380,2959,4.0,1494803410
381,2959,5.0,1164876419
382,2959,5.0,1515160618
384,2959,4.0,996440903
387,2959,4.5,1094875287
390,2959,5.0,1250335677
391,2959,4.0,1030825131
393,2959,5.0,1430505981
399,2959,3.0,1167220282
400,2959,5.0,1498870338
405,2959,4.0,1295911053
407,2959,5.0,1424349614
413,2959,5.0,1484439761
414,2959,5.0,961437188
415,2959,5.0,1382469997
416,2959,4.0,1187496802
417,2959,5.0,1529283501
418,2959,5.0,1461865568
419,2959,5.0,1321659097
420,2959,4.0,1218207178
422,2959,4.0,1010279539
424,2959,4.5,1457843533
425,2959,4.5,1085492394
428,2959,4.0,1111487765
432,2959,3.5,1315244532
433,2959,4.0,1506823825
434,2959,5.0,1270603481
435,2959,5.0,1366676084
438,2959,3.5,1105670975
441,2959,4.5,1449070661
443,2959,4.0,1420236345
445,2959,5.0,1454621677
448,2959,4.0,1019137594
449,2959,4.5,1053200109
453,2959,5.0,972622556
457,2959,5.0,993610718
460,2959,4.5,1359176773
462,2959,3.5,1154037881
464,2959,5.0,1275549612
466,2959,4.0,1439885103
471,2959,4.0,1496668924
473,2959,4.0,1169351751
474,2959,4.0,1100291874
480,2959,4.5,1179160120
483,2959,4.5,1215871698
484,2959,5.0,1342228554
487,2959,4.0,1428574157
489,2959,4.5,1332772151
490,2959,3.5,1328145295
495,2959,5.0,1458634866
497,2959,4.0,1429127728
503,2959,3.5,1335219059
505,2959,5.0,1298780215
511,2959,5.0,1450093988
514,2959,2.5,1533872414
515,2959,5.0,1513601998
522,2959,4.0,1253344769
523,2959,4.5,1503126556
525,2959,3.5,1476476380
526,2959,4.0,1502131918
532,2959,5.0,1025570428
533,2959,5.0,1424753523
540,2959,4.5,1179108929
542,2959,5.0,1163387003
543,2959,5.0,1377068749
549,2959,5.0,1464282740
551,2959,4.5,1504320876
552,2959,4.5,1111472921
553,2959,5.0,1219557498
555,2959,4.0,978840446
560,2959,4.5,1469647249
561,2959,4.0,1491092018
562,2959,4.5,1368892280
570,2959,4.0,1181477595
573,2959,5.0,1186589334
580,2959,5.0,1167783675
581,2959,4.5,1447007154
582,2959,4.0,1463474222
585,2959,5.0,1307417775
590,2959,3.5,1258416553
591,2959,2.0,970524881
593,2959,4.0,1181007676
596,2959,4.0,1535709472
599,2959,5.0,1498456882
600,2959,4.5,1237743321
601,2959,5.0,1441639461
603,2959,4.0,963176105
606,2959,5.0,1171231517
608,2959,5.0,1117336631
610,2959,5.0,1479541966
66,2966,4.0,1099188014
74,2966,3.5,1207502033
105,2966,4.0,1448210475
182,2966,4.0,1054780502
202,2966,4.0,974925971
287,2966,4.5,1110230111
288,2966,3.5,1054568370
352,2966,4.0,1493674012
391,2966,3.0,1032388169
421,2966,5.0,1311494939
469,2966,4.0,965333510
474,2966,4.0,1104518812
599,2966,3.5,1498797730
603,2966,4.0,963179423
188,2967,4.0,962559461
474,2967,4.0,1090937488
555,2967,4.0,978749025
603,2967,4.0,953926581
19,2968,5.0,965703674
22,2968,3.0,1268726071
28,2968,4.0,1234334945
42,2968,4.0,996258272
57,2968,4.0,965798155
59,2968,5.0,953610660
93,2968,4.0,942947102
95,2968,4.5,1105400903
135,2968,4.0,1009693331
137,2968,3.5,1204859040
182,2968,4.0,1054779818
186,2968,3.0,1031079689
207,2968,0.5,1258547883
265,2968,3.0,965314929
266,2968,5.0,945670679
271,2968,2.5,1234301738
294,2968,4.0,966633825
307,2968,3.5,1196131052
312,2968,4.0,1043176640
313,2968,4.0,1030475200
324,2968,3.0,974906492
325,2968,4.0,1039398264
334,2968,3.0,1225477260
356,2968,5.0,1229140448
357,2968,3.0,1348627008
380,2968,4.0,1494803866
381,2968,2.0,1167542800
387,2968,3.5,1153982942
398,2968,4.0,1311207314
414,2968,4.0,961514761
448,2968,5.0,1019125273
469,2968,5.0,965335435
474,2968,4.0,1130961887
480,2968,2.5,1179179067
483,2968,3.5,1232792031
527,2968,4.0,1033175878
552,2968,4.0,1111473155
599,2968,3.0,1498525918
600,2968,5.0,1237707934
603,2968,2.0,953927884
610,2968,5.0,1493879465
1,2987,5.0,964982495
19,2987,5.0,965709047
20,2987,5.0,1054038485
39,2987,4.0,974788841
42,2987,4.0,996262677
45,2987,4.0,950740549
57,2987,3.0,965796062
59,2987,1.0,953609660
64,2987,4.0,1161520641
66,2987,4.0,1113190027
68,2987,2.5,1158531994
82,2987,3.5,1084468057
89,2987,1.5,1520408350
91,2987,4.0,1112713428
104,2987,4.0,1048589254
111,2987,3.5,1517441437
115,2987,5.0,957647602
122,2987,4.5,1461562489
129,2987,4.0,1167376685
132,2987,3.0,1157921264
135,2987,5.0,1009693305
144,2987,3.0,1136812186
156,2987,3.0,946798275
157,2987,4.0,992479618
160,2987,4.0,971113688
166,2987,3.5,1190828791
177,2987,4.5,1435534123
186,2987,5.0,1031080896
195,2987,1.0,974706483
203,2987,3.5,1390095338
216,2987,3.0,975211596
217,2987,3.0,955942041
219,2987,5.0,1194931918
221,2987,3.5,1111175989
226,2987,3.0,1095662432
230,2987,2.5,1196304598
234,2987,5.0,1004408972
239,2987,3.5,1221158671
249,2987,4.0,1362336507
260,2987,4.0,1109408232
263,2987,3.0,941590574
274,2987,4.0,1171428374
282,2987,4.0,1378498865
288,2987,3.0,978467651
290,2987,4.0,974943016
292,2987,4.0,1015374698
294,2987,3.0,966633825
305,2987,4.5,1460306169
307,2987,3.0,1186161471
325,2987,3.0,1039396783
328,2987,2.0,1494211291
330,2987,4.0,1285905280
342,2987,3.0,1042822262
354,2987,4.0,1200870212
357,2987,3.0,1348610422
359,2987,3.5,1198112808
371,2987,4.5,1407692701
376,2987,4.0,1364994437
380,2987,5.0,1493419980
381,2987,3.0,1165975328
384,2987,4.0,996441097
387,2987,3.5,1095040594
391,2987,5.0,1030825439
410,2987,4.0,990909417
414,2987,4.0,961437096
430,2987,4.0,962936094
438,2987,3.0,1105666819
448,2987,4.0,1019125273
462,2987,2.5,1121921033
465,2987,4.0,959895860
469,2987,2.0,965335273
474,2987,4.0,1004131358
477,2987,4.0,1200939956
478,2987,2.5,1121467311
480,2987,4.0,1179177730
483,2987,4.0,1215873377
489,2987,3.5,1333101575
500,2987,4.0,1005528301
510,2987,3.5,1141158923
514,2987,3.0,1533949324
517,2987,0.5,1487954368
525,2987,4.0,1476476556
527,2987,2.0,1033175771
534,2987,4.0,1459787996
552,2987,4.0,1111472934
555,2987,4.0,978821102
558,2987,4.0,1035415942
570,2987,3.0,1181477783
572,2987,2.0,945887727
577,2987,4.0,945965807
590,2987,3.0,1258420825
597,2987,5.0,941728764
599,2987,3.5,1498501533
600,2987,3.0,1237712666
603,2987,3.0,953925390
606,2987,3.0,1172157049
608,2987,3.0,1117490688
16,3000,4.0,1377477521
21,3000,0.5,1441393015
23,3000,3.5,1107164425
34,3000,4.0,1163954620
39,3000,5.0,974789174
50,3000,3.5,1527106195
62,3000,4.0,1521822696
63,3000,3.5,1443200472
68,3000,3.5,1158535147
91,3000,4.0,1112711478
129,3000,4.5,1167378075
166,3000,5.0,1189038604
182,3000,5.0,1054781963
187,3000,4.0,1161849397
202,3000,4.0,974918688
212,3000,4.0,1490115764
219,3000,5.0,1194686012
260,3000,3.5,1109410990
274,3000,4.0,1171409312
318,3000,4.0,1453420406
334,3000,3.5,1225477580
343,3000,3.0,1202061324
344,3000,4.5,1420496854
371,3000,5.0,1407692427
381,3000,4.0,1200823935
387,3000,4.0,1129452297
391,3000,4.0,1030827864
398,3000,5.0,1311207592
414,3000,5.0,982596920
428,3000,2.5,1111488201
434,3000,5.0,1270604962
438,3000,3.5,1105670203
474,3000,4.0,1002928294
477,3000,5.0,1200940541
480,3000,3.0,1179179290
483,3000,5.0,1178211512
489,3000,5.0,1333022709
509,3000,3.5,1436393181
520,3000,4.0,1326611548
525,3000,4.0,1476478155
560,3000,4.0,1469747560
567,3000,1.0,1525289351
596,3000,5.0,1535708657
599,3000,3.0,1498519053
600,3000,4.0,1237759223
601,3000,4.0,1521467860
605,3000,3.0,1277175648
606,3000,5.0,1175637373
22,3006,4.0,1268726047
28,3006,2.5,1234334969
74,3006,4.0,1207501062
79,3006,4.0,975281343
182,3006,3.0,1054780377
202,3006,4.0,974912467
219,3006,3.5,1194680715
260,3006,4.0,1109410893
267,3006,4.0,960330055
271,3006,4.0,1234301749
275,3006,4.0,1049079275
282,3006,4.5,1514069484
288,3006,4.0,988139114
290,3006,4.0,975031095
318,3006,4.0,1456621362
334,3006,2.0,1225477250
339,3006,4.5,1460345897
362,3006,3.5,1530643068
383,3006,5.0,943569064
391,3006,2.0,1032388253
403,3006,4.5,1225243642
410,3006,4.0,990807637
414,3006,4.0,1028643790
453,3006,4.0,972621310
462,3006,4.0,1123891790
469,3006,3.0,965846308
474,3006,4.0,979179921
552,3006,4.0,1111473146
562,3006,3.0,1368890729
599,3006,3.0,1498525859
603,3006,4.0,953925210
290,3007,4.0,974937867
318,3007,4.0,1315331392
462,3007,3.5,1123893756
599,3007,3.5,1519127220
600,3007,4.5,1237709907
603,3007,3.0,954481981
140,3011,2.0,1021899034
290,3011,4.0,974938303
474,3011,4.0,1047054405
572,3011,3.0,945890658
156,3028,3.0,946800329
474,3028,2.0,1047055117
23,3030,3.0,1107164365
57,3030,5.0,965796187
64,3030,4.0,1161531362
140,3030,1.0,1117729296
156,3030,5.0,946799236
168,3030,5.0,1306802137
219,3030,5.0,1194686812
332,3030,4.5,1352674432
387,3030,4.5,1122431406
391,3030,4.0,1030827888
448,3030,5.0,1019124045
474,3030,4.0,1091456379
599,3030,5.0,1498457210
17,3039,4.5,1305696285
19,3039,3.0,965706092
66,3039,4.0,1093747791
68,3039,3.0,1158533659
127,3039,4.0,1263527135
156,3039,2.0,946799537
202,3039,4.0,974923939
217,3039,4.0,955943627
219,3039,3.0,1198782294
221,3039,4.0,1111177928
222,3039,3.5,1391353767
225,3039,3.0,949111340
226,3039,4.0,1114839767
249,3039,4.0,1354225932
266,3039,4.0,945669878
275,3039,5.0,1049076989
282,3039,5.0,1514068409
288,3039,3.0,975692577
305,3039,5.0,1460225538
357,3039,3.5,1348627005
367,3039,3.0,997812079
414,3039,4.0,961595489
448,3039,4.0,1019228504
469,3039,3.0,965425446
474,3039,4.0,978576105
477,3039,3.5,1200941795
504,3039,4.0,1063644727
505,3039,3.5,1298779447
514,3039,3.5,1533949099
517,3039,2.0,1487953353
520,3039,5.0,1326608402
547,3039,4.0,942723549
555,3039,3.0,978820940
561,3039,3.5,1491092141
573,3039,4.5,1341798636
590,3039,3.0,1266472818
597,3039,5.0,941641427
599,3039,3.0,1519124038
610,3039,4.5,1493850239
19,3040,3.0,965706438
288,3040,3.0,976120241
294,3040,5.0,966595774
409,3040,4.0,967920162
414,3040,4.0,961596071
462,3040,2.0,1121921939
474,3040,1.0,1047055282
597,3040,5.0,941640800
599,3040,2.0,1519180383
4,3044,5.0,945079920
19,3044,3.0,965711039
57,3044,4.0,969755084
113,3044,3.0,980307528
182,3044,4.5,1066639533
224,3044,5.0,971812789
288,3044,3.0,1020369071
325,3044,3.0,1039397698
414,3044,3.0,961513998
448,3044,4.0,1019141327
474,3044,5.0,974668754
527,3044,4.0,1033175518
570,3044,2.5,1181478965
1,3052,5.0,964981208
18,3052,4.5,1455231506
19,3052,3.0,965706163
28,3052,3.0,1242290417
34,3052,2.5,1166464035
42,3052,3.0,996216117
45,3052,4.0,959624107
64,3052,4.0,1161521189
66,3052,4.0,1093747948
68,3052,3.5,1158532769
82,3052,2.5,1084463820
105,3052,4.0,1447574389
111,3052,5.0,1516153898
115,3052,3.0,966977811
125,3052,5.0,1474591641
132,3052,2.5,1174935197
135,3052,5.0,1009692038
141,3052,3.5,1513130967
155,3052,4.0,961861610
166,3052,3.5,1188773616
167,3052,5.0,1154723017
177,3052,4.0,1435534292
182,3052,2.5,1054784162
215,3052,4.5,1260909226
219,3052,5.0,1194931985
225,3052,4.0,949111472
226,3052,4.5,1095663144
236,3052,5.0,943015062
239,3052,4.0,1221158664
260,3052,4.5,1109409252
266,3052,5.0,946506459
274,3052,4.5,1171428370
282,3052,3.5,1378497855
294,3052,5.0,966595820
298,3052,3.0,1447619961
304,3052,3.0,943179156
307,3052,3.0,1186161808
318,3052,4.0,1413628035
322,3052,2.0,1217676745
325,3052,2.0,1039398372
330,3052,5.0,1285905519
352,3052,4.0,1493673594
356,3052,4.0,1229140805
380,3052,5.0,1508882909
381,3052,4.0,1197265272
387,3052,3.0,1095040815
396,3052,3.5,1111688499
405,3052,3.5,1295919627
408,3052,3.5,1474945419
410,3052,2.0,990910776
414,3052,3.0,961437391
425,3052,3.5,1085490843
428,3052,4.5,1111487690
434,3052,4.5,1270606930
438,3052,4.0,1105668507
448,3052,4.0,1058206489
453,3052,1.0,972623037
474,3052,4.0,1007320487
477,3052,3.5,1200941191
480,3052,1.0,1179161500
483,3052,4.0,1178294168
488,3052,3.0,1112381914
489,3052,4.0,1333101773
502,3052,4.0,1111757328
514,3052,3.0,1533945514
516,3052,3.0,994625189
522,3052,4.5,1371443537
525,3052,4.5,1476477501
542,3052,4.5,1163387685
553,3052,4.0,1230773683
558,3052,1.0,1035415531
570,3052,3.5,1181475833
580,3052,3.5,1167792439
590,3052,2.5,1258418028
596,3052,4.0,1535827426
599,3052,2.5,1498517303
600,3052,3.5,1237742443
605,3052,2.0,1277175952
608,3052,4.0,1117491308
4,3060,4.0,986934884
96,3060,5.0,964773160
104,3060,4.0,1048587390
132,3060,3.5,1157979587
156,3060,4.0,946800266
202,3060,5.0,974923827
265,3060,4.0,965317774
266,3060,5.0,945669397
288,3060,4.0,976121187
356,3060,3.5,1229140060
414,3060,4.0,961438552
500,3060,3.0,1005527784
552,3060,3.0,1112151412
597,3060,4.0,941559030
603,3060,2.0,963178281
95,3071,4.0,1043340283
202,3071,4.0,975015323
387,3071,2.5,1095042109
414,3071,4.0,961517591
474,3071,2.5,1089387453
527,3071,5.0,1033174045
590,3071,3.5,1258418754
597,3071,3.0,941640048
599,3071,3.0,1519136253
19,3072,2.0,965706045
64,3072,5.0,1161559556
66,3072,4.0,1113190048
108,3072,3.0,1042838877
116,3072,2.5,1337196056
137,3072,2.0,1204859010
156,3072,4.0,946799453
197,3072,4.0,947461020
202,3072,3.0,974924037
216,3072,4.0,975212514
224,3072,5.0,971812094
294,3072,1.0,966595406
367,3072,4.0,997812005
384,3072,4.0,993555941
448,3072,3.0,1019127505
457,3072,4.0,993610599
469,3072,4.0,965333459
474,3072,5.0,978575669
503,3072,3.0,1335214342
527,3072,4.0,1033174178
555,3072,4.0,978820747
571,3072,5.0,966900054
572,3072,4.0,945892448
577,3072,3.0,945964977
597,3072,5.0,941641427
599,3072,2.0,1519126223
600,3072,2.5,1237715231
68,3077,4.0,1233376646
600,3077,4.0,1237708779
18,3081,4.0,1455231488
19,3081,3.0,965703033
41,3081,3.0,1458938954
57,3081,4.0,972174580
68,3081,1.5,1158532662
91,3081,5.0,1112711807
101,3081,4.0,968441198
103,3081,4.0,1431957609
105,3081,4.0,1448196150
115,3081,3.0,970423896
119,3081,4.0,1435944417
132,3081,3.0,1157922292
160,3081,5.0,976797151
177,3081,3.0,1435534492
182,3081,4.0,1077637182
195,3081,4.0,1008558215
226,3081,2.5,1095663150
233,3081,4.0,1532964947
246,3081,5.0,1354124732
249,3081,3.5,1356277589
274,3081,4.0,1171492695
288,3081,3.5,1054569630
307,3081,4.0,1186162008
309,3081,0.5,1086563584
312,3081,4.0,1043176220
313,3081,4.0,1030475654
318,3081,3.5,1340356599
358,3081,4.0,1339546454
365,3081,1.5,1489796868
370,3081,3.5,1159161854
380,3081,4.0,1495476083
381,3081,2.5,1164876908
387,3081,3.5,1117356530
391,3081,3.0,1030945348
414,3081,5.0,961437029
420,3081,4.5,1218206931
425,3081,4.0,1106483092
428,3081,4.0,1111623811
452,3081,4.0,1013397945
474,3081,2.0,1047055085
479,3081,2.0,1039360680
480,3081,3.5,1179178259
483,3081,4.0,1178358712
489,3081,3.0,1332773765
495,3081,2.0,1458635864
509,3081,3.5,1436101399
510,3081,1.5,1141158928
520,3081,4.0,1326609861
556,3081,4.0,1534321047
560,3081,4.0,1469649860
561,3081,3.5,1491095248
562,3081,3.5,1368893437
580,3081,4.0,1167792385
586,3081,4.0,1529902606
590,3081,3.0,1258421450
599,3081,2.5,1498517947
600,3081,3.0,1237764511
603,3081,4.0,953925657
605,3081,3.0,1277176058
606,3081,3.0,1172015235
607,3081,4.0,963079496
608,3081,4.0,1117408065
19,3087,3.0,965706297
45,3087,3.0,950724777
78,3087,3.0,1252573389
103,3087,4.5,1431969097
156,3087,3.0,946799853
160,3087,1.0,971113866
167,3087,4.0,1154721654
172,3087,5.0,1238716079
177,3087,1.0,1435535488
217,3087,2.0,955944250
226,3087,4.0,1095711709
288,3087,3.0,975692736
325,3087,3.0,1039399746
328,3087,3.5,1494211954
414,3087,4.0,961595895
448,3087,3.0,1019127748
472,3087,3.0,1345842950
474,3087,1.5,1053021787
482,3087,3.0,1105396984
539,3087,4.0,1332474493
555,3087,3.0,978821850
561,3087,4.5,1491092294
599,3087,4.5,1498539306
608,3087,2.5,1117415466
221,3095,4.5,1119984340
288,3095,4.0,979163436
290,3095,5.0,974938065
309,3095,3.5,1086564194
357,3095,4.0,1348611394
422,3095,4.0,995235768
469,3095,4.0,965661866
474,3095,4.5,1082380938
503,3095,3.5,1335214570
89,3097,2.0,1520408343
188,3097,5.0,962560044
474,3097,4.0,988580233
42,3098,4.0,996258272
66,3098,4.5,1093747975
68,3098,3.0,1261623513
70,3098,4.5,1355198198
100,3098,4.0,1100186085
135,3098,4.0,1009693996
140,3098,4.0,993208220
177,3098,4.0,1435535698
202,3098,5.0,975014509
226,3098,4.0,1114839228
265,3098,3.0,965318218
288,3098,3.0,979163780
292,3098,3.0,1265679618
384,3098,3.0,994038436
387,3098,2.5,1094877568
414,3098,4.0,1038842202
438,3098,4.0,1106190024
474,3098,3.5,1146448082
479,3098,4.0,1039362056
514,3098,4.0,1534051899
552,3098,4.0,1111473169
555,3098,3.0,978820940
590,3098,3.5,1267150772
603,3098,2.0,953927908
19,3101,1.0,965711014
42,3101,3.0,996215831
55,3101,1.0,1312747631
64,3101,3.5,1161521521
66,3101,4.0,1113190022
68,3101,4.0,1158532730
127,3101,1.0,1263527055
135,3101,4.0,1009691612
140,3101,4.0,967048994
168,3101,3.0,1306793401
177,3101,3.5,1435534567
203,3101,3.0,1390094457
217,3101,1.0,955934988
238,3101,4.0,1007931050
245,3101,1.0,951182694
250,3101,5.0,1121217493
267,3101,5.0,959806721
288,3101,3.0,985626994
307,3101,2.5,1186162037
309,3101,2.5,1086563432
387,3101,3.0,1095040773
414,3101,4.0,961681927
448,3101,3.0,1019142324
452,3101,5.0,1019584576
462,3101,1.0,1171502777
465,3101,4.0,959896143
474,3101,4.0,1004131808
480,3101,4.0,1179178407
502,3101,3.0,1111757332
504,3101,4.0,1063644529
518,3101,3.0,1056907514
528,3101,2.5,1391734371
552,3101,2.5,1112151404
555,3101,4.0,978821633
603,3101,2.0,953924711
606,3101,3.5,1171820476
16,3108,4.0,1377476635
19,3108,4.0,965705917
23,3108,3.5,1107164068
51,3108,5.0,1230932119
57,3108,5.0,965797050
64,3108,4.0,1161559882
66,3108,4.5,1113190044
113,3108,2.0,980051704
140,3108,3.0,949667371
156,3108,3.0,946799453
182,3108,4.5,1054780397
202,3108,4.0,974923955
217,3108,2.0,955944250
224,3108,4.0,971812765
246,3108,4.0,1353864716
265,3108,3.0,965317938
266,3108,5.0,945669287
275,3108,5.0,1049076680
288,3108,5.0,976139804
294,3108,5.0,966595639
325,3108,4.0,1039397908
332,3108,3.5,1352670963
387,3108,3.0,1153165334
410,3108,3.0,990910271
414,3108,3.0,961438502
448,3108,3.0,1019127516
453,3108,3.0,1005966862
469,3108,5.0,965425446
474,3108,2.5,1063115377
477,3108,3.0,1200939162
483,3108,4.5,1215871952
552,3108,3.5,1112151424
599,3108,3.0,1498524052
600,3108,5.0,1237713165
606,3108,4.0,1171736558
610,3108,4.5,1479543364
414,3111,4.0,1010588391
474,3111,4.0,1094562846
479,3111,5.0,1039367332
555,3111,4.0,978821102
7,3114,4.5,1106635500
19,3114,2.0,965705725
20,3114,5.0,1054038084
21,3114,3.5,1419795374
27,3114,4.0,962685262
45,3114,5.0,950727914
50,3114,3.0,1514238183
57,3114,4.0,965796004
62,3114,3.0,1525636897
64,3114,4.0,1161520511
68,3114,3.0,1271544523
89,3114,3.0,1520408306
91,3114,4.0,1112713040
98,3114,4.5,1532457852
115,3114,5.0,948322663
122,3114,5.0,1461561618
141,3114,4.5,1513130145
144,3114,3.0,1136812537
155,3114,3.0,961861610
156,3114,3.5,1106855144
159,3114,4.5,1508641070
160,3114,2.0,971113259
166,3114,4.5,1189038117
167,3114,3.0,1154722066
169,3114,4.5,1059427909
177,3114,3.5,1435533772
182,3114,4.0,1054784008
185,3114,3.0,1044311119
186,3114,4.0,1031073489
213,3114,3.5,1316197248
217,3114,5.0,955942568
219,3114,2.5,1194686222
220,3114,5.0,1230055575
230,3114,3.0,1196304509
232,3114,3.0,1218166775
234,3114,5.0,1004409347
245,3114,4.0,951183191
247,3114,4.5,1467936106
249,3114,3.5,1346758271
259,3114,3.0,1146845379
274,3114,4.0,1171934808
275,3114,4.0,1049076470
280,3114,4.0,1348532299
282,3114,4.5,1378497429
288,3114,4.0,1198509976
292,3114,4.0,1015374655
304,3114,5.0,944976429
307,3114,3.0,1186161488
313,3114,3.0,1030476128
318,3114,3.0,1256504393
328,3114,4.5,1494210386
336,3114,4.0,1122227347
357,3114,5.0,1348610261
367,3114,5.0,997811731
378,3114,4.5,1445347203
380,3114,5.0,1493473886
381,3114,3.5,1164383929
396,3114,4.0,1111688632
399,3114,4.0,1167222222
401,3114,3.0,1510448991
414,3114,5.0,991146026
425,3114,3.0,1085490334
432,3114,2.0,1316391727
438,3114,4.5,1105649521
448,3114,5.0,1019126661
453,3114,5.0,1005966797
460,3114,4.0,1359177518
474,3114,4.0,1002927941
477,3114,3.0,1200939982
478,3114,3.0,1121467332
480,3114,3.0,1179177708
483,3114,3.0,1178293259
488,3114,4.0,1112382031
500,3114,5.0,1005527784
503,3114,4.0,1335219439
509,3114,3.5,1435992506
525,3114,4.0,1476478169
527,3114,4.0,1033173933
534,3114,4.5,1459787997
552,3114,4.5,1111472965
561,3114,3.0,1491090961
567,3114,3.5,1525286028
570,3114,3.5,1181477835
572,3114,4.0,945887660
573,3114,5.0,1186722557
579,3114,5.0,958881086
580,3114,3.5,1167792356
586,3114,4.5,1529899943
587,3114,4.0,953137743
591,3114,5.0,970525244
596,3114,3.5,1535709752
600,3114,2.0,1237759102
601,3114,3.5,1521467831
605,3114,3.5,1277175677
607,3114,3.0,963079100
608,3114,2.5,1117504405
610,3114,5.0,1479542923
51,3115,5.0,1230932108
288,3115,3.0,1046792281
383,3115,4.0,943569427
474,3115,4.0,1069686107
603,3115,4.0,963176221
474,3125,4.0,1014924099
156,3134,5.0,946798960
275,3134,2.0,1049078197
387,3134,4.0,1094876967
410,3134,5.0,990729062
474,3134,3.0,1113172409
477,3134,4.0,1200940104
567,3134,3.0,1525287625
474,3135,4.0,1115125983
572,3135,3.0,979923721
603,3135,4.0,953926877
1,3147,5.0,964983873
15,3147,5.0,1510571797
17,3147,4.5,1322629233
18,3147,4.0,1455231412
24,3147,4.5,1458941985
28,3147,2.5,1234570479
45,3147,5.0,950723180
47,3147,5.0,1496205029
62,3147,5.0,1521489752
64,3147,4.0,1161520923
65,3147,4.5,1494767156
68,3147,3.5,1158532167
70,3147,2.5,1355198512
80,3147,4.0,1377308769
83,3147,3.5,1333842456
91,3147,2.5,1112713009
105,3147,5.0,1447411440
112,3147,5.0,1444606653
114,3147,4.0,1485387728
119,3147,5.0,1435944293
124,3147,4.5,1336412867
125,3147,4.0,1474470150
140,3147,3.5,1055092222
141,3147,3.5,1513130740
144,3147,4.0,1137324161
159,3147,0.5,1508640210
160,3147,4.0,976799220
166,3147,4.0,1190828738
169,3147,4.5,1078285074
182,3147,4.0,1055153103
198,3147,5.0,1034136190
202,3147,4.0,974924834
210,3147,4.0,1527266292
215,3147,4.0,1260909340
220,3147,4.0,1230061554
230,3147,3.5,1196304769
232,3147,5.0,1218164903
233,3147,4.0,1448815825
239,3147,4.5,1221158942
247,3147,5.0,1467644360
249,3147,4.0,1346757751
258,3147,5.0,1534892559
263,3147,4.0,1120071507
272,3147,4.5,1533566039
274,3147,3.5,1171943630
282,3147,4.0,1378498731
286,3147,5.0,1119561345
288,3147,3.0,976120999
292,3147,4.5,1219625228
305,3147,5.0,1460135785
307,3147,4.0,1242825840
312,3147,4.0,1043177495
317,3147,4.0,1430364907
318,3147,4.0,1265662180
325,3147,3.0,1039397045
326,3147,4.5,1437419286
330,3147,4.0,1285904255
336,3147,4.5,1122227255
339,3147,5.0,1460868639
344,3147,5.0,1420496152
352,3147,5.0,1493673534
354,3147,3.5,1200869917
356,3147,4.0,1229143342
357,3147,4.0,1348612242
362,3147,4.0,1530640244
365,3147,4.0,1489796957
368,3147,4.0,971275527
413,3147,5.0,1484439835
414,3147,4.0,963322341
415,3147,4.5,1382470340
418,3147,4.5,1461865714
419,3147,4.5,1321757440
420,3147,4.5,1219666551
425,3147,4.0,1106483058
432,3147,4.0,1315244974
434,3147,4.5,1270606766
452,3147,5.0,1019581156
461,3147,4.0,1505935225
469,3147,5.0,965333531
474,3147,4.0,1047054328
480,3147,4.5,1179162043
483,3147,3.5,1215895113
488,3147,3.5,1112382822
489,3147,4.0,1385823556
502,3147,5.0,1111757817
503,3147,4.5,1335219604
515,3147,5.0,1513601970
517,3147,4.0,1487952995
520,3147,4.0,1326609478
523,3147,5.0,1503126548
527,3147,5.0,1033174045
528,3147,3.5,1391736303
532,3147,5.0,1025570575
537,3147,4.0,1424142003
551,3147,4.0,1504317309
555,3147,5.0,978840381
560,3147,4.0,1469650037
562,3147,4.0,1368893862
570,3147,4.0,1181554309
580,3147,3.0,1167791294
581,3147,5.0,1447007136
586,3147,4.0,1529899247
590,3147,4.5,1258418013
596,3147,3.5,1535827380
599,3147,3.0,1498525850
600,3147,3.0,1237715218
603,3147,4.0,963176151
606,3147,3.5,1172157210
607,3147,5.0,964743229
608,3147,4.0,1117337020
610,3147,2.5,1479544627
70,3152,4.0,1355198011
156,3152,5.0,946800180
168,3152,5.0,1306802028
221,3152,5.0,1119984659
290,3152,4.0,974938560
469,3152,5.0,965846279
474,3152,4.0,1137521240
603,3152,4.0,953926900
4,3160,4.0,964539121
41,3160,4.0,1459367626
57,3160,3.0,972171955
64,3160,4.0,1161529395
68,3160,2.0,1158532941
74,3160,4.0,1207501139
101,3160,4.0,968441080
103,3160,5.0,1477364736
122,3160,5.0,1461562377
132,3160,3.0,1157923222
156,3160,4.0,1106853952
160,3160,4.5,1065992724
166,3160,4.0,1188774033
169,3160,5.0,1075135424
182,3160,5.0,1054780364
187,3160,4.0,1161849151
195,3160,3.0,974709167
198,3160,3.0,1034136139
199,3160,4.0,1401308949
216,3160,3.0,975211383
226,3160,4.0,1095663195
274,3160,2.5,1197275106
275,3160,1.0,1049078801
287,3160,4.0,1110231551
305,3160,3.5,1522839771
307,3160,3.5,1194912445
317,3160,4.0,1430366464
325,3160,4.0,1039396567
332,3160,4.5,1352672696
339,3160,4.5,1461797383
344,3160,3.0,1420495433
346,3160,4.5,1094645785
356,3160,4.0,1232431038
368,3160,4.0,971277716
391,3160,5.0,1030825262
414,3160,5.0,970494264
434,3160,2.0,1270605052
453,3160,2.0,972622883
469,3160,4.0,965846210
474,3160,5.0,974667033
477,3160,4.0,1200941148
480,3160,4.0,1179178464
483,3160,3.5,1178358852
510,3160,2.5,1141158918
514,3160,4.0,1536456268
546,3160,1.0,973588321
591,3160,2.0,970525001
599,3160,5.0,1498457183
600,3160,3.5,1237742428
603,3160,4.0,953926141
606,3160,4.0,1175637442
608,3160,4.0,1117408063
16,3174,3.5,1377476640
28,3174,2.5,1242290443
68,3174,2.0,1158534852
101,3174,5.0,968441080
103,3174,4.5,1431968191
111,3174,4.0,1518903923
157,3174,3.0,992479976
169,3174,3.0,1059428429
182,3174,4.0,1055151779
195,3174,4.0,1008558152
222,3174,3.5,1391374533
282,3174,4.0,1514069510
288,3174,3.0,976121241
307,3174,2.5,1186162622
318,3174,4.5,1421871669
336,3174,5.0,1126221530
342,3174,4.0,1042822111
346,3174,3.0,1094646665
356,3174,3.5,1229139627
369,3174,4.0,1237081544
390,3174,4.0,1250274163
409,3174,3.0,968978306
414,3174,3.0,961437527
428,3174,2.5,1111525650
430,3174,4.0,963545261
440,3174,4.0,1237568737
448,3174,3.0,1019127614
453,3174,4.0,1005967003
469,3174,3.0,965333531
474,3174,4.0,1058792760
480,3174,3.5,1179179415
483,3174,5.0,1277996264
555,3174,3.0,978746302
579,3174,3.0,958879827
591,3174,3.0,970525001
599,3174,3.5,1498797445
600,3174,3.0,1237763480
603,3174,1.0,963180480
610,3174,4.0,1479544738
4,3175,1.0,964538930
19,3175,4.0,965703727
28,3175,1.5,1242290498
45,3175,3.0,1020802351
57,3175,4.0,965796941
64,3175,3.5,1161521068
68,3175,3.0,1158532692
69,3175,5.0,1021643895
89,3175,2.5,1520408714
91,3175,3.5,1112713784
96,3175,5.0,964774067
101,3175,4.0,968441005
104,3175,4.0,1062578622
111,3175,3.5,1518902708
115,3175,4.0,965425216
122,3175,4.5,1461562375
135,3175,4.0,1009691704
140,3175,2.5,1075154390
141,3175,4.0,1513130971
155,3175,4.0,961861723
156,3175,4.5,1106855482
157,3175,2.0,992479927
167,3175,3.5,1154722003
177,3175,2.0,1435534443
182,3175,4.0,1054779846
186,3175,5.0,1031081566
199,3175,4.0,948034556
217,3175,4.0,955942076
219,3175,2.0,1194932278
232,3175,2.5,1218169851
234,3175,4.0,1004408942
249,3175,3.0,1440669123
265,3175,4.0,965314838
267,3175,4.0,959806831
274,3175,2.0,1171944108
275,3175,5.0,1049076601
288,3175,4.0,975692044
292,3175,4.0,990062669
294,3175,3.0,966595514
303,3175,4.0,1053303225
304,3175,5.0,946216891
312,3175,3.0,1043176716
313,3175,4.0,1030474727
325,3175,4.0,1039395747
328,3175,1.5,1494210896
342,3175,1.0,1042822068
355,3175,4.0,974965550
367,3175,4.0,997812532
380,3175,5.0,1493473941
381,3175,2.5,1166972030
391,3175,2.0,1030825163
408,3175,5.0,1467371178
409,3175,4.0,968978236
414,3175,4.0,961436763
420,3175,3.5,1218207883
422,3175,3.0,986173759
428,3175,2.0,1111489651
438,3175,3.5,1105667029
448,3175,4.0,1019125340
452,3175,5.0,1013395256
453,3175,5.0,1005966931
474,3175,4.0,978576150
489,3175,3.5,1332773721
500,3175,4.0,1005527980
520,3175,4.0,1326609791
552,3175,4.0,1111473169
555,3175,5.0,978746378
580,3175,2.5,1167792674
586,3175,5.0,1529903239
587,3175,5.0,953139667
590,3175,2.5,1258421316
599,3175,3.0,1498522138
603,3175,4.0,953924864
607,3175,2.0,963171262
608,3175,4.0,1117490713
1,3176,1.0,964983504
4,3176,4.0,964539771
19,3176,1.0,965703010
28,3176,3.0,1242290485
42,3176,4.0,996220196
45,3176,4.0,950718627
64,3176,3.5,1161521172
68,3176,2.5,1158532186
75,3176,1.0,1158968301
91,3176,4.0,1112713809
96,3176,4.0,964774079
103,3176,4.0,1431957558
132,3176,3.0,1157923020
156,3176,4.0,1106855555
177,3176,3.0,1435534455
182,3176,3.5,1054780758
199,3176,3.0,951581366
200,3176,4.0,1229886949
202,3176,4.0,974925578
234,3176,4.0,1004407628
280,3176,4.5,1348532654
282,3176,4.5,1514069404
288,3176,3.0,976121431
292,3176,1.0,1015374622
325,3176,4.0,1039399116
330,3176,3.5,1285905667
339,3176,5.0,1461877407
354,3176,4.0,1200870814
368,3176,3.0,971275949
387,3176,4.0,1151624367
391,3176,3.0,1030825403
424,3176,5.0,1457845011
425,3176,4.0,1085477996
428,3176,3.5,1111487492
449,3176,3.5,1053199004
474,3176,5.0,1100119694
480,3176,2.0,1179178022
483,3176,3.5,1415579412
488,3176,2.0,1112381870
489,3176,3.5,1334170432
510,3176,1.5,1141158936
517,3176,2.5,1487953742
579,3176,5.0,958882104
580,3176,4.0,1167861810
591,3176,3.0,970525226
599,3176,3.0,1498524124
603,3176,4.0,953924838
606,3176,4.0,1171407282
608,3176,0.5,1117161807
28,3178,2.5,1242031255
39,3178,3.0,974789375
68,3178,3.0,1261623910
131,3178,3.0,1349838715
140,3178,5.0,949667403
222,3178,3.5,1391346731
294,3178,4.0,966595310
356,3178,3.5,1228072745
391,3178,4.0,1031030880
414,3178,4.0,963840620
432,3178,3.5,1315242420
453,3178,5.0,1005968121
469,3178,3.0,965334923
472,3178,4.0,1345843008
474,3178,2.0,1047054582
480,3178,3.5,1179162268
23,3181,3.5,1107164248
260,3181,5.0,1109409656
414,3181,4.0,961517791
474,3181,4.5,1094562810
599,3181,2.5,1498516724
603,3181,4.0,953927186
42,3186,4.0,996219899
51,3186,4.5,1230930213
68,3186,2.5,1261624030
111,3186,4.0,1518903955
132,3186,4.5,1157997280
153,3186,4.0,1525549351
177,3186,3.0,1435535729
182,3186,1.5,1055157721
195,3186,4.0,997230534
199,3186,2.5,1101533870
274,3186,3.5,1171827399
307,3186,3.5,1194913087
316,3186,3.5,1111493628
346,3186,3.0,1125858352
356,3186,4.0,1228072741
398,3186,4.0,1311207615
414,3186,3.0,966950355
424,3186,3.5,1457845982
432,3186,2.5,1315244053
474,3186,3.5,1100292323
520,3186,2.5,1326687676
552,3186,3.0,1112151372
558,3186,5.0,1035416294
580,3186,4.0,1167861757
599,3186,3.0,1498525868
600,3186,4.0,1237713859
606,3186,4.0,1173570203
608,3186,3.0,1117503057
275,3192,3.0,1049077681
3,3210,0.5,1306463638
22,3210,3.5,1268726113
42,3210,4.0,996258623
64,3210,4.0,1161559824
68,3210,3.0,1158534539
111,3210,2.0,1517695752
167,3210,2.5,1154722287
180,3210,3.0,1270237621
182,3210,4.0,1054784119
200,3210,4.0,1229887801
215,3210,4.5,1260909327
216,3210,4.0,975212362
219,3210,3.5,1195349074
224,3210,4.0,971811973
226,3210,4.0,1095711725
274,3210,3.5,1173845707
275,3210,5.0,1049076933
278,3210,4.0,1193753150
280,3210,4.0,1348531278
288,3210,3.0,976120587
294,3210,4.0,966595458
298,3210,3.0,1447584579
307,3210,4.0,1186162625
313,3210,3.0,1030557763
330,3210,3.5,1285903243
356,3210,4.5,1229140298
403,3210,3.5,1225243390
414,3210,4.0,961595525
469,3210,3.0,965425364
474,3210,2.0,978575888
480,3210,3.5,1179161725
484,3210,4.5,1342297346
514,3210,4.0,1533949232
527,3210,4.0,1033175017
555,3210,4.0,978820487
561,3210,4.0,1491092364
562,3210,4.0,1368897212
593,3210,1.5,1181007149
599,3210,3.0,1498525775
603,3210,3.0,953927685
607,3210,3.0,963079154
608,3210,3.0,1117502752
474,3211,4.0,1115731236
482,3211,3.5,1105396826
1,3247,3.0,964983108
19,3247,3.0,965707419
27,3247,3.0,962684796
42,3247,2.0,996219026
45,3247,3.0,950740361
64,3247,3.5,1161564529
68,3247,2.5,1158534902
111,3247,3.5,1516156060
169,3247,4.5,1079310713
177,3247,2.0,1435535131
182,3247,2.0,1055156324
183,3247,4.0,992331144
200,3247,3.0,1229888256
217,3247,3.0,955944813
256,3247,4.5,1447000206
288,3247,3.0,978647508
294,3247,3.0,966596533
307,3247,1.0,1186083418
323,3247,3.0,1422640634
332,3247,3.0,1352674542
345,3247,4.5,1342826796
357,3247,3.0,1348628242
368,3247,2.0,975828314
381,3247,4.0,1167543109
414,3247,2.0,961439308
426,3247,4.5,1451082194
428,3247,1.0,1111523455
448,3247,4.0,1019128431
453,3247,5.0,1005967402
474,3247,2.0,1046809604
483,3247,3.0,1215896447
489,3247,3.0,1333101190
491,3247,4.5,1526673239
599,3247,3.0,1498525510
600,3247,2.0,1237742838
608,3247,2.0,1117505039
28,3250,4.0,1242033046
135,3250,4.0,1009694231
288,3250,2.0,976121266
290,3250,3.0,975031699
307,3250,3.0,1186084657
414,3250,3.0,961518176
555,3250,5.0,978748483
599,3250,2.0,1519183074
600,3250,2.5,1237709601
19,3258,2.0,965706703
45,3258,3.0,950740239
57,3258,3.0,965797522
217,3258,3.0,955944976
316,3258,3.5,1111493634
387,3258,1.5,1095119349
414,3258,2.0,961438887
448,3258,3.0,1019128734
474,3258,2.5,1069686902
489,3258,4.0,1333296999
543,3258,5.0,1230602193
555,3258,3.0,978747041
599,3258,2.5,1498514571
606,3258,2.0,1175553669
608,3258,3.0,1117491745
42,3259,4.0,996219440
57,3259,3.0,972175764
68,3259,2.5,1269123334
100,3259,4.5,1100186037
265,3259,3.0,965319070
414,3259,4.0,961514273
430,3259,2.0,963545539
474,3259,2.5,1053021837
599,3259,3.0,1498521459
600,3259,2.5,1237759600
606,3259,3.5,1171762880
28,3260,3.0,1242289079
57,3260,3.0,972174279
202,3260,4.0,975013335
265,3260,4.0,965316522
275,3260,5.0,1049078858
288,3260,3.0,976120906
290,3260,4.0,975031589
391,3260,4.0,1032389642
474,3260,4.5,1100291573
587,3260,5.0,953141970
603,3260,4.0,953925102
606,3260,4.5,1171822034
17,3263,4.0,1305696358
19,3263,2.0,965706592
42,3263,4.0,996220054
91,3263,2.0,1112716708
124,3263,4.0,1336409741
135,3263,4.0,1009692183
160,3263,3.0,971117745
198,3263,3.0,1034207302
207,3263,3.5,1258548121
217,3263,2.0,955944471
282,3263,3.0,1378497851
288,3263,4.0,978559499
294,3263,1.0,966596048
387,3263,3.0,1117430024
410,3263,4.0,990910447
414,3263,2.0,961438957
448,3263,4.0,1019131482
474,3263,2.0,978576366
548,3263,4.5,1494880275
555,3263,2.0,978746874
599,3263,3.0,1498523733
603,3263,3.0,963178439
23,3265,4.5,1107163724
182,3265,2.0,1066639736
266,3265,5.0,948587515
274,3265,3.5,1250200620
380,3265,4.0,1494036091
469,3265,3.0,965661994
599,3265,4.0,1498498587
603,3265,5.0,963177579
610,3265,5.0,1479542010
79,3266,5.0,975282009
204,3266,5.0,1327185596
318,3266,3.5,1419694906
391,3266,5.0,1030827699
567,3266,5.0,1525282236
599,3266,3.5,1498798246
36,3270,1.5,1100803853
45,3270,1.0,950718581
68,3270,4.0,1166392788
307,3270,2.0,1186172881
357,3270,4.0,1348611585
381,3270,4.0,1166208586
414,3270,2.5,1511541458
438,3270,3.5,1105911833
474,3270,2.5,1053021399
479,3270,4.0,1039362840
599,3270,3.5,1498501626
608,3270,1.0,1117674546
1,3273,5.0,964983536
19,3273,2.0,965703084
45,3273,4.0,1007995150
64,3273,2.0,1161620569
68,3273,2.0,1158535390
74,3273,2.5,1207499293
111,3273,0.5,1516143870
115,3273,4.0,963706826
222,3273,3.0,1391352150
249,3273,2.5,1346752311
274,3273,2.5,1171787271
307,3273,0.5,1186083439
352,3273,3.0,1493673840
380,3273,1.0,1509047475
409,3273,3.0,968978439
414,3273,3.0,963236640
432,3273,1.5,1315242328
452,3273,4.0,1013398044
453,3273,1.0,972622274
457,3273,2.0,993611032
474,3273,4.0,975173316
482,3273,3.5,1105396994
484,3273,3.0,1342297866
545,3273,3.0,1240358598
579,3273,4.0,958879325
603,3273,1.0,953924914
607,3273,4.0,964743303
608,3273,3.0,1117415430
610,3273,3.0,1493848104
474,3281,2.0,1052088727
105,3306,4.5,1447411512
318,3306,3.5,1424780995
474,3306,4.5,1100119916
606,3306,4.0,1171501158
74,3307,5.0,1207501386
89,3307,2.0,1520408276
105,3307,5.0,1447574090
217,3307,2.0,955943259
249,3307,4.0,1346757785
290,3307,5.0,974937850
298,3307,3.0,1447584639
318,3307,3.0,1413722549
420,3307,4.0,1218041883
474,3307,4.5,1089386442
509,3307,3.5,1436393194
511,3307,4.5,1450094234
606,3307,4.5,1171501144
105,3310,4.5,1447411199
156,3310,3.0,1106854426
474,3310,4.0,1078495463
483,3310,4.0,1178293043
606,3310,5.0,1171501140
4,3317,4.0,986934498
28,3317,2.5,1236314754
132,3317,3.5,1157978989
140,3317,2.0,1007139599
156,3317,4.5,1106882045
182,3317,4.0,1054781218
260,3317,3.5,1109410950
288,3317,4.5,1054568461
298,3317,3.0,1447598360
410,3317,3.0,990728321
414,3317,4.0,986219297
438,3317,4.0,1105653956
448,3317,4.0,1054546273
474,3317,4.0,1047054422
480,3317,4.0,1179163534
483,3317,5.0,1415578983
508,3317,2.0,1268297504
552,3317,3.5,1112151376
561,3317,4.0,1491092471
599,3317,3.0,1498524720
603,3317,5.0,953927186
606,3317,3.5,1201790147
310,3330,4.5,1078648511
474,3330,4.0,1046809336
156,3341,4.0,951113027
188,3341,5.0,962560044
217,3341,4.0,955943856
290,3341,4.0,974938131
367,3341,4.0,997811790
474,3341,4.0,1098104401
603,3341,5.0,953926605
28,3360,4.0,1234571883
45,3360,3.0,951756668
91,3360,3.5,1112712026
135,3360,3.0,1009693935
140,3360,4.0,1014225118
186,3360,4.0,1031078668
202,3360,4.0,975014416
226,3360,4.5,1116040965
275,3360,4.0,1049079449
288,3360,3.0,1016470252
292,3360,3.5,1265679538
357,3360,3.5,1348611742
367,3360,5.0,997811377
414,3360,5.0,961516793
438,3360,3.5,1105668686
474,3360,3.5,1132423135
479,3360,4.0,1039362497
480,3360,4.0,1179162225
510,3360,3.5,1141159189
514,3360,4.0,1534051928
590,3360,4.0,1258420110
600,3360,1.0,1237858832
275,3384,5.0,1049079320
409,3384,5.0,968978466
469,3384,4.0,965333831
474,3384,4.0,1068472840
45,3385,2.0,959625116
217,3385,3.0,955935615
294,3385,4.0,966596781
414,3385,5.0,961596551
474,3385,2.0,1089387345
479,3385,2.0,1039362207
514,3385,3.0,1533946372
599,3385,1.5,1519180522
1,3386,5.0,964983484
4,3386,4.0,964539395
28,3386,2.5,1242288921
57,3386,3.0,972173759
59,3386,4.0,953610555
60,3386,4.0,1393541937
64,3386,4.5,1161559855
160,3386,4.0,971619994
177,3386,3.0,1435535069
198,3386,4.0,1034139066
226,3386,4.0,1096420355
274,3386,3.0,1171492209
292,3386,2.0,1015375388
313,3386,3.0,1030556084
354,3386,3.5,1200865464
387,3386,3.5,1094877875
391,3386,4.0,1031030319
403,3386,4.0,1225243423
414,3386,3.0,961517771
440,3386,3.0,1237568756
442,3386,0.5,1331560586
448,3386,3.0,1019137698
464,3386,5.0,1275547569
474,3386,4.0,1108389753
480,3386,3.5,1179162449
483,3386,3.5,1181495847
590,3386,3.5,1258415288
599,3386,3.5,1519122486
603,3386,3.0,963179711
606,3386,4.0,1171377314
607,3386,4.0,964744367
4,3408,4.0,986849238
7,3408,4.5,1106712549
20,3408,3.5,1054037151
28,3408,3.0,1242290472
41,3408,3.0,1458938915
42,3408,4.0,996212921
45,3408,4.0,953759873
47,3408,3.0,1496209899
64,3408,2.0,1161520761
68,3408,3.0,1158532037
91,3408,2.5,1112713638
104,3408,4.0,1048586788
111,3408,3.5,1516140880
140,3408,3.0,1004036158
144,3408,3.5,1137324177
153,3408,2.5,1525548836
156,3408,4.5,1106855340
160,3408,4.0,971117585
167,3408,3.5,1154718990
169,3408,4.5,1078284952
177,3408,4.0,1435524337
186,3408,4.0,1031081495
195,3408,3.0,974708051
198,3408,3.0,1034138843
200,3408,4.0,1229886342
226,3408,3.5,1095662987
239,3408,4.5,1221158623
249,3408,4.0,1355677362
250,3408,5.0,1121217875
274,3408,3.0,1171943607
275,3408,5.0,1049077502
286,3408,3.5,1119563702
298,3408,1.5,1447598147
301,3408,3.5,1211378283
318,3408,2.5,1270752540
322,3408,3.5,1217676710
330,3408,3.5,1285905512
332,3408,3.5,1352672894
352,3408,4.0,1493673586
380,3408,3.0,1493423336
387,3408,3.0,1094938248
390,3408,4.0,1250342181
391,3408,2.0,1030825112
413,3408,4.0,1484440063
414,3408,3.0,966950336
418,3408,3.0,1461865932
425,3408,3.5,1085476542
426,3408,5.0,1451081206
430,3408,3.0,962936443
438,3408,3.5,1105649733
457,3408,2.0,993610917
474,3408,4.0,1130961874
489,3408,3.0,1332773108
504,3408,3.5,1063644473
519,3408,5.0,1518380314
520,3408,4.0,1326609651
525,3408,3.5,1476479471
542,3408,4.0,1163387167
546,3408,4.0,973588435
555,3408,4.0,978839750
560,3408,3.5,1469649840
579,3408,5.0,958880702
591,3408,4.0,970524881
593,3408,4.0,1181008362
596,3408,3.5,1535708371
599,3408,2.5,1498518125
600,3408,2.0,1237759204
603,3408,4.0,954481907
606,3408,4.0,1173570247
608,3408,2.5,1117491605
332,3420,4.0,1352671156
368,3420,3.0,971275949
474,3420,2.5,1109039902
19,3421,4.0,965705661
45,3421,4.0,1007484315
51,3421,5.0,1230932084
63,3421,2.5,1443200099
64,3421,4.5,1161528832
66,3421,3.5,1093747710
68,3421,3.0,1158532806
91,3421,3.5,1112713107
129,3421,4.0,1167377668
137,3421,3.0,1204859946
143,3421,1.0,1444768946
167,3421,3.0,1154723081
169,3421,4.0,1059428284
202,3421,3.0,974923542
216,3421,5.0,975212199
217,3421,2.0,955943345
219,3421,2.5,1194686229
220,3421,4.5,1230069662
222,3421,4.0,1391349743
226,3421,4.5,1095663217
255,3421,5.0,1005717406
274,3421,4.0,1171172404
275,3421,5.0,1049078254
288,3421,5.0,976120173
290,3421,3.0,974942824
292,3421,4.0,1265679604
294,3421,5.0,966595028
298,3421,3.0,1447584529
305,3421,5.0,1460221956
307,3421,4.0,1186085092
313,3421,1.0,1030557440
325,3421,3.0,1039397698
328,3421,1.0,1494211272
356,3421,5.0,1229140036
365,3421,3.0,1489796954
377,3421,5.0,1340344403
380,3421,5.0,1493474237
387,3421,4.0,1094877207
398,3421,4.0,1311207261
409,3421,5.0,967920117
414,3421,5.0,961595311
438,3421,3.5,1105667190
448,3421,4.0,1019130925
469,3421,3.0,965336980
474,3421,2.0,978575993
477,3421,5.0,1200943853
479,3421,4.0,1039362056
480,3421,3.0,1179160638
503,3421,3.5,1335219171
514,3421,4.0,1533872578
525,3421,4.0,1476476429
527,3421,5.0,1033174400
552,3421,4.0,1111473157
555,3421,4.0,978748735
572,3421,3.0,979922465
587,3421,1.0,953137149
590,3421,3.5,1258419759
599,3421,2.5,1498517966
603,3421,4.0,953926937
607,3421,5.0,963079115
608,3421,3.5,1117490862
610,3421,3.0,1493850241
19,3424,2.0,965705784
23,3424,3.0,1107341807
60,3424,4.0,1393541967
74,3424,4.0,1207499286
95,3424,4.5,1053153724
195,3424,4.0,974709348
213,3424,4.0,1316194549
221,3424,4.5,1119984525
260,3424,4.5,1109411083
274,3424,3.5,1296946990
275,3424,5.0,1049076847
288,3424,3.0,978471262
290,3424,4.0,974942322
294,3424,2.0,966594989
318,3424,3.5,1422285481
325,3424,5.0,1039397545
387,3424,4.5,1133075435
414,3424,4.0,961517162
462,3424,4.0,1123891733
474,3424,4.0,1058208764
553,3424,5.0,1219555208
567,3424,4.0,1525284084
585,3424,4.5,1307416362
599,3424,4.0,1519118955
603,3424,5.0,953927655
606,3424,4.5,1171327393
610,3424,5.0,1493850523
16,3429,3.5,1377477379
28,3429,3.5,1234338164
57,3429,4.0,965796004
91,3429,5.0,1112716478
161,3429,5.0,1186073278
182,3429,4.5,1063648871
275,3429,5.0,1049076508
356,3429,4.5,1228073165
380,3429,5.0,1493474150
474,3429,3.5,1140626546
477,3429,4.0,1200940478
517,3429,3.5,1487956321
17,3435,3.5,1307262260
57,3435,4.0,965795745
63,3435,4.0,1443200927
216,3435,5.0,975211546
221,3435,4.5,1118246651
275,3435,5.0,1049078197
290,3435,5.0,974937918
309,3435,4.0,1166068355
325,3435,5.0,1039395583
356,3435,5.0,1228072749
367,3435,4.0,997813382
474,3435,4.0,1137520870
552,3435,2.5,1112151383
587,3435,4.0,953137328
590,3435,4.0,1258416498
599,3435,5.0,1519029386
603,3435,5.0,953925309
422,3447,4.0,986173047
474,3447,4.0,1074607306
27,3451,5.0,965149512
113,3451,5.0,980307165
140,3451,4.0,1021898998
177,3451,5.0,1435720892
265,3451,4.0,965317774
322,3451,3.0,1217675147
474,3451,4.5,1100119928
488,3451,5.0,1112382152
587,3451,5.0,953137416
590,3451,4.5,1264194102
606,3451,5.0,1171377657
59,3461,4.0,953608665
177,3461,2.0,1435536531
217,3461,2.0,955941925
325,3461,4.0,1039395609
387,3461,3.0,1094877628
414,3461,3.0,961437472
421,3461,3.5,1311494257
474,3461,4.0,1094562821
503,3461,4.0,1335214748
505,3461,4.0,1298779627
599,3461,2.0,1519175997
600,3461,2.0,1237759594
608,3461,2.0,1117503237
18,3462,4.0,1476393345
21,3462,3.0,1407617682
23,3462,3.0,1107341855
50,3462,3.5,1514239123
59,3462,5.0,953610923
83,3462,3.0,1333843530
89,3462,1.0,1520408276
105,3462,4.5,1446618508
110,3462,3.5,1175330045
122,3462,5.0,1461562327
137,3462,4.0,1204863614
168,3462,4.0,1306801950
182,3462,4.5,1054783919
217,3462,3.0,955943285
231,3462,3.0,1433089523
298,3462,4.0,1449756314
339,3462,4.0,1460182248
420,3462,3.5,1218041896
462,3462,3.5,1123893781
469,3462,4.0,965336955
474,3462,4.5,1089386468
477,3462,4.0,1200940482
484,3462,3.5,1342228672
520,3462,4.0,1326611438
606,3462,4.0,1171501099
70,3468,5.0,1355198425
103,3468,5.0,1431969791
113,3468,4.0,980307140
156,3468,5.0,953534519
166,3468,4.5,1189038731
275,3468,5.0,1049079353
292,3468,3.0,1265680047
307,3468,3.5,1205343214
409,3468,4.0,969059617
410,3468,5.0,990807791
415,3468,4.5,1382470192
422,3468,4.0,986173244
462,3468,5.0,1214003734
474,3468,3.5,1137521002
587,3468,3.0,953137453
590,3468,4.5,1258429181
599,3468,4.5,1498762589
610,3468,5.0,1493850261
188,3469,5.0,962559652
469,3469,4.0,965845925
474,3469,2.5,1124123495
502,3469,5.0,1111757484
520,3469,4.0,1326611720
587,3469,4.0,953137453
474,3475,4.0,1102081377
603,3475,5.0,953926529
4,3481,2.0,964538243
19,3481,2.0,965703200
22,3481,0.5,1268726778
39,3481,5.0,974788538
42,3481,4.0,996212948
45,3481,4.0,959623988
51,3481,5.0,1230929476
63,3481,4.0,1443200596
64,3481,4.0,1161520665
66,3481,4.5,1093747729
68,3481,2.0,1180915929
74,3481,3.5,1207502489
89,3481,3.5,1520408343
91,3481,2.5,1112713700
103,3481,4.5,1440773438
122,3481,4.5,1461562196
132,3481,4.0,1157921445
135,3481,3.0,1009692509
156,3481,4.5,1106855435
161,3481,4.0,1176746443
166,3481,4.0,1188774117
182,3481,4.5,1054783912
185,3481,4.0,1044311619
187,3481,3.5,1161849769
198,3481,4.0,1039796825
200,3481,5.0,1229886433
211,3481,4.0,1350912832
213,3481,4.0,1316197019
216,3481,5.0,975211346
219,3481,3.0,1194686207
221,3481,4.0,1111177918
226,3481,4.0,1097545609
260,3481,4.0,1109408428
274,3481,4.0,1208022938
275,3481,4.0,1049077502
282,3481,4.0,1378497324
285,3481,2.0,1449626093
286,3481,3.0,1119563744
288,3481,3.0,991141864
298,3481,4.0,1447619963
313,3481,3.0,1030557466
322,3481,0.5,1217676760
327,3481,5.0,1234788073
330,3481,3.5,1285905542
352,3481,3.0,1493673601
356,3481,4.0,1229139965
357,3481,3.0,1348610385
370,3481,4.0,1159162618
387,3481,3.5,1094876279
391,3481,4.0,1032388143
414,3481,5.0,961437877
425,3481,3.0,1085476610
450,3481,4.0,974705044
453,3481,3.0,972621475
469,3481,4.0,965425513
474,3481,5.0,974666694
480,3481,5.0,1179162198
483,3481,3.5,1181495203
487,3481,3.5,1428649992
489,3481,3.5,1332773219
490,3481,4.0,1328145199
504,3481,4.5,1072065927
509,3481,3.5,1436101664
510,3481,3.5,1141158951
525,3481,4.0,1476477716
553,3481,4.5,1219565633
560,3481,3.0,1469649835
562,3481,4.0,1368893927
570,3481,3.5,1181475862
580,3481,4.0,1167791351
599,3481,3.0,1498524073
600,3481,3.0,1237851143
603,3481,1.0,963175918
608,3481,4.5,1117502776
610,3481,4.0,1493845036
1,3489,4.0,964981775
4,3489,1.0,986848908
19,3489,2.0,965704331
21,3489,3.5,1419794797
22,3489,5.0,1268726106
27,3489,5.0,965150022
34,3489,3.0,1168811503
45,3489,3.0,959625135
51,3489,5.0,1230929471
57,3489,3.0,965798432
59,3489,2.0,953608610
64,3489,3.0,1161559689
68,3489,4.0,1158534463
104,3489,3.5,1053336440
111,3489,3.5,1516156038
132,3489,2.0,1157978877
135,3489,3.0,1009692784
141,3489,4.0,1513132169
177,3489,5.0,1435534933
200,3489,3.0,1229887746
217,3489,2.0,955935573
226,3489,3.0,1160004655
234,3489,4.0,1004409172
249,3489,4.0,1353800862
274,3489,3.0,1171758871
280,3489,4.0,1348533065
288,3489,2.0,978468441
294,3489,3.0,966634266
307,3489,2.5,1186162590
328,3489,1.5,1494211528
345,3489,4.0,1342826722
354,3489,3.5,1200953457
380,3489,4.0,1494803803
381,3489,4.0,1175821292
387,3489,2.5,1094938840
414,3489,4.0,1034001626
438,3489,3.5,1105671983
448,3489,3.0,1019125583
474,3489,4.0,1046886494
477,3489,3.5,1200941529
483,3489,4.5,1181495743
484,3489,4.0,1342297079
489,3489,4.0,1332704658
517,3489,2.5,1487954385
525,3489,3.5,1476480779
534,3489,4.5,1459787996
560,3489,3.5,1469649276
561,3489,3.0,1491092317
590,3489,3.0,1258416757
599,3489,3.0,1498523261
605,3489,3.5,1277176546
606,3489,3.5,1171365391
608,3489,3.0,1117491716
59,3498,5.0,953608691
113,3498,4.0,980087902
221,3498,4.0,1119984559
288,3498,4.0,980534675
448,3498,4.0,1481397441
474,3498,4.0,1165539939
555,3498,5.0,978744145
580,3498,2.0,1167790554
15,3499,4.0,1510572526
19,3499,3.0,965704904
28,3499,3.0,1242032361
64,3499,4.5,1161559601
66,3499,4.0,1093747495
91,3499,4.0,1112713157
96,3499,2.0,964772610
98,3499,4.5,1532458370
100,3499,2.0,1100186048
115,3499,5.0,957648208
122,3499,4.5,1461562891
146,3499,4.0,1312507689
177,3499,4.0,1435534869
198,3499,4.0,1034207058
250,3499,4.5,1121217987
274,3499,3.5,1173041106
286,3499,4.5,1119562218
288,3499,4.0,976138558
299,3499,5.0,974620418
305,3499,4.0,1460135784
307,3499,3.5,1186162431
312,3499,4.0,1043176038
317,3499,3.0,1430598290
328,3499,5.0,1494210941
359,3499,3.5,1198114431
380,3499,5.0,1494803792
387,3499,3.5,1141547088
414,3499,4.0,962371795
424,3499,3.5,1457846270
469,3499,4.0,965846358
474,3499,3.5,1053021003
480,3499,3.0,1179178960
489,3499,3.5,1385824106
514,3499,4.0,1533872426
527,3499,5.0,1033176358
561,3499,3.0,1491092114
562,3499,4.5,1368892543
571,3499,4.0,966900228
590,3499,3.5,1258419754
599,3499,2.5,1498515336
600,3499,3.5,1237743489
606,3499,4.0,1171757790
607,3499,5.0,963079420
608,3499,3.0,1117162380
42,3502,5.0,996219275
474,3502,2.5,1060106016
599,3502,3.0,1498525440
59,3504,4.0,953608726
87,3504,4.5,1270703073
113,3504,4.0,980087865
137,3504,4.5,1204863814
156,3504,4.0,953534611
187,3504,5.0,1161954752
216,3504,5.0,975212335
221,3504,4.5,1119984014
255,3504,1.0,1005717433
265,3504,3.0,965316238
275,3504,5.0,1049079236
318,3504,4.5,1355525240
387,3504,4.5,1094938843
409,3504,4.0,967920044
410,3504,5.0,990909576
414,3504,4.0,961595392
462,3504,4.0,1130433933
469,3504,4.0,965336888
474,3504,4.0,978575646
479,3504,4.0,1039362880
590,3504,4.0,1258417154
600,3504,2.0,1237762538
57,3507,4.0,969753458
137,3507,4.0,1204859919
156,3507,4.0,953534611
216,3507,5.0,975212727
221,3507,4.0,1118246808
288,3507,3.5,1079984124
294,3507,3.0,966595488
367,3507,4.0,997812005
387,3507,4.0,1094876688
414,3507,5.0,961595806
415,3507,4.0,1382469842
448,3507,4.0,1019123866
469,3507,5.0,965425548
590,3507,3.5,1267421732
606,3507,4.0,1171809671
20,3512,3.0,1054037253
100,3512,4.0,1100184143
108,3512,3.0,1042841603
367,3512,4.0,997813092
414,3512,4.0,974142612
438,3512,3.0,1105665854
474,3512,4.5,1100291586
579,3512,3.0,958880724
19,3515,3.0,965703299
42,3515,4.0,996216735
195,3515,4.0,979470183
327,3515,4.0,1234787476
414,3515,3.0,978449737
421,3515,3.5,1311494468
453,3515,4.0,972621501
474,3515,4.0,1081177398
603,3515,3.0,963180355
19,3526,2.0,965706019
64,3526,4.0,1161566627
66,3526,4.5,1113189969
143,3526,3.0,1444768929
202,3526,4.0,974923720
275,3526,3.0,1049076951
288,3526,3.0,975692602
381,3526,3.0,1167543346
409,3526,5.0,967912821
414,3526,4.0,961595566
448,3526,4.0,1019127569
474,3526,4.0,978575845
479,3526,4.0,1039367699
555,3526,5.0,978820747
561,3526,3.0,1491095203
1,3527,4.0,964982271
42,3527,2.0,996216146
57,3527,3.0,965798716
68,3527,3.5,1158532314
80,3527,4.0,1377308343
95,3527,4.5,1105400926
135,3527,4.0,1009691588
160,3527,4.0,971113802
164,3527,5.0,999708257
182,3527,1.5,1054779963
183,3527,4.0,992331630
186,3527,4.0,1031079628
198,3527,2.0,1034135655
202,3527,4.0,974918657
217,3527,3.0,955935983
230,3527,3.5,1196305101
239,3527,3.0,1221866562
249,3527,4.0,1346847647
265,3527,3.0,965314929
267,3527,4.0,959807517
274,3527,4.5,1171493438
279,3527,5.0,1506394514
288,3527,2.0,1048089669
292,3527,3.5,1265679783
298,3527,3.5,1447584750
303,3527,5.0,1053303217
305,3527,4.0,1460135999
312,3527,3.0,1043176773
313,3527,5.0,1030474825
332,3527,4.0,1352671457
354,3527,4.0,1200870806
368,3527,3.0,975829046
376,3527,4.0,1364933832
380,3527,5.0,1493474135
384,3527,2.0,994038709
387,3527,3.5,1095040790
414,3527,4.0,961514795
425,3527,3.5,1085490777
434,3527,4.0,1271039310
448,3527,1.0,1189358111
452,3527,5.0,1013395256
462,3527,1.0,1154024557
464,3527,2.0,1287398672
469,3527,3.0,965333936
474,3527,2.0,1002757072
477,3527,4.0,1269832587
480,3527,2.5,1179178054
482,3527,4.0,1105396978
483,3527,2.5,1215895483
489,3527,4.0,1332773452
493,3527,4.0,1001562873
510,3527,3.0,1141158941
514,3527,4.0,1533872532
555,3527,5.0,978821380
561,3527,5.0,1491090995
573,3527,5.0,1341798750
580,3527,3.5,1167792670
590,3527,3.5,1258416752
599,3527,4.0,1498498760
608,3527,3.0,1117162141
610,3527,5.0,1479545223
202,3528,4.0,975014215
238,3528,4.0,1007932168
265,3528,3.0,965319301
474,3528,2.0,1007320758
606,3528,4.0,1171405719
19,3536,2.0,965704618
20,3536,1.5,1054037346
45,3536,4.0,959624004
68,3536,4.0,1261624074
100,3536,4.0,1100184302
169,3536,5.0,1059428134
182,3536,3.0,1055154869
199,3536,4.0,979418039
232,3536,3.5,1141776650
249,3536,3.5,1354107104
253,3536,3.5,1286642767
298,3536,2.5,1447598587
367,3536,2.0,997812312
387,3536,2.5,1191214081
414,3536,4.0,972915654
448,3536,4.0,1039177544
453,3536,4.0,972621501
474,3536,4.5,1100119934
500,3536,4.0,1005527644
552,3536,3.5,1112151339
605,3536,3.5,1277094863
113,3546,5.0,980307165
474,3546,4.0,994819424
19,3548,2.0,965706389
217,3548,4.0,955944095
355,3548,4.0,974966389
367,3548,4.0,997811750
474,3548,4.5,1087831518
20,3549,5.0,1054147384
45,3549,4.0,959624349
89,3549,3.5,1520408756
217,3549,3.0,955935313
357,3549,4.5,1348610904
474,3549,5.0,1004131501
517,3549,3.0,1487957231
525,3549,3.5,1476478395
42,3552,4.0,996258468
45,3552,5.0,1020802351
57,3552,4.0,965798049
63,3552,2.0,1443200238
64,3552,3.0,1161559581
66,3552,4.0,1113189978
68,3552,4.0,1158533565
69,3552,5.0,1021644663
103,3552,4.5,1431957993
141,3552,5.0,1513132182
167,3552,4.0,1154721726
169,3552,4.5,1059428321
180,3552,4.0,1270237587
202,3552,4.0,974923922
217,3552,2.0,955935313
219,3552,3.5,1194827084
224,3552,5.0,971812118
226,3552,3.5,1160004311
249,3552,3.0,1431275854
255,3552,5.0,1005717683
267,3552,5.0,959807840
274,3552,4.0,1247504319
275,3552,5.0,1049076989
288,3552,3.0,975692602
292,3552,3.5,1265679741
294,3552,5.0,966595458
298,3552,3.0,1447584530
307,3552,3.5,1186087487
356,3552,5.0,1228072894
381,3552,2.0,1167542659
387,3552,3.5,1094877500
408,3552,5.0,1467454117
410,3552,4.0,990910271
414,3552,4.0,961437472
448,3552,4.5,1323105296
452,3552,5.0,1019585515
462,3552,1.0,1268537010
469,3552,5.0,965425364
474,3552,2.0,1014924296
477,3552,5.0,1200942112
479,3552,4.0,1039367642
480,3552,4.0,1179161072
514,3552,4.0,1533872607
538,3552,4.0,1307845513
555,3552,3.0,978821138
561,3552,4.0,1491094707
572,3552,4.0,954964409
590,3552,4.0,1258422521
599,3552,3.0,1498525640
603,3552,2.0,963176689
608,3552,3.0,1117504814
610,3552,3.0,1493850250
24,3556,2.0,1458941220
28,3556,3.0,1242289161
64,3556,4.0,1161620702
68,3556,3.0,1158535348
113,3556,3.0,980051421
124,3556,4.0,1336584597
129,3556,5.0,1167375426
132,3556,4.0,1157924198
156,3556,4.0,1106882173
177,3556,4.0,1435535345
182,3556,4.5,1054780482
246,3556,3.0,1354124745
260,3556,4.5,1109409227
287,3556,4.0,1110231553
326,3556,4.5,1322250569
357,3556,4.0,1348610949
414,3556,4.0,978619731
474,3556,4.0,1115584884
484,3556,1.5,1342298001
489,3556,3.0,1333231828
504,3556,4.0,1072066341
525,3556,4.5,1476480151
580,3556,5.0,1167673452
599,3556,2.5,1498517289
603,3556,5.0,963175972
606,3556,4.0,1173054405
290,3559,4.0,974938725
420,3559,4.0,1218036938
603,3559,3.0,963176251
244,3566,1.0,975074734
305,3566,3.0,1460304485
414,3566,4.0,974736698
474,3566,4.5,1081177351
500,3566,4.0,1005527614
546,3566,3.0,973588490
599,3566,2.5,1498515749
603,3566,1.0,963175947
1,3578,5.0,964980668
2,3578,4.0,1445714885
7,3578,1.5,1106636534
10,3578,4.0,1455356591
13,3578,5.0,987895902
15,3578,5.0,1510571768
18,3578,4.5,1455209857
19,3578,3.0,965703221
20,3578,4.5,1054037169
21,3578,2.5,1436989941
22,3578,4.0,1268727393
24,3578,4.0,1458941548
25,3578,5.0,1535470497
28,3578,4.0,1234515839
29,3578,5.0,1362016881
41,3578,4.0,1458939542
42,3578,3.0,996212879
45,3578,5.0,1020803425
57,3578,4.0,969754290
62,3578,4.5,1521489618
63,3578,3.0,1443199923
66,3578,3.5,1093747720
68,3578,4.0,1158531236
77,3578,5.0,1535107514
79,3578,2.0,975282111
82,3578,4.5,1084468005
83,3578,5.0,1333170244
86,3578,4.0,1344082855
91,3578,3.5,1112713384
96,3578,4.0,964772750
97,3578,4.0,1043382744
101,3578,4.0,968441029
105,3578,4.0,1446573294
115,3578,5.0,977610136
116,3578,4.5,1337199860
119,3578,5.0,1435944175
129,3578,4.5,1167375964
135,3578,2.0,1009692532
137,3578,3.5,1204859529
139,3578,2.5,1453924097
140,3578,4.0,973265043
141,3578,5.0,1513130008
144,3578,4.0,1137323761
155,3578,4.0,963872698
156,3578,3.5,1106854990
160,3578,5.0,975850290
164,3578,5.0,999708257
166,3578,3.5,1190827473
172,3578,4.0,1291065652
182,3578,3.5,1054782084
186,3578,4.0,1031081566
187,3578,2.0,1161864002
189,3578,4.0,1439465140
195,3578,4.0,974708051
196,3578,5.0,1460954089
198,3578,3.0,1034134690
199,3578,4.0,959638011
200,3578,4.0,1229886217
203,3578,5.0,1390094773
209,3578,4.0,1524607358
211,3578,5.0,1350913253
212,3578,3.0,1490121411
216,3578,4.0,975211383
219,3578,4.5,1194932059
222,3578,4.5,1391350163
226,3578,4.0,1095662436
230,3578,3.0,1196304382
232,3578,5.0,1182908274
239,3578,4.5,1221158588
244,3578,5.0,975074577
247,3578,4.0,1467644139
249,3578,4.0,1346758030
254,3578,4.5,1180446425
260,3578,2.0,1109410315
264,3578,2.0,1136978959
267,3578,5.0,959806987
274,3578,3.5,1171428468
275,3578,4.0,1049077746
279,3578,3.5,1506394425
282,3578,4.0,1378490537
286,3578,3.5,1119563209
287,3578,2.5,1110230361
288,3578,2.0,984416988
292,3578,3.0,1015374873
298,3578,3.5,1447598079
299,3578,5.0,974620300
301,3578,4.5,1211377675
305,3578,5.0,1460135663
307,3578,3.5,1186161400
308,3578,1.0,1421373818
313,3578,5.0,1030556236
317,3578,3.0,1430517172
320,3578,3.5,1284251646
322,3578,4.0,1217676389
326,3578,5.0,1436898450
330,3578,4.0,1285905144
331,3578,4.5,1537157651
332,3578,3.5,1352673019
333,3578,4.0,965671624
334,3578,4.0,1267813495
339,3578,5.0,1460182396
352,3578,4.0,1493673483
354,3578,3.5,1200869975
356,3578,4.0,1229142826
357,3578,4.5,1348610220
362,3578,4.0,1530639770
365,3578,1.5,1488333251
366,3578,4.5,1445546566
368,3578,3.0,972164892
375,3578,5.0,1225314336
380,3578,4.0,1493474154
387,3578,3.0,1095040572
391,3578,1.0,1030825163
393,3578,4.0,1430505865
399,3578,5.0,1167220379
400,3578,4.0,1498870383
408,3578,4.5,1467623223
414,3578,5.0,961436763
417,3578,5.0,1529283845
419,3578,4.0,1321659132
425,3578,4.5,1106483355
427,3578,4.0,1053068873
428,3578,3.0,1111489640
432,3578,4.5,1315244401
434,3578,3.5,1270604400
435,3578,4.5,1366678093
438,3578,5.0,1105650155
448,3578,4.0,1019124292
452,3578,4.0,1013394824
453,3578,5.0,972621826
457,3578,5.0,993610945
460,3578,5.0,1359177644
461,3578,0.5,1505935279
462,3578,2.0,1136822144
464,3578,5.0,1275549257
466,3578,4.0,1439885113
474,3578,3.0,974667165
475,3578,5.0,1498030079
480,3578,4.5,1179161959
483,3578,3.5,1178293197
489,3578,0.5,1332772197
493,3578,3.0,1001562785
494,3578,5.0,1001666641
495,3578,5.0,1458635284
509,3578,3.0,1435993248
517,3578,1.0,1487953195
522,3578,4.0,1301727801
523,3578,5.0,1503126560
525,3578,3.5,1476476000
528,3578,5.0,1391736421
534,3578,4.5,1459787998
548,3578,4.0,1488243584
560,3578,4.0,1469647827
561,3578,5.0,1491091995
562,3578,3.5,1368893983
570,3578,4.0,1181478670
573,3578,3.5,1186589637
580,3578,4.0,1167674171
586,3578,5.0,1529899284
590,3578,4.5,1258416547
591,3578,5.0,970524619
593,3578,5.0,1181007548
594,3578,4.5,1109037101
596,3578,3.0,1535708234
599,3578,3.5,1498501113
601,3578,4.5,1521398192
603,3578,4.0,963175947
606,3578,3.5,1171323835
608,3578,4.0,1117162075
610,3578,5.0,1493844672
19,3608,3.0,965705943
64,3608,5.0,1161566444
160,3608,1.0,971113779
177,3608,2.0,1435535381
218,3608,1.0,1111625050
274,3608,4.0,1253915525
288,3608,3.5,1054569125
290,3608,4.0,974937732
294,3608,1.0,966595559
325,3608,3.0,1039399596
381,3608,1.0,1167543213
387,3608,3.0,1094876982
410,3608,4.0,990909993
414,3608,3.0,961437437
448,3608,1.0,1028111136
457,3608,2.0,993610653
469,3608,3.0,965336316
474,3608,4.0,1087832154
477,3608,4.0,1200939297
510,3608,4.0,1141159186
539,3608,3.0,1332474466
555,3608,4.0,978820906
600,3608,4.0,1237857470
603,3608,4.0,963176666
608,3608,2.0,1117505132
105,3629,4.5,1446621883
110,3629,4.0,1175329983
156,3629,4.0,960646486
182,3629,4.5,1054783933
474,3629,4.0,1093465932
599,3629,3.0,1498800129
606,3629,4.5,1171501148
1,3671,5.0,964981589
19,3671,3.0,965705784
51,3671,5.0,1230929460
57,3671,4.0,965798574
64,3671,3.5,1161528888
68,3671,3.5,1240093377
69,3671,5.0,1021644641
73,3671,4.5,1464282765
76,3671,1.5,1439168774
91,3671,4.5,1112711463
103,3671,4.0,1431957804
104,3671,3.5,1146222433
115,3671,5.0,970838852
122,3671,4.5,1461562679
127,3671,4.0,1263527112
137,3671,4.0,1204859948
167,3671,3.5,1154721946
182,3671,3.0,1055154552
199,3671,4.5,1095331591
203,3671,2.5,1390094505
216,3671,3.0,975212362
219,3671,3.5,1194686234
220,3671,4.5,1230055298
221,3671,4.5,1118246962
226,3671,5.0,1095663341
255,3671,2.0,1005717657
274,3671,4.0,1253914675
288,3671,4.0,976120215
290,3671,4.0,974942658
305,3671,4.0,1516130674
307,3671,4.0,1186086696
313,3671,3.0,1030557819
328,3671,4.5,1494211968
332,3671,3.0,1352672855
335,3671,4.5,1261541376
380,3671,5.0,1493474062
387,3671,4.0,1094876428
408,3671,4.0,1474104933
409,3671,5.0,968979078
410,3671,4.0,990909777
414,3671,4.0,961513349
422,3671,4.0,986172053
428,3671,3.0,1111525261
448,3671,5.0,1019127174
450,3671,4.0,974705930
465,3671,5.0,959895583
469,3671,4.0,965336955
474,3671,2.0,978576200
477,3671,4.5,1200941466
479,3671,5.0,1039362185
480,3671,0.5,1179160897
488,3671,4.0,1112382788
502,3671,5.0,1111757748
514,3671,4.0,1533949090
525,3671,4.0,1476476435
538,3671,4.5,1307845499
555,3671,4.0,980126050
567,3671,4.5,1525283186
590,3671,3.0,1258422316
599,3671,3.5,1498501432
600,3671,4.0,1237713144
610,3671,5.0,1493850253
68,3675,4.0,1180915725
104,3675,3.5,1257078093
113,3675,4.0,980051480
186,3675,4.0,1031079276
414,3675,4.0,961681553
474,3675,4.5,1081177333
517,3675,4.5,1487957505
538,3675,5.0,1307845762
274,3676,4.0,1217201110
288,3676,3.0,976138558
312,3676,4.0,1043176170
380,3676,3.0,1536874018
387,3676,4.0,1094875567
405,3676,5.0,1295910163
462,3676,3.5,1123891086
567,3676,5.0,1525282299
580,3676,2.5,1167790097
606,3676,3.5,1171759142
16,3683,4.0,1377477908
19,3683,3.0,965712238
28,3683,2.5,1234338153
51,3683,5.0,1230930144
160,3683,5.0,971113406
182,3683,4.5,1054780206
195,3683,3.0,974705510
221,3683,4.0,1118246778
244,3683,3.0,975074863
318,3683,4.5,1457474046
387,3683,4.0,1133588528
391,3683,5.0,1032736480
462,3683,5.0,1121922540
469,3683,5.0,965335217
474,3683,3.5,1137521116
590,3683,3.5,1297830428
599,3683,3.0,1498523275
603,3683,5.0,1002403400
610,3683,3.5,1479544378
19,3712,3.0,965706748
414,3712,3.0,961438532
474,3712,2.5,1087832841
465,3723,5.0,959895645
474,3723,4.0,979180620
480,3723,3.5,1179162084
599,3723,3.0,1519234508
606,3723,3.5,1171822078
202,3724,4.0,974924502
368,3724,2.0,971274957
465,3724,4.0,959895599
474,3724,3.5,1201833307
599,3724,3.0,1498521634
50,3730,4.0,1525359104
70,3730,4.5,1355185412
74,3730,4.0,1207500584
168,3730,4.5,1306806629
182,3730,3.5,1054780455
221,3730,4.0,1119983992
265,3730,4.0,965316466
275,3730,5.0,1049078032
290,3730,5.0,974937974
317,3730,3.0,1430517364
387,3730,5.0,1094876005
410,3730,5.0,990729085
415,3730,4.0,1382470210
469,3730,5.0,965661866
474,3730,4.0,983031364
590,3730,4.0,1267421798
599,3730,3.0,1498522059
9,3735,3.0,1044657051
74,3735,4.5,1207501967
103,3735,5.0,1431969685
105,3735,4.0,1448213971
113,3735,4.0,980087838
140,3735,4.0,960561743
182,3735,4.0,1054780412
221,3735,4.5,1119983957
260,3735,2.0,1109410861
290,3735,4.0,974938151
294,3735,4.0,966597412
346,3735,3.0,1125857988
414,3735,4.0,961516639
465,3735,4.0,959895724
474,3735,4.0,1089063215
599,3735,3.0,1519123018
608,3735,3.5,1147544025
1,3793,5.0,964981855
7,3793,3.5,1106635630
13,3793,4.0,987895902
18,3793,4.0,1464994762
19,3793,4.0,965702777
20,3793,3.5,1054037246
21,3793,3.5,1441392970
28,3793,3.5,1234516011
34,3793,5.0,1162048832
39,3793,4.0,974787637
42,3793,2.0,996212879
45,3793,5.0,1007995171
48,3793,3.5,1127128889
62,3793,3.0,1525125407
63,3793,3.5,1443200551
64,3793,3.5,1161520586
68,3793,4.5,1158531375
69,3793,4.0,1021645473
73,3793,5.0,1464267295
82,3793,3.5,1084467455
86,3793,4.0,1344083009
91,3793,4.0,1112713489
95,3793,4.0,1105400868
97,3793,5.0,1043382744
101,3793,4.0,968443749
105,3793,3.5,1446573299
115,3793,5.0,977610040
119,3793,4.0,1435944274
122,3793,4.0,1461561497
129,3793,4.0,1167375944
132,3793,3.5,1157921437
135,3793,4.0,1009692582
139,3793,3.0,1453924104
143,3793,4.5,1444769160
155,3793,4.0,963872534
160,3793,1.0,971114075
164,3793,3.0,999708009
166,3793,3.5,1189037862
167,3793,5.0,1154721538
172,3793,3.5,1291065627
177,3793,4.5,1435524208
182,3793,2.5,1054779940
183,3793,2.0,992331435
184,3793,3.5,1537094351
195,3793,4.0,974708078
200,3793,4.0,1229885786
202,3793,5.0,974918744
216,3793,4.0,975211383
219,3793,3.0,1194931897
220,3793,5.0,1230061577
223,3793,4.0,1226209808
226,3793,3.5,1095662945
230,3793,3.0,1196304324
232,3793,4.0,1076951731
234,3793,4.0,1004408167
239,3793,4.5,1221158206
248,3793,3.5,1534602310
249,3793,4.0,1346841365
259,3793,3.5,1146845383
263,3793,4.0,1090948315
265,3793,5.0,965314660
274,3793,3.0,1171493883
275,3793,2.0,1049077918
287,3793,0.5,1110229966
288,3793,3.5,1054569529
292,3793,3.0,1015374698
298,3793,2.5,1447584925
299,3793,4.0,974620300
303,3793,5.0,1053303204
307,3793,3.5,1242822587
312,3793,3.0,1043176716
313,3793,3.0,1030474778
328,3793,0.5,1494211590
330,3793,4.0,1285905219
331,3793,2.5,1537157688
332,3793,3.5,1352673843
334,3793,3.5,1234630092
344,3793,5.0,1420496860
352,3793,3.0,1493673507
354,3793,4.0,1200870200
356,3793,3.5,1229143154
365,3793,3.5,1488332415
367,3793,5.0,997813682
371,3793,4.0,1407692706
380,3793,5.0,1494613078
381,3793,4.0,1165975387
391,3793,2.0,1032647604
393,3793,5.0,1430505873
414,3793,4.0,963840900
420,3793,4.0,1218207156
426,3793,4.0,1451081719
428,3793,2.0,1111523955
430,3793,4.0,980441934
432,3793,4.0,1316391657
434,3793,4.5,1270604654
438,3793,4.0,1105649537
448,3793,4.0,1019125762
452,3793,4.0,1013394825
453,3793,3.0,972621091
457,3793,3.0,993610371
459,3793,3.5,1520233570
462,3793,4.0,1121921084
466,3793,4.0,1439915235
474,3793,4.5,1081177383
475,3793,5.0,1498030037
477,3793,4.0,1200939934
478,3793,3.5,1121467341
480,3793,4.0,1179163791
483,3793,3.0,1181494884
489,3793,3.5,1333101480
493,3793,3.0,1001562740
509,3793,3.0,1435993251
520,3793,4.0,1326609266
525,3793,3.0,1476480835
534,3793,4.0,1459787998
555,3793,3.0,978744519
560,3793,3.5,1469654085
561,3793,3.5,1491095221
567,3793,2.5,1525288011
570,3793,4.0,1181477729
573,3793,4.5,1186721991
580,3793,4.5,1167674398
586,3793,5.0,1529899951
590,3793,3.0,1258419642
591,3793,4.0,970525255
593,3793,3.0,1181007661
594,3793,4.5,1109037884
596,3793,4.0,1535708282
599,3793,3.5,1498500859
600,3793,3.0,1237742311
607,3793,3.0,964743155
608,3793,4.0,1117161991
610,3793,3.5,1493844700
177,3801,4.0,1435537074
345,3801,4.0,1342829007
469,3801,4.0,965336202
474,3801,4.0,1123505456
57,3811,4.0,965799445
244,3811,5.0,975074928
332,3811,3.5,1352674311
368,3811,3.0,971274649
462,3811,4.0,1123891727
474,3811,4.0,1107444826
477,3811,4.0,1200943659
474,3816,4.0,1132195959
47,3844,4.0,1496206137
68,3844,3.0,1269122850
104,3844,3.5,1377129899
177,3844,4.0,1435536277
265,3844,3.0,965314642
368,3844,3.0,971273801
414,3844,2.0,991144517
474,3844,2.5,1060104337
555,3844,5.0,978744095
290,3849,4.0,974938755
474,3849,4.0,1107444848
462,3859,3.5,1121923436
474,3859,4.0,1165539925
160,3877,2.0,971436871
234,3877,2.0,1004408741
294,3877,2.0,966634385
368,3877,1.0,971274103
414,3877,2.0,968165491
448,3877,3.0,1019125044
474,3877,2.0,1069686562
514,3877,1.0,1536456221
546,3877,5.0,973588747
4,3897,4.0,986934465
13,3897,4.0,987895582
20,3897,4.5,1054036184
36,3897,4.5,1100803381
45,3897,3.0,1020801977
63,3897,2.5,1443200567
64,3897,4.0,1161519677
68,3897,3.5,1198454693
88,3897,4.0,1331421768
91,3897,1.5,1112713595
111,3897,4.0,1516143164
132,3897,3.5,1157922853
156,3897,4.0,1106855377
166,3897,3.5,1190827460
177,3897,3.0,1435524244
182,3897,4.0,1126561652
185,3897,4.0,1044311358
195,3897,5.0,974938295
198,3897,2.0,1034134802
200,3897,4.5,1229877289
216,3897,5.0,974733513
221,3897,4.5,1111177889
226,3897,4.5,1114839811
232,3897,4.0,1283133001
260,3897,3.5,1109410947
261,3897,4.0,1404881541
263,3897,4.5,1090948162
271,3897,3.5,1234302630
274,3897,4.5,1171492047
275,3897,4.0,1049077486
280,3897,5.0,1348531294
281,3897,3.5,1183000490
285,3897,2.0,1451151737
286,3897,3.5,1119563668
288,3897,4.5,1079984377
298,3897,3.5,1447598126
301,3897,3.5,1211377844
307,3897,5.0,1186084768
317,3897,3.0,1430364914
318,3897,4.0,1321190241
324,3897,4.0,974906585
327,3897,4.0,1234788408
331,3897,4.5,1537157751
344,3897,3.0,1420497205
356,3897,5.0,1229139953
357,3897,5.0,1348611871
387,3897,3.5,1094876451
391,3897,4.0,1032388454
414,3897,5.0,970494405
422,3897,4.0,989716206
425,3897,4.5,1085490536
428,3897,3.0,1111623819
438,3897,4.0,1105653949
445,3897,2.0,1454621737
448,3897,4.0,1038594345
453,3897,4.0,972621066
457,3897,4.0,993610536
462,3897,3.0,1123893370
473,3897,5.0,1169351636
474,3897,4.5,1081177270
477,3897,4.0,1200940189
480,3897,5.0,1179160580
484,3897,3.5,1342294808
488,3897,4.5,1112382706
489,3897,4.0,1333023616
503,3897,3.5,1335219550
504,3897,4.0,1072065900
510,3897,3.0,1141158908
514,3897,3.5,1533872643
518,3897,4.5,1056907492
525,3897,4.5,1476476542
553,3897,5.0,1230773582
560,3897,3.0,1469648136
562,3897,4.0,1368894011
570,3897,3.0,1181478229
573,3897,3.5,1187044921
590,3897,3.5,1260995327
591,3897,3.0,972086497
599,3897,3.5,1498501634
600,3897,3.5,1237709721
606,3897,3.5,1172014451
608,3897,4.0,1117162286
610,3897,5.0,1493844879
87,3910,4.0,1270703561
105,3910,4.0,1447538138
160,3910,5.0,974493821
182,3910,5.0,1055157054
187,3910,4.5,1161849712
241,3910,5.0,1447540014
246,3910,2.0,1354126455
259,3910,5.0,1146845820
275,3910,5.0,1049077544
324,3910,4.0,974906585
334,3910,1.5,1354983704
346,3910,3.5,1172693057
390,3910,3.5,1250341427
391,3910,3.0,1032390215
410,3910,5.0,990728275
414,3910,4.0,1012837847
453,3910,4.0,1005965478
474,3910,4.0,1118667168
600,3910,3.5,1237713795
606,3910,4.0,1171362222
4,3911,3.0,986849149
22,3911,4.0,1268726837
28,3911,3.0,1234334923
39,3911,5.0,974788481
45,3911,3.0,1020802073
66,3911,4.0,1093748006
68,3911,4.5,1158532890
73,3911,3.5,1464197118
100,3911,3.5,1100186007
104,3911,3.0,1345204917
122,3911,5.0,1461562690
135,3911,4.0,1009692491
156,3911,3.5,1106882036
169,3911,4.5,1059428269
182,3911,4.0,1054781233
195,3911,4.0,994032774
200,3911,3.5,1229878135
219,3911,4.0,1194687921
221,3911,5.0,1119984372
226,3911,4.0,1098339778
232,3911,3.0,1218168076
260,3911,3.0,1109410839
263,3911,3.5,1090948229
274,3911,3.0,1171758983
275,3911,5.0,1049079366
281,3911,3.5,1183000631
287,3911,4.0,1110231543
307,3911,3.0,1186086281
318,3911,3.5,1346840835
331,3911,5.0,1537158005
335,3911,4.0,1261541364
357,3911,4.5,1348610322
387,3911,3.0,1095311638
398,3911,3.5,1311207281
410,3911,4.0,990728733
414,3911,3.0,991055326
424,3911,3.5,1457844164
426,3911,2.0,1451081803
448,3911,3.0,1040379687
474,3911,4.5,1100119911
480,3911,3.0,1179160824
484,3911,4.0,1342294787
495,3911,5.0,1458636039
504,3911,4.0,1072065932
514,3911,4.0,1533949061
522,3911,2.5,1254101231
525,3911,4.5,1476478610
542,3911,0.5,1163387886
552,3911,4.0,1111473100
599,3911,2.5,1498514875
600,3911,4.5,1237742408
608,3911,3.0,1117491680
610,3911,4.5,1493847010
198,3932,3.0,1034135641
474,3932,4.0,1090595309
20,3948,3.5,1054037203
21,3948,3.5,1421521749
34,3948,3.0,1162050036
41,3948,5.0,1459367646
42,3948,3.0,996213481
62,3948,4.0,1521490259
63,3948,2.5,1443200595
68,3948,4.0,1158532228
77,3948,3.0,1535107573
82,3948,4.0,1084466246
89,3948,4.0,1520408349
91,3948,2.0,1112712411
105,3948,3.5,1446749731
111,3948,1.0,1516143175
129,3948,3.5,1167376580
132,3948,2.0,1157923067
135,3948,4.0,1009692632
140,3948,2.5,1172256087
141,3948,3.0,1513132380
153,3948,1.0,1525549436
160,3948,4.5,1065985297
169,3948,5.0,1059428272
177,3948,4.0,1435524351
182,3948,1.5,1055154835
195,3948,4.0,974708051
199,3948,2.0,1261364679
200,3948,4.5,1229886373
220,3948,4.5,1230061575
222,3948,4.0,1391352784
224,3948,5.0,971813062
226,3948,4.0,1203892232
230,3948,4.5,1196304787
232,3948,4.0,1141776652
233,3948,2.5,1529751932
274,3948,3.5,1171944118
275,3948,3.0,1049077716
280,3948,4.5,1348532538
287,3948,2.0,1110231136
288,3948,3.5,1054569081
292,3948,2.0,1219625173
298,3948,2.5,1447619958
301,3948,3.5,1211378441
307,3948,3.0,1186161911
318,3948,2.5,1342468649
324,3948,4.0,974906585
328,3948,2.5,1494211525
330,3948,4.0,1285905563
331,3948,3.0,1537157761
336,3948,5.0,1120568193
344,3948,2.5,1420496725
361,3948,3.5,1204045948
365,3948,3.0,1488332471
367,3948,3.0,997813760
380,3948,3.0,1493423339
381,3948,3.0,1167542125
410,3948,5.0,990728419
413,3948,4.5,1484439512
414,3948,3.0,984495660
422,3948,2.0,989716081
424,3948,4.5,1457846475
425,3948,3.5,1085490893
431,3948,3.0,1267051796
434,3948,3.5,1270606831
438,3948,4.0,1105649863
448,3948,4.0,1024902820
450,3948,4.0,974704704
453,3948,4.0,972621091
474,3948,3.5,1092012095
480,3948,2.0,1179164210
482,3948,4.0,1105396436
483,3948,3.5,1415579145
484,3948,4.0,1342296164
491,3948,4.0,1526673115
495,3948,4.0,1458635890
517,3948,2.0,1487957284
519,3948,4.0,1518478599
520,3948,4.0,1326609697
525,3948,2.0,1476479462
534,3948,5.0,1459787999
542,3948,4.0,1163387336
551,3948,3.0,1504925723
552,3948,3.5,1112151341
560,3948,3.0,1469648811
561,3948,2.5,1491094330
564,3948,4.0,1478453930
573,3948,4.0,1186590130
590,3948,2.5,1258421200
594,3948,4.5,1111976850
599,3948,2.5,1498513984
608,3948,4.0,1117162040
610,3948,4.0,1493847002
3,3949,0.5,1306464245
15,3949,4.0,1510572144
16,3949,4.0,1377477886
17,3949,4.5,1322629083
18,3949,4.5,1455529881
22,3949,0.5,1268726317
23,3949,5.0,1107162656
28,3949,2.0,1234338572
41,3949,4.0,1458933711
47,3949,1.0,1496205424
50,3949,3.0,1514238231
51,3949,5.0,1230932031
61,3949,4.5,1145532607
62,3949,4.5,1521488888
63,3949,5.0,1443199859
64,3949,4.0,1161529479
68,3949,3.0,1240093393
74,3949,5.0,1207501199
91,3949,3.0,1112711500
103,3949,5.0,1431957513
105,3949,4.5,1446573676
110,3949,4.0,1175330135
111,3949,3.0,1516143165
122,3949,5.0,1461561463
124,3949,5.0,1336413175
125,3949,2.5,1474459811
131,3949,2.5,1349840556
132,3949,4.0,1157920746
153,3949,4.0,1525548489
159,3949,0.5,1508641203
166,3949,4.0,1188921662
182,3949,4.0,1054780305
185,3949,5.0,1044311310
187,3949,5.0,1161849364
198,3949,4.0,1039796697
204,3949,5.0,1327183487
212,3949,3.5,1490115067
219,3949,4.0,1194932359
232,3949,4.5,1214863011
233,3949,4.5,1529334158
246,3949,2.0,1354146010
247,3949,3.0,1467646492
254,3949,5.0,1180563891
256,3949,4.0,1446580240
261,3949,5.0,1404881438
274,3949,4.5,1171409062
282,3949,4.5,1378491761
287,3949,5.0,1110230113
298,3949,2.5,1447619965
305,3949,5.0,1460135782
307,3949,4.0,1187192136
317,3949,4.0,1430361489
324,3949,3.0,974906640
326,3949,4.5,1436898368
328,3949,3.0,1494210452
330,3949,4.5,1285904494
339,3949,3.5,1460182438
344,3949,0.5,1420495413
346,3949,3.0,1125857412
351,3949,5.0,1325980090
354,3949,4.0,1200952921
356,3949,5.0,1228073019
366,3949,4.0,1445546553
369,3949,3.0,1237082020
378,3949,3.5,1445347508
381,3949,5.0,1164842788
387,3949,4.0,1094875247
391,3949,5.0,1032387063
400,3949,5.0,1498870465
405,3949,4.0,1298430657
414,3949,4.0,981554046
417,3949,4.5,1529283649
421,3949,4.5,1311494997
424,3949,3.5,1457845974
432,3949,5.0,1315242940
448,3949,4.0,1296299329
450,3949,4.0,974704663
454,3949,4.0,1279547168
474,3949,4.0,1087831561
480,3949,3.5,1179163200
484,3949,5.0,1342228927
489,3949,3.5,1332773402
495,3949,4.0,1458635499
522,3949,3.0,1253344086
523,3949,4.5,1503126107
525,3949,4.0,1476478055
542,3949,4.0,1163388025
553,3949,5.0,1230775318
560,3949,4.0,1469652480
562,3949,5.0,1368894021
580,3949,3.5,1167791078
581,3949,4.5,1447007173
599,3949,5.0,1498457191
600,3949,3.5,1237759182
608,3949,5.0,1117336695
610,3949,3.5,1493844890
414,3951,5.0,997453431
4,3967,4.0,986849164
12,3967,4.5,1247263471
20,3967,4.5,1054037160
28,3967,4.0,1236319976
83,3967,4.0,1333842491
105,3967,4.0,1446573475
132,3967,3.0,1157979038
140,3967,3.5,1079472536
169,3967,5.0,1079310696
182,3967,4.5,1055157350
198,3967,4.0,1034137045
212,3967,3.5,1490115182
263,3967,4.0,1090948179
275,3967,4.0,1049077518
298,3967,2.0,1449592114
307,3967,3.0,1186086537
318,3967,4.0,1263849804
339,3967,3.5,1460868541
352,3967,4.0,1493673752
390,3967,3.5,1250338954
391,3967,1.0,1032389568
414,3967,4.0,978708313
448,3967,4.0,1041504329
453,3967,5.0,1005965865
474,3967,4.0,1047054286
480,3967,3.0,1179178975
483,3967,4.0,1415576149
509,3967,4.0,1436027648
517,3967,4.5,1487953674
525,3967,3.5,1476479910
526,3967,5.0,1502132302
552,3967,3.5,1111473112
560,3967,3.5,1469654168
563,3967,4.0,1439933766
596,3967,4.0,1535834067
606,3967,4.5,1171760486
610,3967,4.5,1493845131
140,3983,3.0,1004035971
195,3983,4.0,987397486
221,3983,5.0,1118246873
275,3983,5.0,1049077440
410,3983,5.0,990909893
414,3983,5.0,998322817
462,3983,3.0,1121928348
474,3983,4.5,1100291597
603,3983,3.0,980732147
20,3988,3.5,1054037831
21,3988,1.0,1418063141
68,3988,3.0,1158534823
103,3988,3.5,1431969057
105,3988,4.0,1446573616
111,3988,3.5,1516141094
141,3988,2.0,1513132273
169,3988,5.0,1059494725
177,3988,3.5,1435526145
186,3988,4.0,1031081582
211,3988,3.5,1350912064
226,3988,4.0,1095662411
232,3988,2.5,1182910444
249,3988,3.5,1354107307
254,3988,3.0,1180445821
280,3988,3.0,1348433918
292,3988,3.0,1015374897
341,3988,3.0,1487285132
380,3988,3.5,1494613121
381,3988,2.0,1167543281
473,3988,2.0,1169351201
474,3988,1.0,1013367485
480,3988,2.5,1179166052
484,3988,4.0,1342297965
509,3988,3.0,1435993657
517,3988,3.0,1487955838
525,3988,3.0,1476479613
583,3988,4.0,1481474513
590,3988,2.5,1258423185
600,3988,2.5,1237764602
605,3988,3.0,1277176175
608,3988,3.5,1117415434
610,3988,2.5,1479544727
7,3994,3.0,1161738301
15,3994,3.0,1510571677
18,3994,2.5,1455231481
20,3994,2.5,1054037305
28,3994,3.0,1242290656
51,3994,5.0,1230929449
62,3994,4.5,1521822029
64,3994,4.0,1161520726
68,3994,3.5,1180915874
69,3994,4.0,1021645473
91,3994,2.0,1112716622
95,3994,3.0,1105400981
135,3994,5.0,1009692652
139,3994,2.5,1453924216
160,3994,4.0,1065992076
182,3994,1.5,1066639687
195,3994,5.0,975578555
216,3994,5.0,975598752
220,3994,3.5,1230061848
226,3994,3.5,1095663174
232,3994,3.5,1218169310
239,3994,4.5,1221158743
249,3994,4.0,1353801397
267,3994,3.0,979230693
274,3994,3.5,1171172393
275,3994,2.0,1049077777
286,3994,4.5,1119562355
288,3994,4.5,1054568271
292,3994,2.0,1039914864
298,3994,1.0,1449592039
305,3994,3.0,1534613248
312,3994,4.0,1043176716
313,3994,5.0,1030474839
318,3994,4.0,1270753112
325,3994,4.0,1039398793
332,3994,3.0,1352673822
354,3994,3.0,1200870697
356,3994,4.0,1229143431
367,3994,4.0,997813060
380,3994,4.0,1494613090
381,3994,3.5,1167541731
384,3994,4.0,996440744
387,3994,3.0,1183352841
391,3994,1.0,1030826998
414,3994,4.0,993651935
425,3994,3.0,1085490940
428,3994,3.5,1111489318
434,3994,4.0,1270606811
438,3994,4.5,1105650270
448,3994,2.0,1025507603
464,3994,4.0,1325594503
474,3994,4.5,1053021115
477,3994,5.0,1200941427
480,3994,4.5,1179164213
483,3994,4.5,1307314284
489,3994,1.0,1332773300
509,3994,3.5,1435993356
520,3994,3.5,1326609847
522,3994,3.5,1325711238
552,3994,3.5,1112151343
560,3994,4.0,1469648804
561,3994,4.0,1491094393
567,3994,4.0,1525285491
570,3994,3.5,1181554638
580,3994,4.5,1212343014
590,3994,2.5,1258421445
596,3994,3.5,1535709893
599,3994,2.5,1498518248
600,3994,2.0,1237742403
603,3994,1.0,980732199
607,3994,3.0,997847202
608,3994,4.5,1117336788
610,3994,4.5,1493845907
4,3996,4.0,986849130
13,3996,5.0,987895902
20,3996,3.5,1054037208
22,3996,4.5,1268726758
23,3996,3.5,1107163815
28,3996,2.5,1234515852
34,3996,5.0,1162049140
41,3996,3.5,1459367473
45,3996,5.0,1007484009
52,3996,4.5,1468051567
63,3996,4.0,1443199984
64,3996,4.5,1161520000
68,3996,3.0,1158531055
74,3996,5.0,1207501404
77,3996,5.0,1535107543
86,3996,3.5,1344083059
91,3996,4.5,1112712954
97,3996,5.0,1043382744
105,3996,4.0,1446573308
116,3996,2.5,1337199976
129,3996,4.0,1167376110
132,3996,4.0,1157921278
135,3996,5.0,1009693267
137,3996,3.0,1204859320
138,3996,5.0,1222676455
139,3996,2.0,1453924123
144,3996,4.5,1136812322
156,3996,3.5,1106855126
160,3996,5.0,990188238
164,3996,4.0,999708085
165,3996,4.0,1046741833
178,3996,4.0,1164355024
182,3996,4.5,1054780798
187,3996,3.0,1161850238
195,3996,5.0,978075707
198,3996,3.0,1034137010
216,3996,4.0,982169907
219,3996,4.0,1194686169
220,3996,4.5,1230060063
221,3996,4.5,1111177367
230,3996,2.5,1196304302
232,3996,3.0,1182910663
239,3996,2.5,1221148044
246,3996,4.5,1354124591
254,3996,4.0,1180446359
257,3996,4.5,1141624999
259,3996,0.5,1146845363
263,3996,4.5,1120071538
267,3996,5.0,979230693
275,3996,4.0,1049079265
298,3996,3.0,1447598098
301,3996,4.0,1211377586
305,3996,4.0,1518198622
309,3996,4.0,1126452282
310,3996,4.0,1078648299
311,3996,3.0,1057854319
313,3996,1.0,1030476364
330,3996,4.5,1285905232
332,3996,4.5,1352672711
334,3996,3.5,1234630105
339,3996,3.0,1460185156
344,3996,3.0,1420496122
354,3996,4.0,1200870204
356,3996,3.5,1232430107
365,3996,1.0,1488333530
375,3996,4.5,1225314333
380,3996,3.0,1494613080
381,3996,3.0,1165975841
384,3996,5.0,994037848
387,3996,4.5,1094849158
391,3996,5.0,1032387630
393,3996,3.5,1430505876
399,3996,3.5,1167220373
408,3996,3.5,1467454816
414,3996,5.0,979226507
425,3996,3.0,1085490356
426,3996,4.0,1451081714
428,3996,4.0,1111525811
434,3996,4.5,1270604900
438,3996,5.0,1105650020
448,3996,3.0,1026118147
449,3996,3.5,1053198925
452,3996,5.0,1019580646
453,3996,5.0,1005965720
459,3996,5.0,1520233574
462,3996,3.5,1123890969
474,3996,4.0,1116853568
480,3996,4.0,1179161317
483,3996,4.5,1181494870
488,3996,4.5,1112382162
489,3996,4.0,1332772508
493,3996,5.0,1001562662
509,3996,3.5,1435993256
517,3996,0.5,1487953490
520,3996,3.5,1326609299
525,3996,4.5,1476476512
560,3996,4.0,1469650005
561,3996,3.5,1491094981
573,3996,0.5,1187044844
580,3996,4.5,1167789997
590,3996,3.5,1258420748
593,3996,4.5,1181007440
596,3996,4.0,1535708322
599,3996,4.0,1498498674
600,3996,2.0,1237759090
603,3996,5.0,980732147
606,3996,4.0,1171409505
607,3996,2.0,997847173
608,3996,4.0,1147794835
610,3996,5.0,1493844825
18,4007,4.0,1504731757
42,4007,5.0,996258563
91,4007,3.5,1112716630
113,4007,4.0,980051421
182,4007,4.0,1057526405
216,4007,2.0,975598722
249,4007,4.5,1410001954
282,4007,4.5,1378498025
305,4007,4.0,1460227635
318,4007,3.5,1518712915
339,4007,4.5,1461877735
368,4007,3.0,975805443
387,4007,3.5,1140338660
414,4007,4.0,991144487
474,4007,4.0,1119364260
514,4007,4.0,1533948901
552,4007,3.0,1112151318
555,4007,3.0,978821138
599,4007,3.0,1498524502
606,4007,4.0,1171407480
414,4012,3.0,991144975
474,4012,2.0,1046887657
555,4012,3.0,978822601
599,4012,2.0,1498510275
68,4015,2.0,1158535827
82,4015,4.5,1084466683
89,4015,2.0,1520408520
95,4015,2.0,1043339957
105,4015,3.5,1446749935
111,4015,3.5,1516141153
119,4015,4.0,1435944618
139,4015,1.5,1453924658
182,4015,1.5,1127221081
200,4015,4.0,1229888787
226,4015,1.0,1096421014
232,4015,3.0,1182909891
249,4015,3.0,1355366479
274,4015,2.0,1177013216
298,4015,2.0,1447598464
327,4015,5.0,1234789377
387,4015,3.5,1117431026
414,4015,3.0,994167480
438,4015,1.5,1105654359
448,4015,2.0,1036086140
452,4015,5.0,1013395549
453,4015,5.0,1005966276
480,4015,1.5,1179165942
483,4015,4.0,1215897603
484,4015,4.5,1342298149
495,4015,1.5,1458636838
525,4015,2.0,1476479665
560,4015,3.0,1469649303
590,4015,1.5,1258417119
596,4015,2.0,1535836091
599,4015,2.0,1498510508
607,4015,1.0,997847387
608,4015,2.5,1117408574
20,4019,4.0,1054037081
28,4019,3.0,1242288498
53,4019,5.0,1237748087
68,4019,4.0,1180915656
103,4019,5.0,1431968894
140,4019,3.0,997958529
182,4019,3.0,1055157546
195,4019,4.0,978994367
198,4019,4.0,1039796797
200,4019,4.5,1229888045
215,4019,4.5,1260905562
222,4019,4.0,1391346680
232,4019,3.5,1217540864
288,4019,3.0,1014821608
367,4019,5.0,997813021
381,4019,4.0,1200824420
410,4019,2.0,990728301
414,4019,4.0,979568865
425,4019,4.0,1085492502
438,4019,4.0,1105650133
453,4019,3.0,1005965902
474,4019,4.0,994819034
480,4019,2.5,1179163640
552,4019,4.0,1112151321
562,4019,3.5,1368897215
599,4019,2.0,1519177641
606,4019,4.0,1173570224
608,4019,3.5,1117408552
108,4024,1.0,1042841603
474,4024,2.5,1053021767
603,4024,3.0,980732147
20,4025,3.5,1054147190
36,4025,2.0,1100803619
64,4025,2.5,1161528918
68,4025,4.0,1158533207
73,4025,2.0,1464197132
82,4025,3.5,1084467136
97,4025,3.0,1047481289
105,4025,3.0,1446573412
111,4025,3.5,1516143239
129,4025,3.0,1167377804
139,4025,2.0,1453924314
140,4025,4.0,980422416
141,4025,2.5,1513132395
169,4025,4.0,1059494295
177,4025,3.5,1435526035
182,4025,2.5,1054782430
200,4025,5.0,1229887361
216,4025,2.0,982169965
219,4025,0.5,1194827079
226,4025,2.0,1114838884
232,4025,3.0,1218167866
249,4025,3.0,1355366751
256,4025,3.5,1446580304
274,4025,2.5,1177013066
280,4025,3.5,1348532972
282,4025,3.0,1514069437
292,4025,3.0,1019516728
307,4025,1.5,1186162501
313,4025,2.0,1030556462
316,4025,3.0,1111493550
341,4025,4.5,1439751021
346,4025,1.0,1125858314
352,4025,3.0,1493673676
367,4025,5.0,997813797
380,4025,3.0,1494613108
381,4025,4.0,1167542305
426,4025,3.5,1451081815
428,4025,2.0,1111525242
438,4025,3.5,1105654304
448,4025,2.0,1056199601
452,4025,5.0,1019580899
453,4025,4.0,1005966187
474,4025,2.0,1047054986
480,4025,2.5,1179165342
483,4025,3.0,1415576118
484,4025,3.0,1342296799
489,4025,3.0,1332774369
491,4025,4.0,1531249169
495,4025,3.5,1458636297
504,4025,3.5,1072066106
509,4025,3.5,1435992855
519,4025,5.0,1518478829
520,4025,3.5,1326610911
525,4025,4.0,1476478793
542,4025,3.0,1163387930
552,4025,1.0,1112151327
560,4025,2.5,1469649317
563,4025,4.0,1441845937
590,4025,2.5,1258422505
594,4025,5.0,1112163105
596,4025,3.5,1535833821
600,4025,2.0,1237759159
608,4025,2.5,1117408557
610,4025,2.5,1493845911
4,4027,3.0,986849201
20,4027,4.0,1054036290
22,4027,2.5,1268726799
23,4027,3.0,1107341758
24,4027,4.0,1458941850
28,4027,3.5,1242031777
41,4027,4.0,1459368579
42,4027,4.0,996216092
63,4027,1.0,1443200564
64,4027,4.0,1161520105
66,4027,4.0,1093747676
68,4027,2.0,1158531902
69,4027,5.0,1021647538
91,4027,4.0,1112713755
103,4027,5.0,1431957315
105,4027,0.5,1447537867
108,4027,5.0,1042841504
122,4027,5.0,1461561613
132,4027,1.5,1157921363
135,4027,3.0,1009692509
139,4027,3.0,1453924163
140,4027,2.0,1012506124
141,4027,4.5,1513130268
144,4027,3.5,1137324200
156,4027,4.0,1106855548
166,4027,4.5,1190828513
177,4027,3.0,1435524236
182,4027,4.5,1054781030
186,4027,4.0,1031087825
187,4027,4.0,1161850282
195,4027,3.0,997734099
199,4027,4.0,1060289141
200,4027,4.0,1229886106
212,4027,3.5,1523216490
220,4027,5.0,1230060173
221,4027,4.0,1119984450
226,4027,4.0,1095663093
232,4027,3.5,1078875768
233,4027,3.5,1448816506
260,4027,4.0,1109409195
263,4027,4.0,1090948218
274,4027,4.0,1171756133
279,4027,5.0,1506394368
282,4027,4.0,1378495527
287,4027,4.0,1110231526
288,4027,5.0,1034954860
298,4027,3.5,1447598117
316,4027,3.0,1111493401
318,4027,4.5,1413054527
322,4027,3.5,1217677259
328,4027,5.0,1494211889
334,4027,4.0,1229960271
354,4027,3.5,1200870386
356,4027,4.0,1229139935
357,4027,5.0,1348610227
365,4027,3.0,1488333553
381,4027,4.0,1165975463
387,4027,4.0,1094876148
391,4027,3.0,1032388212
393,4027,4.0,1430507440
410,4027,5.0,990910025
414,4027,5.0,992878899
415,4027,4.0,1382470335
425,4027,4.0,1085490730
426,4027,2.0,1451081142
430,4027,5.0,982793798
445,4027,3.0,1454621730
448,4027,2.0,1034700847
449,4027,3.5,1053200221
452,4027,5.0,1013395837
453,4027,5.0,1005965478
462,4027,2.5,1123893621
474,4027,4.0,1137520956
480,4027,4.5,1179163503
487,4027,3.0,1428649967
488,4027,5.0,1112382314
489,4027,2.5,1333101702
504,4027,4.0,1072065938
516,4027,4.0,994625059
517,4027,3.0,1488397756
520,4027,5.0,1326609554
522,4027,4.0,1254120419
526,4027,5.0,1502132876
560,4027,4.5,1469650015
561,4027,4.0,1491094633
580,4027,4.5,1167791356
590,4027,4.0,1258421033
596,4027,3.5,1535708710
599,4027,3.5,1498501454
600,4027,4.0,1237850787
603,4027,3.0,980732147
606,4027,4.5,1171362762
608,4027,4.5,1147794901
610,4027,4.5,1479544343
4,4029,3.0,986849226
20,4029,4.0,1054037969
156,4029,4.5,1106882162
182,4029,4.5,1057526385
195,4029,4.0,1011849697
221,4029,4.0,1111177886
387,4029,3.0,1151743179
414,4029,5.0,993482948
453,4029,4.0,1005965926
474,4029,4.5,1100291592
599,4029,3.0,1498524417
603,4029,3.0,980732199
4,4034,5.0,986848753
22,4034,4.5,1268726741
28,4034,3.0,1236313568
41,4034,3.5,1459367560
42,4034,5.0,996213431
45,4034,4.0,1021412336
51,4034,5.0,1230929425
64,4034,4.0,1161519740
68,4034,3.5,1158531340
74,4034,3.5,1207501269
91,4034,4.0,1112713811
132,4034,2.0,1157921729
140,4034,4.0,997958210
160,4034,5.0,985383250
182,4034,3.5,1057526304
185,4034,5.0,1044311310
187,4034,3.0,1180734787
195,4034,5.0,979248837
198,4034,5.0,1034134297
199,4034,4.0,1024862818
200,4034,3.0,1229885960
216,4034,5.0,982169907
221,4034,4.5,1111177882
230,4034,1.0,1196304469
254,4034,4.0,1180564578
260,4034,4.0,1109410886
263,4034,4.0,1090948181
274,4034,4.0,1235686138
275,4034,5.0,1049077392
282,4034,3.5,1514068298
286,4034,4.0,1119561910
287,4034,3.5,1110229899
301,4034,4.0,1211377627
305,4034,4.5,1516462785
317,4034,5.0,1430598391
318,4034,3.5,1254132957
325,4034,4.0,1039398396
330,4034,4.0,1285905471
331,4034,3.0,1537157817
332,4034,3.5,1352672466
344,4034,2.0,1420497229
352,4034,4.5,1493673584
356,4034,4.0,1232430556
357,4034,3.5,1348610130
359,4034,4.0,1198113022
369,4034,3.5,1237082016
384,4034,4.0,994038152
387,4034,3.0,1094876171
391,4034,2.0,1030825954
414,4034,4.0,986219241
425,4034,4.0,1085490756
430,4034,5.0,994561753
434,4034,4.5,1270604860
448,4034,3.0,1019137522
449,4034,3.5,1053200182
453,4034,5.0,1005965432
474,4034,4.5,1081177376
480,4034,3.5,1179163426
484,4034,4.5,1342294962
495,4034,2.5,1458635517
502,4034,4.5,1111757256
504,4034,4.5,1072066241
553,4034,5.0,1219565145
562,4034,4.5,1368895142
580,4034,4.0,1167791310
593,4034,3.5,1181007701
599,4034,2.0,1498511276
603,4034,4.0,980732147
608,4034,4.5,1189471092
610,4034,3.5,1493845019
474,4046,4.0,1122323382
410,4077,5.0,990728072
474,4077,4.0,1046809354
63,4105,3.0,1443200241
64,4105,3.0,1161566128
91,4105,4.0,1112711645
187,4105,4.5,1161850051
274,4105,4.0,1172008140
305,4105,4.0,1524897911
307,4105,3.5,1198680570
312,4105,5.0,1043175542
313,4105,4.0,1030476004
380,4105,5.0,1494804209
387,4105,3.5,1132995313
414,4105,3.0,1025108900
462,4105,4.5,1138343571
474,4105,2.0,983031759
480,4105,2.5,1179161674
505,4105,4.5,1298780084
533,4105,5.0,1424754102
561,4105,3.5,1491092177
573,4105,4.0,1186589353
599,4105,3.0,1498523489
608,4105,3.5,1117408565
610,4105,5.0,1479542650
474,4113,4.0,983031744
599,4113,2.0,1519135559
312,4117,4.0,1043177108
325,4117,4.0,1039398807
414,4117,5.0,991144129
414,4138,1.0,991144975
474,4138,1.0,1046984744
4,4144,3.0,986848685
64,4144,4.5,1161530820
108,4144,4.0,1042841603
246,4144,5.0,1354125280
296,4144,5.0,1532994130
391,4144,5.0,1030945120
405,4144,4.5,1304537443
414,4144,4.0,1050107552
474,4144,3.0,1063468746
490,4144,4.5,1334940336
560,4144,4.0,1469654607
567,4144,4.5,1525283516
606,4144,4.5,1171410660
610,4144,3.5,1493849433
182,4160,4.0,1069633978
410,4160,5.0,990728072
453,4160,3.0,1005965926
474,4160,4.5,1110551272
474,4164,4.0,1002757130
558,4164,3.0,1035415962
4,4166,3.0,986848700
474,4166,2.0,1046809310
474,4171,4.0,1106575103
198,4174,3.0,1034136139
474,4184,4.0,1124306259
474,4189,2.5,1082256503
422,4190,4.0,986172401
474,4190,4.0,1137520911
387,4191,4.0,1127020134
390,4191,2.5,1250338242
474,4191,4.0,1098710072
496,4191,2.5,1415166210
474,4204,1.0,988580411
313,4210,4.0,1030476305
387,4210,3.5,1117437938
414,4210,3.0,986219426
474,4210,3.5,1059492623
532,4210,5.0,1025523872
562,4210,4.5,1368893335
28,4211,2.0,1235976182
74,4211,4.0,1207501928
275,4211,4.0,1049078597
387,4211,4.0,1095121386
462,4211,4.5,1293373679
474,4211,4.0,1100526654
91,4214,2.0,1112716990
226,4214,4.0,1096422021
274,4214,3.5,1171785624
275,4214,3.0,1049077115
281,4214,3.0,1183000240
369,4214,3.0,1237081631
410,4214,4.0,990910502
414,4214,3.0,986219364
474,4214,2.0,988580397
477,4214,4.0,1200944755
531,4214,2.0,1032961647
599,4214,2.5,1498514758
608,4214,1.5,1117506942
474,4218,3.5,1165540071
414,4221,3.0,986219470
448,4221,3.0,1019128072
474,4221,2.0,988579966
590,4221,2.5,1267237382
7,4223,2.0,1106635742
28,4223,4.0,1242032494
29,4223,4.0,1405816293
62,4223,4.5,1525125789
63,4223,3.5,1443200695
64,4223,3.5,1161559740
68,4223,2.5,1158534565
80,4223,4.0,1377308627
105,4223,4.0,1446573494
139,4223,4.0,1453924461
140,4223,5.0,985367644
160,4223,3.0,987187306
182,4223,2.0,1054782670
195,4223,3.0,987297165
199,4223,4.0,1022595594
239,4223,5.0,1221159571
274,4223,4.0,1173041125
275,4223,4.0,1049077716
279,4223,2.5,1506395441
298,4223,2.5,1447598312
305,4223,5.0,1494163583
328,4223,2.5,1494211126
331,4223,4.0,1537158152
334,4223,2.5,1225477313
339,4223,4.5,1460183602
414,4223,4.0,999873731
421,4223,4.0,1311494085
428,4223,3.0,1111623489
432,4223,4.5,1328050311
434,4223,1.5,1270602479
438,4223,3.5,1105650167
453,4223,4.0,1005965973
463,4223,4.0,1145460361
474,4223,2.0,1047054913
480,4223,3.0,1179161633
483,4223,4.0,1215896640
561,4223,3.5,1491092415
599,4223,2.5,1498514137
603,4223,3.0,1000194420
608,4223,4.5,1147794842
4,4226,2.0,1007569424
15,4226,1.5,1510571774
16,4226,4.5,1377476925
17,4226,4.0,1305696762
18,4226,4.5,1455231390
20,4226,3.5,1054037196
22,4226,3.0,1268726490
23,4226,4.5,1107163706
28,4226,3.5,1234337963
34,4226,4.5,1162049184
41,4226,4.0,1458942816
50,4226,3.0,1514241617
61,4226,4.5,1145532579
63,4226,3.5,1443200550
64,4226,4.5,1161520122
65,4226,4.0,1494767113
66,4226,5.0,1093747316
68,4226,4.0,1158531458
73,4226,4.0,1464267291
74,4226,4.0,1207500729
76,4226,4.5,1439168156
77,4226,2.5,1535107521
80,4226,5.0,1377308099
83,4226,4.5,1332839882
86,4226,4.5,1344082569
88,4226,4.0,1331421887
91,4226,4.5,1112712170
98,4226,4.0,1532457943
103,4226,5.0,1431954594
104,4226,4.0,1301182957
105,4226,3.5,1446573297
111,4226,3.5,1516153842
123,4226,4.5,1447291885
124,4226,4.5,1336413304
125,4226,4.0,1474413424
127,4226,2.0,1263527337
129,4226,3.0,1167375933
131,4226,4.0,1349840254
132,4226,4.0,1157920977
135,4226,5.0,1009692470
140,4226,3.0,1020883962
141,4226,3.0,1513130197
144,4226,5.0,1136812631
153,4226,4.0,1525548571
156,4226,4.5,1106855486
166,4226,5.0,1188774408
178,4226,4.5,1163673959
182,4226,4.5,1054780286
184,4226,5.0,1537094440
185,4226,5.0,1044311318
187,4226,4.0,1161849528
198,4226,4.0,1034134565
199,4226,4.0,1025918767
200,4226,4.0,1229886695
204,4226,4.5,1327183205
211,4226,4.5,1350912257
215,4226,4.0,1260908721
219,4226,5.0,1194685887
220,4226,5.0,1230054980
223,4226,4.0,1226209656
232,4226,5.0,1194560461
234,4226,4.0,1004407486
246,4226,5.0,1353869474
247,4226,4.5,1467644250
249,4226,5.0,1437146248
254,4226,4.5,1180446520
260,4226,4.0,1109410498
263,4226,5.0,1026158632
274,4226,4.5,1171408958
275,4226,5.0,1049077392
279,4226,3.0,1506394550
282,4226,4.5,1378490025
286,4226,4.5,1119561938
288,4226,4.5,1054568289
295,4226,4.5,1320064979
298,4226,3.0,1447598089
301,4226,4.0,1211377352
305,4226,3.5,1460135170
307,4226,4.0,1211305247
308,4226,1.0,1421374252
313,4226,4.0,1030556047
318,4226,4.0,1347180239
322,4226,3.5,1217676500
325,4226,4.0,1039399325
326,4226,3.5,1322867669
327,4226,4.5,1234788770
330,4226,5.0,1285904361
332,4226,5.0,1352672235
334,4226,3.5,1229960397
339,4226,4.5,1460868616
343,4226,5.0,1202060782
344,4226,1.5,1420496088
348,4226,5.0,1378850294
351,4226,4.0,1333037489
352,4226,5.0,1493673494
356,4226,5.0,1228072953
365,4226,0.5,1488333521
369,4226,4.5,1237082006
370,4226,3.5,1159164366
371,4226,4.5,1407692697
375,4226,5.0,1225314330
376,4226,5.0,1364933036
378,4226,3.5,1445347927
380,4226,5.0,1493419802
381,4226,4.5,1168800601
382,4226,5.0,1515160655
387,4226,4.5,1094875856
390,4226,4.5,1250335735
391,4226,5.0,1030827636
393,4226,5.0,1430505871
405,4226,4.5,1295910680
414,4226,5.0,991750128
415,4226,4.5,1382470041
417,4226,5.0,1529283838
418,4226,3.5,1461865764
419,4226,3.0,1328241901
424,4226,4.5,1457843531
425,4226,3.5,1085476666
426,4226,2.0,1451081186
427,4226,5.0,1053071540
432,4226,3.5,1315244527
434,4226,5.0,1270603948
438,4226,4.5,1105650108
448,4226,4.0,1026978102
449,4226,4.5,1053199976
453,4226,5.0,1005965378
464,4226,4.0,1287399793
472,4226,1.0,1345843250
474,4226,5.0,990751680
477,4226,4.0,1200939350
480,4226,4.0,1179160178
483,4226,4.0,1178293035
489,4226,4.5,1332772278
490,4226,4.0,1334940351
503,4226,4.0,1335219077
505,4226,5.0,1298780228
522,4226,3.5,1253343700
525,4226,4.0,1476476441
542,4226,5.0,1163386911
543,4226,5.0,1377023031
549,4226,5.0,1464282746
551,4226,3.0,1504320903
560,4226,3.5,1469647836
567,4226,3.5,1525282023
570,4226,4.0,1181478033
573,4226,5.0,1186589556
580,4226,5.0,1167783666
581,4226,4.5,1447007261
582,4226,4.0,1463474240
590,4226,3.5,1266472486
596,4226,4.5,1535708239
598,4226,1.0,1430616896
599,4226,4.5,1498762577
600,4226,4.0,1237742307
601,4226,5.0,1441639866
603,4226,5.0,1000194311
606,4226,4.0,1171231507
608,4226,4.5,1147794895
610,4226,5.0,1493844685
20,4232,0.5,1054037511
103,4232,2.5,1431969802
156,4232,3.0,1106853910
177,4232,2.5,1435526337
186,4232,5.0,1031087923
232,4232,2.5,1218170805
234,4232,4.0,1004407709
256,4232,3.0,1447001239
274,4232,3.5,1171786118
280,4232,1.5,1347604876
292,4232,4.0,1017364566
305,4232,3.0,1460303377
380,4232,3.0,1494528327
381,4232,3.5,1168665955
414,4232,4.0,1005066997
430,4232,3.0,987107905
448,4232,2.0,1045826816
466,4232,3.5,1439915793
474,4232,4.0,1002756987
475,4232,4.5,1498030987
503,4232,0.5,1335214559
525,4232,3.5,1476480320
527,4232,4.0,1033175914
560,4232,2.5,1469650594
600,4232,3.5,1237762391
603,4232,1.0,1002403400
606,4232,1.5,1171810784
610,4232,3.5,1479542821
4,4246,4.0,1007574542
7,4246,2.0,1110855253
10,4246,3.5,1455302676
20,4246,5.0,1054037200
34,4246,4.0,1162048053
41,4246,4.0,1458940118
63,4246,3.0,1443290259
64,4246,4.0,1161521006
68,4246,4.0,1158532209
82,4246,2.5,1084465114
89,4246,1.5,1520408372
100,4246,4.5,1100184518
104,4246,4.0,1048586848
108,4246,5.0,1042841626
111,4246,4.0,1516140902
125,4246,2.5,1474289799
132,4246,4.5,1157923351
159,4246,5.0,1508641138
160,4246,4.0,1058457517
169,4246,4.0,1059494019
177,4246,3.5,1435524381
182,4246,3.5,1055157072
195,4246,5.0,987397430
200,4246,3.5,1229878716
226,4246,2.0,1096419935
246,4246,4.0,1354126280
249,4246,3.5,1415415300
256,4246,4.0,1447000983
263,4246,3.5,1090948294
275,4246,5.0,1049077635
280,4246,5.0,1348435317
282,4246,4.0,1514069419
298,4246,2.5,1447598156
301,4246,3.5,1211378838
305,4246,4.5,1460303017
307,4246,4.0,1186087236
351,4246,3.0,1326061797
354,4246,3.5,1200870637
357,4246,4.5,1348628421
361,4246,3.5,1204046106
410,4246,3.0,990728072
414,4246,4.0,1073681635
418,4246,0.5,1461868092
453,4246,5.0,1005965973
474,4246,4.5,1053021226
479,4246,4.0,1039367434
480,4246,3.0,1179164178
483,4246,4.0,1327277392
489,4246,5.0,1332773415
490,4246,2.5,1324371956
491,4246,3.5,1526673150
504,4246,4.0,1064450484
509,4246,3.5,1435993378
514,4246,4.0,1533872665
517,4246,3.0,1487957242
525,4246,3.5,1476479382
560,4246,3.0,1469649032
561,4246,1.5,1491094383
563,4246,3.0,1446856488
564,4246,3.5,1481817623
590,4246,2.5,1258417984
600,4246,4.0,1237851122
606,4246,4.0,1171578954
608,4246,3.0,1117504682
610,4246,3.5,1493844928
140,4259,4.0,1021302558
287,4259,3.0,1110230348
474,4259,4.0,1106748027
603,4259,3.0,1002403751
18,4262,4.0,1456772015
24,4262,4.0,1458941756
41,4262,2.0,1459367450
42,4262,5.0,996258510
51,4262,5.0,1230929420
62,4262,5.0,1521489459
63,4262,2.5,1443199912
64,4262,3.5,1161559735
68,4262,5.0,1158533289
88,4262,4.5,1331421968
91,4262,3.5,1112712995
95,4262,5.0,1043339870
103,4262,5.0,1431957877
105,4262,4.5,1446621878
111,4262,2.0,1516154010
122,4262,5.0,1461561671
137,4262,3.5,1204859893
156,4262,3.5,1106853930
182,4262,4.0,1054780313
187,4262,4.0,1161849672
211,4262,4.5,1350912920
219,4262,2.5,1214043488
221,4262,4.0,1119984534
222,4262,3.0,1391349952
226,4262,4.5,1095711700
233,4262,3.5,1529334251
239,4262,4.5,1221159440
249,4262,4.5,1363462531
274,4262,5.0,1171409417
282,4262,4.5,1378491774
305,4262,4.0,1460135342
307,4262,4.0,1186162777
317,4262,5.0,1430512248
329,4262,0.5,1523468403
330,4262,3.5,1285904514
332,4262,3.5,1352672461
339,4262,4.5,1460182797
346,4262,3.5,1125858321
351,4262,3.5,1326062202
354,4262,4.5,1200953037
362,4262,4.5,1532214516
369,4262,3.0,1237082810
370,4262,2.5,1159162999
380,4262,3.0,1494803618
387,4262,4.5,1134880807
413,4262,5.0,1484439749
414,4262,4.0,991144487
419,4262,4.5,1321659346
424,4262,3.5,1457900953
434,4262,4.0,1270603516
448,4262,4.5,1367761882
452,4262,4.0,1013394855
474,4262,3.5,1073917643
480,4262,3.5,1179178650
495,4262,4.5,1458635629
510,4262,3.5,1141159159
532,4262,4.0,1025523292
551,4262,3.5,1504925964
561,4262,4.0,1491094974
573,4262,5.0,1186589260
580,4262,4.0,1167789909
585,4262,3.0,1307417324
590,4262,4.5,1258417972
599,4262,3.5,1498500892
606,4262,4.0,1171817620
608,4262,4.0,1147964288
610,4262,4.5,1493850328
325,4263,4.0,1039399618
474,4263,4.0,1126038260
474,4292,4.0,1136942681
599,4292,3.0,1519333392
474,4296,2.0,1092833416
606,4296,4.0,1171377230
7,4306,4.0,1106635524
10,4306,4.5,1455356595
15,4306,3.0,1510577965
18,4306,4.0,1455209697
20,4306,5.0,1054037117
21,4306,4.0,1418932197
22,4306,3.0,1268727454
34,4306,3.5,1162048723
41,4306,3.0,1458939651
45,4306,5.0,1007483642
50,4306,2.0,1514238088
62,4306,1.0,1521488595
63,4306,2.5,1443200549
64,4306,3.5,1161520021
66,4306,5.0,1093144044
67,4306,3.5,1501273883
68,4306,5.0,1158531222
70,4306,4.0,1355198229
73,4306,2.5,1464196962
75,4306,4.0,1158982794
82,4306,4.0,1084468268
83,4306,3.0,1333842168
86,4306,4.0,1344082606
89,4306,3.0,1520408313
91,4306,5.0,1112713468
97,4306,5.0,1043383111
98,4306,5.0,1532457782
103,4306,3.5,1431957080
104,4306,4.5,1053336418
105,4306,4.0,1446573295
111,4306,3.0,1516140840
114,4306,2.0,1485391393
119,4306,4.0,1435944180
129,4306,3.5,1167375918
132,4306,3.5,1157921397
135,4306,4.0,1009692519
137,4306,4.0,1204859371
139,4306,2.5,1453924100
140,4306,3.0,1010775654
141,4306,4.0,1513130194
143,4306,5.0,1444769059
144,4306,5.0,1136812163
153,4306,2.0,1525550598
159,4306,4.0,1508641095
160,4306,4.0,1003333307
166,4306,4.5,1189980543
167,4306,4.5,1154721715
169,4306,5.0,1085699612
177,4306,4.0,1435524183
182,4306,4.0,1054780155
186,4306,5.0,1031080851
190,4306,3.5,1504310018
195,4306,3.0,994032742
200,4306,3.0,1229885793
203,4306,4.0,1390095326
204,4306,4.0,1327182567
210,4306,4.0,1473881922
212,4306,4.0,1523216459
213,4306,4.5,1316196194
219,4306,4.5,1194931848
220,4306,5.0,1230060118
223,4306,4.0,1226209792
226,4306,4.0,1095662949
232,4306,4.0,1182909295
233,4306,4.0,1448816391
234,4306,5.0,1004407733
239,4306,4.0,1221158396
247,4306,3.5,1467644201
248,4306,3.5,1534602305
249,4306,3.5,1346757652
254,4306,5.0,1180446215
256,4306,4.5,1446580193
259,4306,5.0,1146845345
263,4306,4.5,1120071487
274,4306,3.5,1171494063
275,4306,3.0,1049077681
280,4306,4.5,1348532168
282,4306,4.5,1378497581
286,4306,3.5,1119563380
287,4306,1.5,1110229957
288,4306,4.0,1010510803
292,4306,4.0,1262376466
298,4306,2.0,1447598085
301,4306,4.0,1211377663
306,4306,3.0,1518380248
307,4306,2.5,1186161417
310,4306,3.5,1078649897
317,4306,4.0,1430366040
318,4306,3.5,1256504262
322,4306,2.0,1217676405
328,4306,4.5,1494211004
330,4306,4.5,1285905149
331,4306,3.0,1537157656
332,4306,4.5,1352671566
334,4306,4.5,1225479071
339,4306,4.0,1460185160
344,4306,5.0,1420496110
352,4306,3.0,1493675362
354,4306,4.0,1200870124
357,4306,4.0,1348610191
359,4306,5.0,1198112239
362,4306,4.0,1530639776
365,4306,1.5,1488332406
367,4306,5.0,997813664
370,4306,4.0,1159163415
376,4306,4.0,1364994164
380,4306,5.0,1493473936
381,4306,4.0,1164877390
388,4306,5.0,1386694304
391,4306,4.0,1032388273
399,4306,5.0,1167220333
401,4306,3.5,1514347054
414,4306,4.0,990713929
416,4306,0.5,1187496641
417,4306,5.0,1529283842
420,4306,4.0,1218041586
425,4306,4.0,1085476559
426,4306,4.5,1451081180
428,4306,1.0,1111523957
430,4306,4.0,995828286
432,4306,4.5,1316391131
434,4306,3.0,1270604393
438,4306,4.5,1105649535
441,4306,4.5,1449070659
453,4306,5.0,1005965497
460,4306,4.0,1359177586
466,4306,3.0,1439915233
474,4306,4.5,1081177366
475,4306,4.5,1498030086
477,4306,4.0,1200939854
480,4306,3.5,1179163506
483,4306,4.0,1178292998
487,4306,4.0,1428574200
488,4306,5.0,1112382088
489,4306,4.0,1333101413
491,4306,2.0,1522605168
496,4306,3.0,1415520455
500,4306,5.0,1005528355
504,4306,4.5,1063644632
509,4306,4.0,1435992327
513,4306,4.0,1159980663
514,4306,4.0,1533949329
516,4306,5.0,994624878
517,4306,4.0,1487954402
520,4306,4.0,1326609180
525,4306,3.5,1476476130
534,4306,4.5,1459787998
539,4306,5.0,1332475033
542,4306,5.0,1163387194
551,4306,4.0,1504320907
557,4306,4.5,1452797727
558,4306,5.0,1035416189
560,4306,3.5,1469649993
562,4306,5.0,1368893923
570,4306,4.0,1181477611
573,4306,4.5,1248842418
580,4306,4.0,1176756045
581,4306,4.5,1447007408
583,4306,3.0,1481474165
590,4306,4.0,1258419637
593,4306,3.0,1181007676
596,4306,4.0,1535708237
598,4306,1.0,1430616891
599,4306,2.5,1498516815
600,4306,3.5,1237712656
601,4306,4.0,1521467821
605,4306,3.5,1277175745
606,4306,4.0,1175637342
608,4306,4.5,1117491236
610,4306,3.5,1493844678
414,4312,4.0,1005066939
603,4312,3.0,1000194231
91,4316,1.5,1112717380
474,4316,2.5,1060106237
68,4326,3.5,1158535704
135,4326,4.0,1009693976
140,4326,3.5,1055092309
144,4326,3.5,1136812867
226,4326,4.0,1096421007
282,4326,4.0,1378833829
309,4326,4.0,1126452392
384,4326,4.0,994038410
414,4326,3.0,992878249
419,4326,3.5,1321853430
474,4326,2.5,1087832829
42,4333,1.0,996216379
167,4333,3.0,1154719393
384,4333,4.0,993555974
410,4333,4.0,990728791
414,4333,4.0,991144742
448,4333,3.0,1019128257
474,4333,4.0,994819132
516,4333,4.0,994625250
520,4333,3.5,1326611121
599,4333,1.5,1498504574
28,4343,2.5,1277002280
64,4343,2.5,1161565840
68,4343,3.5,1261623411
105,4343,4.0,1446750355
122,4343,4.0,1461562735
160,4343,2.0,1065992278
182,4343,2.0,1055152162
219,4343,3.5,1195699215
222,4343,3.5,1391352096
232,4343,2.5,1218167479
249,4343,4.0,1348268488
256,4343,4.0,1447001114
274,4343,3.5,1171786365
288,4343,2.0,1016470233
298,4343,2.0,1449592295
380,4343,4.0,1494613177
381,4343,2.0,1167543668
414,4343,2.0,1095466496
438,4343,3.0,1105654206
448,4343,2.0,1045222339
475,4343,4.5,1498030952
477,4343,3.0,1200942976
480,4343,3.0,1179165966
483,4343,3.0,1215897862
560,4343,3.0,1469649331
608,4343,4.0,1117408540
610,4343,3.0,1493845516
4,4347,4.0,1007569586
232,4347,3.5,1218166144
474,4347,4.0,1100292412
68,4356,3.5,1158534278
474,4356,3.0,1165540056
483,4356,3.5,1178293052
489,4356,4.0,1333832175
606,4356,5.0,1349082662
42,4359,4.0,996216210
177,4359,3.0,1435803365
307,4359,3.0,1186172927
387,4359,3.5,1094876666
414,4359,4.0,992878211
474,4359,4.0,1093524784
599,4359,1.5,1498505102
606,4359,4.0,1349082709
42,4361,3.0,996216063
132,4361,3.5,1157978800
182,4361,4.0,1055154655
186,4361,4.0,1031080604
221,4361,4.0,1111177863
255,4361,1.0,1005717473
275,4361,5.0,1049076847
305,4361,2.0,1520024306
307,4361,2.5,1186162610
325,4361,3.0,1039398324
356,4361,5.0,1229140394
357,4361,4.0,1348612024
384,4361,3.0,994038129
391,4361,4.0,1030945247
414,4361,4.0,991144157
416,4361,1.0,1187495301
440,4361,4.0,1237568707
442,4361,2.5,1331560492
448,4361,3.0,1019127202
462,4361,2.5,1370129430
474,4361,4.0,1047054406
480,4361,3.5,1179178428
483,4361,4.5,1327277993
489,4361,3.5,1332704615
504,4361,4.0,1063644678
514,4361,4.5,1533949185
516,4361,3.0,994625023
517,4361,1.0,1487957403
590,4361,4.5,1258422872
599,4361,3.5,1498798167
600,4361,4.5,1237858511
606,4361,4.0,1175637242
7,4370,4.5,1106712869
15,4370,4.0,1510573239
20,4370,3.0,1054037504
28,4370,3.0,1242290689
64,4370,3.5,1161521266
69,4370,2.0,1021645473
83,4370,3.5,1333169174
95,4370,3.5,1105401170
119,4370,3.5,1435944431
129,4370,2.5,1167375496
160,4370,4.0,1065992012
182,4370,3.0,1054779919
198,4370,4.0,1034135416
199,4370,3.0,995165164
210,4370,4.0,1530467916
230,4370,4.0,1196305157
232,4370,3.5,1085351738
239,4370,1.0,1221158863
249,4370,3.5,1354896105
271,4370,3.0,1234302306
274,4370,3.0,1171944381
288,4370,3.0,1028053798
305,4370,4.0,1518198177
312,4370,4.0,1043176684
313,4370,3.0,1030474917
339,4370,5.0,1460185201
356,4370,3.5,1229143565
357,4370,4.0,1348628615
377,4370,3.5,1340342614
380,4370,3.0,1494528195
381,4370,3.0,1166971997
387,4370,3.0,1177825973
414,4370,4.0,995896797
430,4370,3.0,994561699
438,4370,3.0,1105667443
448,4370,2.5,1054546199
452,4370,3.0,1013395308
474,4370,4.5,1053020857
475,4370,5.0,1498030379
477,4370,3.5,1200946339
480,4370,3.5,1179164229
483,4370,4.0,1178358389
489,4370,1.5,1332773878
495,4370,1.5,1458636036
520,4370,4.0,1326687451
525,4370,2.5,1476479396
534,4370,4.0,1459795326
542,4370,5.0,1163387701
580,4370,3.0,1167860774
596,4370,3.0,1535708436
599,4370,2.5,1498516078
600,4370,3.5,1237709011
605,4370,1.0,1277095965
606,4370,3.5,1171408348
608,4370,4.5,1117408532
610,4370,3.5,1493844965
64,4380,5.0,1161531072
325,4380,4.0,1039396145
414,4380,5.0,1016462828
474,4380,4.0,1046875244
599,4380,3.0,1498525832
600,4380,3.0,1237761596
603,4380,3.0,1000194231
42,4396,4.0,996259528
95,4396,4.0,1043339808
135,4396,3.0,1009694231
182,4396,2.0,1055150946
384,4396,1.0,994038917
414,4396,3.0,1073681863
448,4396,5.0,1019124644
474,4396,1.0,994819163
514,4396,2.5,1534114332
608,4396,2.0,1117415747
346,4404,4.0,1125857453
20,4446,3.5,1054037907
21,4446,3.5,1412967924
28,4446,3.5,1277002284
34,4446,5.0,1162050179
119,4446,3.5,1435944575
129,4446,4.0,1167378249
182,4446,3.0,1126562118
219,4446,4.0,1195349122
226,4446,3.5,1095749323
232,4446,2.5,1182910491
249,4446,3.5,1415415351
274,4446,2.0,1173041159
331,4446,2.0,1537158284
380,4446,3.0,1494528279
393,4446,3.5,1430507596
414,4446,4.0,995294426
428,4446,3.5,1111523990
430,4446,2.0,995828257
438,4446,3.5,1105654697
452,4446,4.0,1013395308
475,4446,5.0,1498030760
477,4446,3.0,1200945823
483,4446,4.0,1415579159
509,4446,3.0,1435992818
534,4446,4.0,1459792431
542,4446,3.5,1163388410
560,4446,3.0,1469650319
599,4446,1.5,1498505124
606,4446,2.5,1178822698
608,4446,4.5,1117502282
610,4446,3.0,1493846475
10,4447,4.5,1455398321
20,4447,3.0,1054037488
34,4447,4.0,1162048991
51,4447,3.0,1230929406
68,4447,4.0,1158532961
73,4447,3.5,1464267335
89,4447,2.5,1520408418
104,4447,4.0,1048590506
111,4447,3.5,1516140982
129,4447,3.5,1167377734
132,4447,2.5,1157978930
140,4447,3.5,1079472471
141,4447,2.5,1513132073
143,4447,5.0,1444881307
159,4447,2.5,1508641200
167,4447,0.5,1154719114
177,4447,4.0,1435524527
190,4447,3.5,1504310123
200,4447,4.5,1229876637
221,4447,3.0,1111177873
232,4447,3.0,1218167909
256,4447,4.0,1446580316
274,4447,1.5,1171492410
280,4447,3.5,1347605351
282,4447,3.0,1514069444
285,4447,2.5,1449626143
298,4447,1.0,1449592082
307,4447,1.5,1186162761
308,4447,3.5,1421375127
318,4447,3.0,1259002517
331,4447,1.5,1537157952
332,4447,3.5,1352671585
341,4447,4.0,1487285091
354,4447,3.5,1200953026
357,4447,4.0,1348626994
365,4447,3.5,1488332591
367,4447,5.0,997813741
381,4447,3.0,1167542648
382,4447,3.5,1515172857
387,4447,2.5,1132473400
414,4447,3.0,1008691135
415,4447,3.0,1382470424
430,4447,3.0,995828215
438,4447,3.5,1105654082
448,4447,1.5,1063369190
453,4447,4.0,1005968404
474,4447,4.0,1014924360
480,4447,3.0,1179165265
483,4447,3.0,1215896149
484,4447,4.0,1342296767
489,4447,2.5,1332774432
490,4447,2.0,1324374215
504,4447,3.5,1072066064
509,4447,3.5,1435993458
519,4447,3.5,1518478841
520,4447,4.0,1326681404
525,4447,4.5,1476478743
531,4447,3.0,1032961599
560,4447,3.5,1469650163
563,4447,4.0,1446590008
580,4447,1.0,1167790134
590,4447,3.0,1258416741
600,4447,2.5,1237742378
608,4447,2.0,1117408546
64,4448,3.5,1161565729
69,4448,4.0,1021646176
91,4448,4.0,1112712414
111,4448,3.0,1516141239
140,4448,3.0,1012506322
182,4448,4.0,1054782154
195,4448,4.0,1008558215
198,4448,2.0,1039796861
219,4448,4.0,1198782464
274,4448,3.0,1171785267
275,4448,4.0,1049077892
298,4448,2.5,1447598580
307,4448,4.0,1215657500
414,4448,4.0,995896778
438,4448,4.0,1105650206
448,4448,3.0,1053249671
453,4448,3.0,1005966021
474,4448,4.0,1002756871
608,4448,4.5,1117491164
610,4448,3.5,1493847447
477,4454,5.0,1245030211
66,4465,4.0,1104644709
140,4465,3.5,1067987083
345,4465,3.5,1342827680
474,4465,4.0,1004131709
606,4465,3.5,1171831597
104,4476,4.0,1048590374
474,4476,2.0,1046887879
600,4476,1.0,1237762321
42,4477,2.0,996260446
226,4477,2.5,1096419758
234,4477,1.0,1004409273
307,4477,4.0,1186086505
387,4477,2.5,1094941002
448,4477,1.0,1028111080
474,4477,1.0,1046886579
599,4477,1.5,1519259490
21,4489,4.5,1441393840
24,4489,4.0,1458943981
42,4489,5.0,996258510
64,4489,4.5,1161565806
68,4489,2.5,1261623488
103,4489,4.0,1431969595
167,4489,3.5,1154721599
215,4489,2.5,1260909316
226,4489,4.0,1114839676
249,4489,3.5,1354225911
275,4489,4.0,1049077179
298,4489,3.0,1449757421
367,4489,4.0,997812532
387,4489,2.5,1171934486
448,4489,3.0,1019127850
474,4489,2.0,1014924485
477,4489,4.0,1200942996
479,4489,3.0,1039362854
480,4489,3.0,1179161254
561,4489,3.5,1491092161
586,4489,4.0,1529902640
590,4489,3.5,1258417084
599,4489,3.0,1498615511
606,4489,2.5,1173829744
474,4495,5.0,1014923714
448,4526,2.0,1019133189
474,4526,1.5,1089387499
520,4526,4.0,1326610807
543,4526,5.0,1377069089
580,4526,3.0,1167792807
66,4537,4.0,1093747951
474,4537,4.5,1116386383
503,4537,4.5,1335219235
21,4545,4.0,1419025398
42,4545,4.0,996259093
68,4545,2.5,1261624227
111,4545,3.5,1517441447
182,4545,4.0,1055152175
186,4545,4.0,1031080338
220,4545,4.5,1244152229
274,4545,3.0,1171785373
369,4545,2.5,1237082247
414,4545,3.0,1025108900
448,4545,3.0,1019128484
474,4545,2.0,1046887780
495,4545,4.0,1458636302
517,4545,0.5,1487954452
543,4545,4.0,1230602215
561,4545,3.5,1491092076
562,4545,5.0,1368896071
590,4545,3.0,1267237856
599,4545,3.0,1498524880
608,4545,2.5,1117506922
74,4546,4.5,1207500425
137,4546,3.5,1204859196
387,4546,4.0,1120535803
414,4546,4.0,1022601226
462,4546,3.5,1123893792
474,4546,4.0,1053092000
387,4552,3.5,1129704983
567,4552,3.5,1525285862
606,4552,3.5,1171326899
9,4558,1.0,1044656650
68,4558,2.5,1269122927
177,4558,2.0,1435536496
213,4558,3.0,1316195073
249,4558,3.5,1354108136
293,4558,2.0,1044871018
298,4558,2.5,1479064950
448,4558,3.0,1019128257
474,4558,2.0,1046887584
590,4558,3.0,1258417079
599,4558,2.5,1498516955
600,4558,3.0,1237715700
606,4558,2.5,1171404751
608,4558,2.0,1117506640
17,4571,4.0,1305696310
64,4571,4.0,1161566648
68,4571,3.5,1158533156
78,4571,3.0,1252573276
87,4571,3.5,1270702635
91,4571,3.0,1112712581
100,4571,3.0,1100186026
135,4571,4.0,1009693305
161,4571,5.0,1176746340
177,4571,2.5,1435534943
182,4571,3.5,1054780169
200,4571,4.0,1229878221
226,4571,5.0,1095711703
234,4571,4.0,1004408942
239,4571,4.0,1221159256
249,4571,3.5,1422835500
275,4571,5.0,1049077016
286,4571,2.5,1119562175
288,4571,3.0,1028746653
298,4571,2.5,1450452368
307,4571,3.0,1186086526
313,4571,3.0,1030475440
367,4571,4.0,997812439
377,4571,3.5,1340341917
380,4571,5.0,1493473954
381,4571,3.5,1200823832
387,4571,2.5,1095041258
414,4571,4.0,1008691042
418,4571,4.0,1461868100
428,4571,3.0,1111489918
435,4571,3.5,1366675934
441,4571,5.0,1449070947
448,4571,5.0,1019125322
452,4571,4.0,1013398347
474,4571,4.5,1100291607
477,4571,4.0,1201197167
480,4571,4.0,1179178380
527,4571,5.0,1033175783
561,4571,4.0,1491092172
585,4571,3.5,1307416317
590,4571,3.0,1258422637
599,4571,2.5,1519122646
600,4571,4.0,1237713131
605,4571,3.0,1277176655
608,4571,3.5,1117504950
414,4600,4.0,1003247830
474,4600,2.5,1087832607
318,4612,4.5,1416086034
21,4621,2.5,1419794704
42,4621,4.0,996259355
68,4621,3.5,1261624069
100,4621,4.0,1100187132
135,4621,1.0,1009691066
274,4621,2.5,1171784736
275,4621,2.0,1049077179
387,4621,1.0,1095121329
448,4621,2.0,1178981891
474,4621,2.0,1046887573
479,4621,3.0,1039392539
483,4621,2.0,1215898715
517,4621,0.5,1487957409
562,4621,4.5,1368896195
599,4621,3.0,1498525409
600,4621,2.0,1237764611
606,4621,3.0,1171831816
608,4621,0.5,1117506916
42,4623,4.0,996258272
45,4623,3.0,1020802394
100,4623,3.5,1100187138
140,4623,4.0,1039547791
167,4623,3.0,1154721601
200,4623,3.5,1229889059
215,4623,3.0,1260909264
219,4623,4.0,1195700021
220,4623,4.5,1241812870
226,4623,4.0,1096420407
274,4623,3.5,1171785566
367,4623,3.0,997811980
414,4623,4.0,1026225670
438,4623,4.5,1105668412
448,4623,5.0,1019131273
474,4623,2.0,1002929032
561,4623,4.0,1491095084
590,4623,4.0,1258420047
599,4623,2.5,1498514414
608,4623,2.5,1117491672
20,4638,1.5,1054147250
21,4638,4.0,1376823473
45,4638,3.0,1007995058
68,4638,2.0,1158533676
97,4638,4.0,1043383075
135,4638,2.0,1009693448
160,4638,0.5,1065992214
182,4638,2.0,1055150956
219,4638,2.0,1195348999
232,4638,3.5,1218164880
234,4638,4.0,1004407828
249,4638,3.0,1415415353
274,4638,2.5,1177013064
292,4638,4.0,1015374932
318,4638,3.0,1342627674
331,4638,2.0,1537158146
367,4638,4.0,997813992
380,4638,4.0,1494528266
382,4638,3.5,1515173175
414,4638,3.0,1008691259
428,4638,2.0,1111525236
438,4638,2.5,1105654716
448,4638,4.0,1019124789
474,4638,2.0,1053021921
477,4638,3.0,1200941589
480,4638,2.0,1179178843
483,4638,2.0,1215896674
484,4638,4.0,1342297294
487,4638,2.0,1428574321
514,4638,3.0,1534086192
527,4638,5.0,1033175958
534,4638,4.0,1459787997
552,4638,1.0,1112151311
606,4638,2.5,1171234562
608,4638,3.0,1117408543
610,4638,3.0,1493845472
68,4639,2.5,1261623460
104,4639,3.0,1048590577
108,4639,3.0,1042841782
169,4639,4.5,1059494223
200,4639,3.0,1229877332
298,4639,0.5,1449592380
305,4639,4.0,1460303404
367,4639,2.0,997813682
414,4639,1.0,1037630668
438,4639,2.5,1105665974
474,4639,2.5,1053021435
480,4639,1.5,1179165773
484,4639,2.5,1342298454
504,4639,3.5,1072066207
525,4639,2.5,1476479735
599,4639,2.0,1498510815
600,4639,2.0,1237709823
605,4639,4.0,1277096718
4,4641,1.0,1007569586
20,4641,3.0,1054037434
64,4641,3.5,1161559706
89,4641,2.5,1520408575
91,4641,1.5,1112716642
104,4641,2.5,1146222329
122,4641,4.5,1461562692
132,4641,4.0,1157924941
182,4641,4.0,1054780382
187,4641,4.5,1161849755
195,4641,3.0,1017979265
199,4641,4.0,1133207859
221,4641,4.0,1119984497
249,4641,3.0,1347317798
260,4641,5.0,1109409159
298,4641,3.5,1447598397
307,4641,3.5,1196131390
316,4641,3.0,1111493547
318,4641,4.0,1346357531
346,4641,3.5,1094651056
356,4641,3.0,1229139962
387,4641,4.0,1142746261
414,4641,5.0,1011206359
462,4641,2.5,1137445324
474,4641,4.0,1046809155
477,4641,4.0,1200941537
480,4641,3.5,1179161938
503,4641,4.0,1335219205
561,4641,4.0,1491094639
599,4641,3.0,1498523380
600,4641,4.0,1237713786
603,4641,4.0,1000194168
608,4641,3.0,1117408523
610,4641,3.5,1493845221
68,4677,3.5,1269123218
103,4677,4.0,1522172168
140,4677,4.0,1021898818
414,4677,3.0,1017670074
448,4677,3.0,1019128521
474,4677,1.5,1053021874
489,4677,3.0,1333297234
517,4677,2.0,1487956062
520,4677,4.0,1326611107
561,4677,2.0,1491094320
590,4677,3.5,1267151038
600,4677,2.5,1237762306
608,4677,3.5,1117506568
91,4678,5.0,1112712625
167,4678,4.0,1154721870
182,4678,3.5,1055151587
414,4678,3.0,1024928548
448,4678,3.5,1178981100
474,4678,4.0,1046887498
477,4678,4.0,1200947127
488,4678,3.5,1112382566
608,4678,0.5,1117506202
28,4688,2.5,1240817515
140,4688,3.5,1055092644
414,4688,4.0,1016114875
318,4708,5.0,1415402882
603,4708,4.0,1002403424
477,4725,4.0,1252820187
603,4725,4.0,1002403253
608,4725,2.5,1117507607
610,4725,4.0,1493848192
28,4787,2.0,1242289083
66,4787,4.0,1093747596
381,4787,5.0,1168800720
387,4787,3.0,1094877519
474,4787,4.0,1002757001
480,4787,3.0,1179162671
599,4787,2.5,1519262197
600,4787,3.0,1237857482
603,4787,3.0,1002403447
606,4787,4.0,1171736770
474,4801,4.0,1002756963
527,4801,4.0,1033173514
198,4808,2.0,1034139198
414,4808,3.0,1022601226
474,4808,2.0,1047043601
599,4808,2.5,1519241504
275,4809,5.0,1049079408
474,4809,4.0,1137367805
510,4809,3.5,1141159488
135,4812,1.0,1009693419
414,4812,3.0,1008691166
422,4812,2.0,1004470090
448,4812,3.0,1019125648
474,4812,2.0,1002757164
599,4812,2.0,1519263200
18,4816,3.0,1456919460
20,4816,3.5,1054037616
41,4816,5.0,1459367618
63,4816,2.5,1443368327
64,4816,3.5,1161529438
68,4816,4.0,1158533553
82,4816,4.0,1084466848
103,4816,3.5,1431968287
111,4816,3.0,1516141025
122,4816,4.5,1461561829
141,4816,3.5,1513132166
182,4816,3.5,1055155784
200,4816,5.0,1229888086
219,4816,4.5,1195334982
222,4816,4.5,1391352766
226,4816,3.0,1097544909
232,4816,4.0,1076956190
249,4816,4.0,1354106867
274,4816,3.5,1171758521
275,4816,5.0,1049077649
279,4816,4.0,1506395821
280,4816,4.0,1348435298
282,4816,2.5,1514069471
288,4816,3.0,1022614456
292,4816,2.0,1041613104
316,4816,3.0,1111493544
331,4816,3.0,1537158054
341,4816,4.0,1487285104
346,4816,3.0,1125857879
381,4816,2.0,1167542356
387,4816,3.0,1148943019
413,4816,0.5,1484440324
414,4816,4.0,1017071822
419,4816,4.0,1350347650
420,4816,4.0,1218037000
424,4816,3.0,1457846937
426,4816,2.0,1451081852
438,4816,2.5,1105829445
448,4816,3.0,1060601459
480,4816,4.5,1179165728
483,4816,5.0,1181494447
484,4816,4.5,1342297032
489,4816,1.5,1333022323
495,4816,5.0,1458636150
525,4816,4.0,1476476817
534,4816,4.0,1459787997
542,4816,1.5,1163388683
560,4816,4.0,1469650208
561,4816,3.0,1491094484
573,4816,5.0,1370377568
590,4816,2.5,1258417076
600,4816,4.5,1237851515
608,4816,3.0,1117408491
610,4816,4.0,1493847048
68,4823,3.0,1261624238
105,4823,3.5,1446750774
108,4823,3.0,1042841746
159,4823,3.0,1508640454
169,4823,4.0,1070250460
177,4823,3.5,1435526411
182,4823,3.0,1055155476
198,4823,1.0,1034135389
200,4823,4.0,1229889568
232,4823,3.5,1206995511
298,4823,1.5,1447598692
381,4823,3.0,1168666005
414,4823,2.0,1135220835
438,4823,4.5,1105654079
474,4823,4.0,1002756838
480,4823,2.5,1179165519
483,4823,3.5,1215899085
484,4823,4.5,1342227961
504,4823,2.5,1064451505
525,4823,3.0,1476479776
562,4823,5.0,1368896762
590,4823,2.5,1258417071
594,4823,5.0,1108976073
603,4823,1.0,1002403269
606,4823,2.5,1173049259
307,4835,2.5,1186173494
422,4835,4.0,1004470004
474,4835,4.0,1087832123
140,4857,4.5,1055092325
169,4857,5.0,1059427574
186,4857,4.0,1031079112
357,4857,4.5,1348610880
474,4857,4.0,1002756946
488,4857,4.0,1112382113
525,4857,3.5,1476482478
600,4857,1.0,1237713763
7,4874,3.0,1106635738
28,4874,3.0,1277001932
34,4874,1.0,1162050046
63,4874,3.5,1443200728
69,4874,5.0,1021643840
105,4874,5.0,1446749868
122,4874,4.5,1461562276
132,4874,4.5,1174935021
140,4874,4.0,1021898635
182,4874,4.5,1054780050
226,4874,3.0,1096420951
232,4874,4.0,1076952038
256,4874,4.0,1446580586
274,4874,1.0,1171756193
282,4874,4.0,1514069519
288,4874,4.0,1034954094
312,4874,3.0,1043176981
313,4874,3.0,1030475237
339,4874,4.0,1460184358
380,4874,4.0,1494528276
414,4874,3.0,1017669890
427,4874,3.5,1053071186
438,4874,2.5,1105911213
448,4874,2.0,1019563961
452,4874,4.0,1019580466
474,4874,2.5,1087832613
477,4874,4.0,1200941745
489,4874,4.0,1333022729
534,4874,4.5,1459787999
580,4874,4.5,1167792708
590,4874,3.0,1258420052
599,4874,2.5,1498516288
608,4874,3.0,1117503266
16,4878,3.5,1377477936
22,4878,1.5,1268726600
28,4878,4.0,1234335490
41,4878,5.0,1459367735
47,4878,0.5,1496211868
51,4878,4.0,1230929401
61,4878,4.0,1145532542
62,4878,4.0,1521488880
63,4878,3.0,1443199871
64,4878,4.0,1161520780
68,4878,2.5,1158532153
73,4878,5.0,1464267305
74,4878,4.0,1207501462
76,4878,2.5,1439165692
77,4878,1.0,1535107550
80,4878,5.0,1377308179
88,4878,4.5,1331421809
91,4878,4.0,1112712017
95,4878,4.0,1105401219
105,4878,5.0,1446573336
108,4878,5.0,1042841559
111,4878,4.0,1516140863
125,4878,4.5,1474376373
129,4878,2.5,1167376533
131,4878,1.5,1349840594
132,4878,3.5,1157920657
153,4878,4.5,1525548441
166,4878,4.0,1188774610
167,4878,3.0,1154718976
182,4878,4.5,1054779769
185,4878,4.0,1044311358
187,4878,3.5,1161849216
190,4878,3.5,1504310077
193,4878,4.0,1435857313
200,4878,5.0,1229886349
204,4878,5.0,1327183452
215,4878,4.0,1260908675
219,4878,3.5,1194686066
221,4878,3.5,1118246679
226,4878,3.5,1196228938
239,4878,4.0,1221158818
241,4878,3.5,1447536683
247,4878,5.0,1467644413
249,4878,4.0,1346757809
254,4878,4.5,1180563901
260,4878,4.0,1109410617
261,4878,5.0,1404881418
274,4878,4.5,1171172617
280,4878,3.5,1348532459
287,4878,4.5,1110231491
298,4878,3.5,1447598119
305,4878,5.0,1460135844
307,4878,5.0,1187192147
312,4878,4.0,1043176581
318,4878,3.0,1413627499
328,4878,1.0,1494210426
330,4878,4.5,1285904183
334,4878,3.5,1292093828
339,4878,4.5,1460182423
343,4878,4.5,1202061387
344,4878,2.0,1420497211
346,4878,4.0,1094650862
351,4878,3.5,1333037601
354,4878,4.5,1200870508
356,4878,5.0,1229143293
357,4878,5.0,1348610025
369,4878,4.0,1237083040
370,4878,4.0,1159163478
380,4878,4.0,1494528167
381,4878,5.0,1200823906
387,4878,4.5,1094875985
393,4878,5.0,1430506161
400,4878,4.5,1498870517
405,4878,4.0,1295933975
414,4878,5.0,1016634298
417,4878,5.0,1529283854
418,4878,5.0,1461866001
419,4878,4.5,1322336739
420,4878,4.0,1218037057
428,4878,4.5,1111487805
434,4878,5.0,1270606749
440,4878,4.5,1237569031
445,4878,4.0,1454621728
448,4878,4.0,1126548392
454,4878,3.5,1279547138
460,4878,4.5,1359176757
462,4878,2.0,1137445400
473,4878,4.0,1169351951
474,4878,4.5,1116256886
477,4878,5.0,1200940609
480,4878,5.0,1179160105
487,4878,4.0,1428574246
503,4878,2.5,1335219513
509,4878,4.0,1435993288
522,4878,4.0,1325711241
525,4878,4.0,1476476463
552,4878,5.0,1111473116
560,4878,3.5,1478019769
561,4878,5.0,1491092421
567,4878,3.5,1525282268
570,4878,4.5,1181555671
573,4878,4.5,1186589732
580,4878,4.0,1167783695
585,4878,3.0,1307418454
590,4878,3.0,1260490920
596,4878,5.0,1535708338
599,4878,3.5,1498501693
608,4878,4.5,1117336655
610,4878,5.0,1493844843
4,4881,3.0,1007569445
28,4881,2.5,1236314736
103,4881,5.0,1431969702
110,4881,4.0,1175329579
135,4881,3.0,1009692545
182,4881,4.5,1054780357
199,4881,4.0,1082556698
246,4881,4.0,1354126594
288,4881,4.0,1023119834
387,4881,3.5,1094875316
391,4881,3.0,1032388417
414,4881,5.0,1019480824
448,4881,3.0,1061899745
474,4881,4.0,1046809230
599,4881,3.0,1498521747
606,4881,4.5,1171310956
610,4881,3.5,1479544386
4,4896,4.0,1007574532
7,4896,4.0,1106636718
18,4896,3.5,1456923934
20,4896,4.5,1054037243
21,4896,4.0,1418932147
45,4896,4.0,1007483576
50,4896,2.5,1514238240
62,4896,4.5,1521489784
63,4896,1.5,1443200572
64,4896,3.5,1161520592
68,4896,5.0,1158531717
91,4896,4.0,1112717839
103,4896,2.5,1431957373
104,4896,4.5,1053336345
105,4896,3.5,1446573345
106,4896,5.0,1467360453
111,4896,4.0,1516140868
114,4896,4.0,1485388146
129,4896,4.0,1167376436
132,4896,3.0,1157921367
135,4896,4.0,1009692556
140,4896,3.0,1030559001
141,4896,3.0,1513130260
148,4896,4.0,1482548717
153,4896,3.0,1525552226
154,4896,5.0,1486297175
167,4896,4.5,1154721786
169,4896,4.5,1059494471
177,4896,5.0,1435524313
182,4896,4.0,1054782973
184,4896,3.5,1537094519
186,4896,4.0,1031072959
190,4896,5.0,1504310080
200,4896,4.0,1229886121
203,4896,3.5,1390094907
205,4896,4.5,1519900808
210,4896,4.5,1527266266
212,4896,3.5,1523216502
219,4896,2.5,1194931846
220,4896,5.0,1230060329
223,4896,4.0,1226210070
226,4896,3.5,1095663264
232,4896,3.5,1218166089
239,4896,4.0,1221158322
246,4896,4.0,1354133754
247,4896,3.5,1467645426
249,4896,4.0,1485734463
263,4896,4.0,1026158590
264,4896,4.5,1136978561
274,4896,2.0,1171756119
280,4896,4.0,1348532498
288,4896,3.5,1054568482
291,4896,5.0,1453051459
292,4896,4.0,1017364825
298,4896,3.0,1447598132
301,4896,4.0,1211378854
305,4896,3.0,1518198357
307,4896,3.0,1186161948
318,4896,3.0,1237233413
328,4896,4.0,1494212134
330,4896,4.5,1285905617
334,4896,3.5,1225476637
339,4896,2.5,1460183489
357,4896,3.5,1348611787
365,4896,2.5,1488333556
376,4896,4.5,1364994696
380,4896,3.0,1494528181
381,4896,4.0,1164876982
382,4896,4.5,1515162169
387,4896,3.0,1094938591
414,4896,2.0,1069692955
417,4896,5.0,1529283632
425,4896,3.5,1106482521
426,4896,5.0,1451080614
427,4896,2.0,1053071156
428,4896,3.0,1111524229
434,4896,2.5,1270604915
438,4896,4.0,1105650158
445,4896,3.0,1454621742
448,4896,3.0,1205164753
466,4896,5.0,1439915283
474,4896,4.5,1081177303
475,4896,5.0,1498030073
480,4896,3.5,1179162149
483,4896,4.5,1178358133
489,4896,3.5,1334170044
490,4896,3.0,1328145467
491,4896,5.0,1522964129
509,4896,3.5,1435992593
517,4896,4.0,1487956889
525,4896,3.0,1476476203
527,4896,5.0,1033174070
534,4896,4.0,1459787996
552,4896,3.5,1112151308
556,4896,5.0,1534320962
557,4896,4.5,1452875027
560,4896,3.0,1469654114
581,4896,5.0,1447007435
590,4896,3.5,1258421231
593,4896,2.0,1181008039
596,4896,3.5,1535708342
599,4896,3.0,1498525142
600,4896,4.0,1237713120
605,4896,3.5,1277175611
606,4896,4.0,1171322878
608,4896,3.0,1117162371
610,4896,4.0,1493844855
4,4902,4.0,1007569465
187,4902,4.5,1161849512
330,4902,4.0,1288837313
387,4902,3.0,1127963223
414,4902,4.0,1034002959
474,4902,4.0,1137367839
594,4902,0.5,1108950708
599,4902,3.0,1498523741
606,4902,2.5,1176332154
610,4902,4.0,1493845804
177,4920,4.5,1435537226
474,4920,4.0,1007320649
599,4920,2.5,1498516824
7,4963,4.0,1106636702
18,4963,4.0,1455209694
21,4963,4.5,1403460880
41,4963,3.0,1458939699
45,4963,5.0,1007994440
62,4963,4.5,1521489743
63,4963,4.0,1443200556
68,4963,3.5,1158531698
69,4963,3.0,1021646104
76,4963,3.5,1439168260
80,4963,4.5,1377308707
83,4963,3.0,1333843526
86,4963,4.5,1344083278
88,4963,4.5,1331421775
91,4963,3.5,1112712364
97,4963,5.0,1043383291
104,4963,3.5,1416241898
105,4963,4.0,1446573318
111,4963,4.5,1516140855
116,4963,4.0,1337200051
119,4963,5.0,1435944285
122,4963,4.0,1461561478
129,4963,4.0,1167376120
132,4963,3.0,1157921240
137,4963,2.5,1204859503
140,4963,3.0,1030558935
141,4963,4.0,1513130228
165,4963,5.0,1046741972
166,4963,4.5,1190827463
167,4963,4.5,1154721622
169,4963,4.5,1059428105
177,4963,4.0,1435524217
182,4963,4.0,1054780933
190,4963,3.0,1504310065
196,4963,3.5,1460954295
198,4963,4.0,1034195349
199,4963,3.5,1101073599
200,4963,4.0,1229886103
215,4963,4.0,1260909378
219,4963,5.0,1194686334
222,4963,4.0,1391350622
226,4963,4.5,1095663230
232,4963,4.0,1218164853
239,4963,4.0,1221159528
246,4963,4.5,1354126599
249,4963,4.0,1346757985
256,4963,4.5,1446580206
259,4963,4.0,1146845651
261,4963,4.5,1404881388
274,4963,4.0,1171943576
275,4963,4.0,1049077716
280,4963,4.5,1348532327
282,4963,4.0,1378491801
286,4963,4.0,1119563928
287,4963,2.0,1110230650
288,4963,3.5,1054569123
292,4963,3.0,1041613411
298,4963,2.5,1447598104
301,4963,4.0,1211377329
305,4963,4.0,1460135856
306,4963,3.0,1518380999
308,4963,1.0,1421375732
310,4963,4.0,1078649529
325,4963,3.0,1039399105
328,4963,3.0,1494211356
330,4963,3.5,1285905340
331,4963,4.0,1537157705
332,4963,3.5,1352673749
334,4963,3.5,1229960358
351,4963,4.0,1328289069
354,4963,3.5,1200870312
357,4963,4.5,1348612199
361,4963,4.5,1204045831
365,4963,2.5,1488333524
380,4963,3.0,1494528161
381,4963,4.0,1166972007
387,4963,3.5,1185007107
393,4963,5.0,1430507415
414,4963,4.0,1008690868
425,4963,4.0,1085492400
427,4963,4.0,1053071078
432,4963,3.5,1316391775
434,4963,4.0,1270604560
438,4963,4.0,1105650170
448,4963,4.0,1019124380
452,4963,4.0,1013394745
460,4963,4.0,1359177663
464,4963,4.0,1287400304
466,4963,5.0,1439915252
474,4963,4.0,1046871225
480,4963,3.5,1179163588
483,4963,4.0,1178215672
487,4963,2.5,1428649983
489,4963,3.5,1333101608
495,4963,5.0,1458635476
509,4963,3.5,1435993262
517,4963,0.5,1487958104
519,4963,4.0,1518478565
522,4963,4.5,1254547310
525,4963,4.5,1476479350
534,4963,4.0,1459787997
537,4963,5.0,1424138250
542,4963,5.0,1163386785
553,4963,4.5,1230773568
560,4963,4.0,1469650011
561,4963,3.5,1491095181
562,4963,4.5,1368893936
580,4963,4.0,1167791407
586,4963,4.0,1529899279
590,4963,3.5,1258417935
593,4963,2.5,1181007686
596,4963,3.5,1535708292
598,4963,4.0,1430616903
599,4963,4.0,1498499728
600,4963,1.0,1237759148
601,4963,4.5,1441639875
606,4963,4.0,1171365290
608,4963,4.5,1117162382
610,4963,4.0,1493844817
68,4969,3.0,1267237921
186,4969,5.0,1031080785
232,4969,3.0,1182910064
474,4969,3.5,1181348156
474,4970,4.0,1061384234
16,4973,4.0,1377476860
18,4973,4.0,1455209683
21,4973,3.0,1403460991
23,4973,3.5,1107163755
24,4973,3.5,1458940978
34,4973,4.0,1162049117
41,4973,4.0,1458933682
62,4973,4.5,1521488600
64,4973,5.0,1161520450
68,4973,2.0,1158531456
72,4973,5.0,1217324685
74,4973,5.0,1207500854
77,4973,2.5,1535107527
83,4973,5.0,1332839836
87,4973,5.0,1296109055
89,4973,2.0,1520408268
95,4973,5.0,1044744647
103,4973,5.0,1431954565
104,4973,5.0,1048586531
105,4973,4.0,1446573302
108,4973,5.0,1042841603
110,4973,5.0,1175329835
125,4973,0.5,1474141865
132,4973,4.0,1329984107
141,4973,3.5,1513130212
144,4973,4.0,1136812796
153,4973,5.0,1525548444
156,4973,4.0,1106882006
166,4973,5.0,1188774462
168,4973,3.5,1306801658
178,4973,5.0,1164355534
182,4973,4.5,1066639510
190,4973,5.0,1504310024
198,4973,4.0,1034135324
199,4973,2.5,1090544433
200,4973,5.0,1229885760
204,4973,4.0,1327182812
215,4973,4.5,1260908712
221,4973,5.0,1118246587
222,4973,3.0,1391346900
223,4973,5.0,1226210055
233,4973,4.0,1448816384
241,4973,5.0,1447536225
246,4973,4.0,1354127188
253,4973,5.0,1286643897
254,4973,4.5,1180447449
256,4973,4.0,1446580198
260,4973,3.5,1109410537
263,4973,4.0,1120071511
275,4973,5.0,1049079133
280,4973,4.0,1348434081
286,4973,5.0,1119561934
287,4973,5.0,1110231126
295,4973,4.5,1320064768
298,4973,3.0,1447584659
300,4973,4.0,1425351826
301,4973,4.0,1211378380
305,4973,5.0,1464298261
317,4973,5.0,1430512213
318,4973,4.0,1235502945
322,4973,4.5,1217676707
326,4973,4.0,1436898118
328,4973,4.5,1494211933
331,4973,4.0,1537157678
332,4973,4.0,1352672017
334,4973,4.0,1225478717
336,4973,5.0,1120568518
339,4973,5.0,1460182923
344,4973,4.0,1420496126
346,4973,3.0,1094645854
348,4973,5.0,1378850245
352,4973,3.0,1493931944
354,4973,4.5,1200870239
356,4973,5.0,1228073344
365,4973,1.0,1488333520
370,4973,4.5,1159161964
376,4973,4.5,1364932968
381,4973,5.0,1200824153
387,4973,4.0,1094875235
390,4973,5.0,1250335591
391,4973,5.0,1030824733
398,4973,5.0,1311207812
414,4973,5.0,1027519001
416,4973,4.0,1187496196
420,4973,3.5,1218207556
425,4973,4.0,1163190819
428,4973,4.0,1111524376
432,4973,3.5,1316391793
445,4973,5.0,1454621679
449,4973,4.0,1053199972
453,4973,5.0,1034602008
462,4973,1.5,1383870335
471,4973,4.0,1496669566
474,4973,5.0,1046811889
477,4973,4.5,1200939429
480,4973,4.5,1179160059
483,4973,5.0,1178211491
487,4973,3.0,1428574208
488,4973,5.0,1112382186
489,4973,5.0,1332773263
490,4973,4.0,1334940456
497,4973,3.0,1429127332
509,4973,4.0,1435992320
511,4973,4.0,1450094205
517,4973,3.0,1487957313
520,4973,5.0,1326609390
523,4973,5.0,1503125880
525,4973,4.5,1476476416
526,4973,4.5,1502131985
533,4973,5.0,1424753646
542,4973,3.5,1163386898
560,4973,4.0,1469649999
580,4973,4.5,1167790644
581,4973,3.5,1447007158
593,4973,3.5,1181007827
596,4973,4.0,1535708250
599,4973,5.0,1498533410
600,4973,4.0,1237709789
606,4973,4.5,1171233963
610,4973,4.0,1479543012
20,4979,4.0,1054037364
22,4979,3.5,1268726990
41,4979,2.5,1458938813
45,4979,3.0,1034343730
63,4979,4.0,1443200138
64,4979,4.0,1161520782
68,4979,2.5,1158532803
73,4979,5.0,1464267271
74,4979,4.5,1207501942
89,4979,1.5,1520408338
91,4979,2.0,1112711796
95,4979,4.0,1043339692
122,4979,5.0,1461561706
125,4979,4.5,1474296034
141,4979,3.5,1513130978
144,4979,3.5,1136813105
153,4979,3.0,1525548713
156,4979,4.5,1106882088
160,4979,4.5,1058456459
177,4979,3.5,1435525998
182,4979,4.0,1054780352
187,4979,4.5,1161849796
198,4979,1.0,1034136388
199,4979,2.0,1018206732
200,4979,2.5,1229886424
212,4979,4.0,1512503977
220,4979,2.0,1230061704
222,4979,1.5,1391374735
226,4979,4.0,1096419913
249,4979,4.0,1375540734
274,4979,3.5,1171511553
275,4979,5.0,1049077486
282,4979,4.5,1378496837
287,4979,5.0,1110231544
288,4979,3.0,1044636568
298,4979,3.0,1449592048
307,4979,4.5,1186162216
332,4979,3.5,1352674022
356,4979,4.0,1229139434
357,4979,3.5,1348610375
361,4979,1.5,1204046146
369,4979,3.5,1237081992
387,4979,3.5,1094938539
391,4979,2.0,1030824751
414,4979,5.0,1014653694
416,4979,5.0,1187495599
434,4979,4.5,1271039113
448,4979,3.5,1070384303
454,4979,4.5,1279480611
462,4979,1.0,1488673052
473,4979,4.5,1169351672
474,4979,4.0,1129579371
477,4979,4.5,1200939537
479,4979,5.0,1039362656
480,4979,5.0,1179163450
495,4979,5.0,1458635809
504,4979,4.0,1072065987
520,4979,4.0,1326609928
525,4979,4.5,1476477506
526,4979,4.0,1502133553
560,4979,4.0,1469650099
561,4979,5.0,1491092450
573,4979,4.0,1186589404
593,4979,2.5,1181008231
596,4979,3.5,1535709672
599,4979,3.5,1498501848
606,4979,4.0,1171234335
610,4979,4.0,1493844919
29,4980,2.0,1307906020
45,4980,2.0,1007483743
64,4980,4.0,1161566646
161,4980,5.0,1176746342
167,4980,3.0,1154719107
182,4980,3.0,1055156270
226,4980,4.0,1101596116
286,4980,3.0,1119564163
298,4980,3.0,1450452896
307,4980,3.0,1186086524
313,4980,2.0,1030475450
380,4980,4.0,1494804719
414,4980,2.0,1008691166
441,4980,3.5,1449070949
448,4980,3.0,1019125449
474,4980,4.0,1013367485
477,4980,3.0,1200943173
561,4980,3.0,1491095342
599,4980,2.5,1519122705
608,4980,2.5,1117506994
7,4993,4.5,1106636589
9,4993,5.0,1044657051
10,4993,4.0,1455356385
15,4993,3.5,1510571754
16,4993,3.5,1377477289
17,4993,4.5,1305696817
18,4993,4.5,1455209675
20,4993,5.0,1054037162
21,4993,1.5,1419025153
22,4993,1.0,1268726251
25,4993,5.0,1535470421
28,4993,3.0,1234338192
30,4993,5.0,1500370423
45,4993,5.0,1034343730
61,4993,4.5,1145532353
62,4993,5.0,1521488587
63,4993,4.0,1443199786
64,4993,4.5,1161519956
65,4993,3.5,1494767062
66,4993,5.0,1093747405
67,4993,2.0,1501274083
68,4993,4.5,1158531063
75,4993,5.0,1158967649
77,4993,5.0,1535107512
82,4993,4.0,1084468296
83,4993,4.0,1332840088
86,4993,4.0,1344082794
88,4993,5.0,1331421804
91,4993,4.5,1112711439
97,4993,5.0,1043382998
103,4993,4.0,1431955231
104,4993,3.0,1048586475
105,4993,4.0,1446573293
106,4993,5.0,1467360286
108,4993,3.0,1042839597
112,4993,5.0,1442535783
119,4993,5.0,1435944174
123,4993,3.5,1447269095
129,4993,4.5,1167375869
131,4993,3.5,1349840317
132,4993,4.5,1157920555
135,4993,5.0,1009692470
137,4993,5.0,1204859309
139,4993,4.0,1453923961
140,4993,3.0,1030558904
141,4993,4.0,1513129856
144,4993,4.5,1136812658
148,4993,3.0,1482548771
160,4993,2.0,1058457619
166,4993,3.5,1188774575
167,4993,5.0,1154721752
169,4993,4.5,1059494461
177,4993,2.0,1435523692
178,4993,4.0,1164354874
180,4993,4.5,1270237909
182,4993,3.0,1054780153
186,4993,5.0,1031081151
187,4993,4.5,1161849940
189,4993,4.0,1439465093
198,4993,2.0,1034136388
200,4993,4.0,1229886061
203,4993,5.0,1390094672
204,4993,4.0,1327183628
209,4993,5.0,1524522273
210,4993,4.0,1527266259
212,4993,3.0,1490121276
213,4993,4.0,1316196313
215,4993,4.0,1260908683
219,4993,3.5,1194681037
222,4993,4.0,1391350311
226,4993,4.0,1095662416
232,4993,3.5,1218169632
233,4993,4.0,1448815893
239,4993,5.0,1221158212
246,4993,5.0,1354126775
247,4993,4.0,1467644043
249,4993,5.0,1346757869
254,4993,4.5,1180445990
259,4993,0.5,1146845341
263,4993,4.5,1090948156
272,4993,2.0,1532266027
274,4993,3.0,1171409651
275,4993,4.0,1049077375
279,4993,4.0,1506394312
286,4993,4.5,1119563396
287,4993,4.0,1110229952
288,4993,5.0,1034954746
291,4993,3.0,1464337114
292,4993,3.5,1293562353
298,4993,4.0,1447598081
305,4993,5.0,1460135293
307,4993,3.0,1186161407
308,4993,3.5,1421373882
309,4993,4.5,1126452267
313,4993,5.0,1030475342
318,4993,4.0,1278433613
322,4993,3.5,1217676368
325,4993,5.0,1039396998
326,4993,4.0,1419880560
330,4993,3.5,1285904328
331,4993,4.5,1537157644
332,4993,4.0,1352672138
334,4993,3.5,1225479027
339,4993,3.5,1460182388
343,4993,5.0,1202060823
348,4993,5.0,1378850645
351,4993,4.0,1328288166
352,4993,5.0,1493675357
356,4993,3.5,1229142838
361,4993,2.5,1204045588
362,4993,5.0,1530639759
363,4993,3.0,1502584387
365,4993,3.5,1488332396
366,4993,4.5,1445546419
370,4993,4.5,1159163419
371,4993,4.5,1407692691
376,4993,4.5,1364933127
378,4993,4.5,1445345881
380,4993,5.0,1493423199
381,4993,4.0,1200824346
382,4993,5.0,1515160693
387,4993,3.0,1117355720
391,4993,5.0,1030824777
393,4993,5.0,1430505859
399,4993,4.5,1167220302
400,4993,4.0,1498870354
401,4993,3.0,1510450411
407,4993,5.0,1424349189
408,4993,5.0,1467371723
413,4993,5.0,1484439852
414,4993,5.0,1010588118
417,4993,5.0,1529284448
418,4993,5.0,1461865574
420,4993,4.5,1218041503
425,4993,4.5,1085490522
426,4993,1.5,1451081174
427,4993,4.0,1053071048
428,4993,3.5,1111487952
432,4993,3.5,1316391569
434,4993,5.0,1270604133
438,4993,3.0,1105649530
439,4993,5.0,1436943880
441,4993,5.0,1449070471
443,4993,4.5,1420236297
445,4993,5.0,1454621693
448,4993,4.0,1041438979
453,4993,4.0,1018860207
460,4993,5.0,1359177941
462,4993,4.5,1123892035
464,4993,5.0,1275549389
466,4993,4.0,1439885080
472,4993,4.0,1345843258
474,4993,5.0,1013367179
475,4993,5.0,1498029357
477,4993,4.5,1200939842
480,4993,3.5,1179160162
483,4993,4.5,1178292943
487,4993,4.0,1428574196
488,4993,5.0,1112382145
489,4993,4.0,1332772158
490,4993,3.5,1328145287
495,4993,0.5,1458635247
496,4993,4.0,1415520448
497,4993,2.0,1429127309
504,4993,4.0,1064450665
509,4993,5.0,1435992277
510,4993,2.5,1141160590
511,4993,5.0,1450093997
514,4993,2.0,1533871470
520,4993,4.0,1326609118
522,4993,3.5,1301727582
523,4993,5.0,1503125899
531,4993,5.0,1032961880
534,4993,4.0,1459787998
537,4993,4.5,1424138037
540,4993,4.0,1179108930
551,4993,2.0,1504320880
556,4993,4.5,1534320935
558,4993,5.0,1035415811
560,4993,4.0,1469647838
561,4993,5.0,1491090821
567,4993,3.0,1525287066
570,4993,4.0,1181554077
573,4993,5.0,1248840083
580,4993,4.5,1167673962
581,4993,4.5,1447007092
582,4993,3.5,1446792639
586,4993,5.0,1529899282
590,4993,4.5,1258420625
593,4993,4.5,1181007493
596,4993,4.0,1535627335
599,4993,4.0,1498499417
600,4993,5.0,1237714397
601,4993,5.0,1441639520
605,4993,5.0,1277175627
606,4993,4.5,1171376047
608,4993,4.5,1117407739
610,4993,5.0,1479545850
7,4995,4.5,1106636610
10,4995,4.0,1455301798
15,4995,5.0,1510571789
18,4995,4.5,1455209718
20,4995,5.0,1054037101
22,4995,3.5,1268727353
24,4995,3.5,1458940973
28,4995,3.0,1236313511
36,4995,1.0,1100803560
62,4995,4.5,1521822370
63,4995,4.0,1443200558
68,4995,3.5,1158531267
70,4995,4.5,1355198459
73,4995,4.0,1464196972
80,4995,4.5,1377308764
83,4995,3.0,1333842175
88,4995,4.5,1331421834
98,4995,4.0,1532457950
100,4995,4.0,1100184053
105,4995,4.0,1446573323
108,4995,5.0,1042841603
111,4995,4.0,1516140854
119,4995,5.0,1435944289
124,4995,4.0,1336584442
125,4995,4.0,1474470121
132,4995,3.0,1157921525
137,4995,4.0,1204859463
140,4995,5.0,1012506009
153,4995,3.5,1525548791
161,4995,3.0,1176498512
169,4995,4.5,1059428888
177,4995,4.0,1435524227
182,4995,4.0,1055157215
185,4995,5.0,1044311310
186,4995,3.0,1031072742
190,4995,4.0,1504310057
195,4995,4.0,1012210144
198,4995,4.0,1034136695
200,4995,4.0,1229878007
210,4995,4.5,1533997924
219,4995,4.0,1217436309
222,4995,4.5,1391350753
223,4995,2.5,1226209842
226,4995,4.5,1095663278
230,4995,2.5,1196304610
232,4995,4.0,1182910036
233,4995,3.5,1529334670
247,4995,4.0,1467644359
254,4995,4.0,1180446548
256,4995,5.0,1446580211
258,4995,5.0,1534892912
263,4995,4.0,1026158590
264,4995,5.0,1136978471
274,4995,4.0,1228303165
282,4995,5.0,1378491814
286,4995,5.0,1119563940
288,4995,3.0,1026822457
298,4995,3.0,1447598113
301,4995,4.5,1211378223
305,4995,5.0,1464428743
307,4995,3.0,1186086093
310,4995,4.0,1078649098
318,4995,3.5,1254132845
326,4995,4.5,1324921736
328,4995,0.5,1494211137
331,4995,4.5,1537157695
332,4995,4.0,1352671998
339,4995,5.0,1460183309
351,4995,4.5,1325979956
354,4995,4.0,1200870376
356,4995,3.5,1229143096
357,4995,4.0,1348612227
359,4995,5.0,1198113093
362,4995,3.5,1530640232
365,4995,4.0,1488333532
376,4995,4.5,1364994501
381,4995,4.0,1165975380
387,4995,3.0,1094877958
391,4995,4.0,1030824794
393,4995,4.0,1430507442
414,4995,4.0,1017669769
416,4995,2.5,1187496628
417,4995,5.0,1529283609
419,4995,3.5,1321757429
423,4995,3.5,1155285591
425,4995,4.0,1085492438
426,4995,4.5,1451081192
427,4995,4.0,1053071051
432,4995,4.5,1316391806
434,4995,4.0,1270604908
438,4995,4.0,1105650222
445,4995,4.0,1454621925
453,4995,5.0,1018860260
460,4995,5.0,1359177630
474,4995,3.5,1087832443
479,4995,5.0,1039362765
480,4995,4.0,1179160783
483,4995,4.5,1415579293
487,4995,3.0,1428649954
489,4995,4.0,1333101658
495,4995,5.0,1458635276
504,4995,4.0,1072066270
514,4995,4.0,1533949192
517,4995,3.5,1487953149
520,4995,4.0,1326609426
523,4995,5.0,1507987981
525,4995,3.5,1476476678
528,4995,4.5,1391736517
534,4995,4.0,1459787997
542,4995,4.5,1163386831
552,4995,4.0,1112151300
560,4995,3.5,1469648054
562,4995,5.0,1368893959
580,4995,3.5,1167861744
581,4995,4.5,1447007422
590,4995,4.0,1258416711
593,4995,4.0,1181007958
596,4995,3.0,1535708291
599,4995,2.5,1498518536
600,4995,3.0,1237711025
601,4995,4.0,1441639880
606,4995,4.0,1171323919
608,4995,4.5,1189471185
474,4998,3.5,1139102575
18,5008,4.5,1456744749
75,5008,4.0,1158968122
186,5008,5.0,1031073408
221,5008,4.0,1118246704
309,5008,4.5,1166068369
325,5008,4.0,1039395975
421,5008,4.5,1311494456
474,5008,4.0,1061297547
520,5008,5.0,1326611416
474,5012,4.0,1100120007
20,5015,4.0,1054037122
22,5015,0.5,1268727162
64,5015,4.0,1161559896
68,5015,4.0,1158533657
95,5015,4.5,1105400652
140,5015,4.0,1037013482
182,5015,4.5,1054780581
199,5015,3.5,1099856073
226,5015,2.5,1096420956
288,5015,3.0,1074091483
312,5015,4.0,1043177537
414,5015,4.0,1024063027
425,5015,3.0,1117290442
427,5015,3.5,1053071021
474,5015,4.0,1046809230
489,5015,0.5,1332704762
553,5015,3.5,1219559989
599,5015,2.5,1498517878
108,5034,4.0,1042840627
275,5034,2.0,1049079001
474,5034,5.0,1013367293
24,5064,4.5,1458941650
52,5064,5.0,1468051349
64,5064,3.5,1161563761
68,5064,4.5,1158534637
80,5064,5.0,1377308408
119,5064,4.5,1438440197
140,5064,4.0,1033727505
177,5064,3.5,1435526178
219,5064,3.5,1195349138
232,5064,4.0,1184190220
264,5064,1.5,1136978798
274,5064,3.5,1177013754
288,5064,3.0,1040670025
307,5064,4.5,1196131116
317,5064,3.0,1430517259
381,5064,4.5,1164876999
390,5064,4.0,1250341269
408,5064,5.0,1467361327
414,5064,4.0,1033391106
427,5064,3.5,1053070928
428,5064,3.0,1111489747
438,5064,3.0,1105649848
474,5064,4.0,1100291927
480,5064,4.0,1179161286
525,5064,4.0,1476476910
558,5064,5.0,1035415811
562,5064,4.0,1368897010
573,5064,4.0,1186589675
590,5064,3.5,1258427876
600,5064,1.5,1237764418
608,5064,4.0,1117162288
610,5064,4.0,1493845250
125,5088,5.0,1474141620
474,5114,4.0,1063110654
18,5120,4.5,1516054115
105,5120,4.0,1448196076
318,5120,4.0,1419076941
108,5135,4.0,1042838912
263,5135,4.0,1090948234
275,5135,5.0,1049077486
391,5135,4.0,1030827680
414,5135,4.0,1034687124
474,5135,4.0,1046811786
479,5135,5.0,1039367856
484,5135,2.0,1342228021
488,5135,4.0,1112382363
489,5135,4.5,1333234462
600,5135,1.0,1237851487
606,5135,4.5,1171408765
200,5139,3.0,1229877842
226,5139,3.5,1130137064
307,5139,4.0,1186085795
325,5139,3.0,1039398757
387,5139,2.5,1095121241
414,5139,3.5,1073680658
599,5139,1.5,1519150831
606,5139,3.5,1171810004
610,5139,5.0,1479542861
474,5213,1.5,1089387504
462,5224,4.5,1201445657
474,5224,4.0,1201833144
318,5238,3.5,1417278799
474,5238,3.5,1165540071
20,5254,3.0,1054147243
21,5254,3.0,1452052112
51,5254,2.5,1230929994
62,5254,3.0,1521489715
64,5254,3.0,1161563848
68,5254,3.5,1158534696
139,5254,1.5,1453924651
166,5254,3.5,1189037889
182,5254,2.0,1054782316
195,5254,3.0,1017979236
232,5254,3.0,1218166253
249,5254,3.5,1355366786
274,5254,3.0,1171758780
298,5254,2.5,1447598473
305,5254,4.0,1460303255
312,5254,3.0,1043176312
313,5254,5.0,1030475942
380,5254,5.0,1494266402
391,5254,1.0,1030944035
414,5254,4.0,1017760676
425,5254,4.0,1114173114
427,5254,2.5,1053070658
428,5254,2.5,1111525675
438,5254,3.5,1105664512
464,5254,2.5,1325594173
480,5254,2.0,1179164326
495,5254,3.5,1458636268
528,5254,4.0,1391734555
573,5254,4.5,1186589230
580,5254,3.0,1167674832
596,5254,3.0,1535712077
599,5254,3.5,1498501417
608,5254,4.5,1117415398
610,5254,4.0,1493848113
18,5266,3.5,1455050827
21,5266,1.0,1468113551
64,5266,4.0,1161528870
68,5266,2.0,1158533058
86,5266,3.5,1343944747
140,5266,3.0,1058312998
177,5266,3.5,1435524670
182,5266,2.5,1063648979
211,5266,2.0,1350912032
219,5266,3.5,1200978030
249,5266,4.0,1415415359
274,5266,3.5,1177986784
287,5266,2.5,1110230643
298,5266,1.0,1447598339
307,5266,2.0,1186163280
325,5266,4.0,1039395799
357,5266,3.0,1348610049
380,5266,3.0,1494528286
381,5266,3.5,1167542261
414,5266,5.0,1033391106
415,5266,3.5,1382470418
419,5266,4.5,1321757727
426,5266,1.0,1451081361
427,5266,3.5,1053070638
438,5266,2.5,1105829452
453,5266,3.0,1034602312
474,5266,4.0,1069684884
484,5266,3.0,1342297102
489,5266,1.0,1332774836
525,5266,3.5,1476480944
542,5266,3.0,1163387955
558,5266,4.0,1035415615
561,5266,1.5,1491091858
590,5266,2.5,1267150640
599,5266,2.5,1498515721
608,5266,4.5,1117502912
610,5266,3.5,1493845169
64,5291,4.5,1161531091
83,5291,4.0,1332839904
105,5291,4.0,1446572194
140,5291,1.0,1117729298
168,5291,5.0,1306802788
199,5291,3.5,1095331571
219,5291,3.5,1194688041
221,5291,4.5,1119983899
325,5291,5.0,1039398154
332,5291,5.0,1352672926
348,5291,4.5,1378850270
387,5291,3.5,1174198365
397,5291,4.0,1181967285
398,5291,2.5,1311531312
414,5291,4.0,1074004712
474,5291,4.0,1165539866
477,5291,4.5,1200939343
599,5291,4.0,1519119132
91,5294,3.5,1112712934
307,5294,4.0,1190852080
330,5294,4.0,1288837247
387,5294,3.0,1163921192
414,5294,3.0,1046791709
427,5294,4.5,1053070577
474,5294,4.0,1089386180
558,5294,3.0,1035415648
562,5294,5.0,1368892856
608,5294,4.5,1117490659
610,5294,4.0,1493847524
74,5304,4.0,1207500356
606,5304,4.0,1171500642
108,5316,4.0,1042841663
140,5316,3.0,1036408912
182,5316,3.5,1063275627
414,5316,3.5,1064941652
474,5316,2.5,1057582021
479,5316,3.0,1039367867
489,5316,2.5,1333832863
7,5349,3.5,1106636606
18,5349,4.0,1456923908
20,5349,3.0,1054037241
21,5349,3.0,1441826946
28,5349,3.5,1234515706
34,5349,5.0,1162048858
45,5349,5.0,1021412297
48,5349,4.0,1127128913
62,5349,4.0,1521490245
63,5349,0.5,1443200379
66,5349,4.0,1093747788
68,5349,4.5,1158531619
77,5349,5.0,1535107538
80,5349,4.0,1377309022
82,5349,1.5,1084463955
83,5349,2.5,1333842608
91,5349,5.0,1112712351
95,5349,4.0,1043340392
103,5349,3.0,1431957240
104,5349,3.5,1101152665
105,5349,3.5,1446573322
106,5349,3.5,1467360748
108,5349,5.0,1042841085
114,5349,4.0,1485391411
116,5349,3.5,1337200037
132,5349,3.0,1157921227
139,5349,3.0,1453924140
140,5349,3.5,1115290565
153,5349,0.5,1525552590
160,5349,0.5,1058456918
166,5349,4.5,1189037860
167,5349,4.0,1154721636
169,5349,4.0,1059428835
177,5349,3.5,1435524223
182,5349,3.0,1055151103
186,5349,4.0,1031081207
187,5349,2.0,1161863812
198,5349,3.0,1034135416
199,5349,3.0,1023592667
200,5349,3.5,1229885797
210,5349,4.5,1517173212
218,5349,3.0,1111625121
219,5349,3.5,1194740109
220,5349,4.5,1230059732
223,5349,4.0,1226209834
226,5349,4.0,1095713133
230,5349,4.0,1196304296
232,5349,4.5,1076952051
239,5349,4.5,1221158178
247,5349,2.0,1467645405
249,5349,4.0,1346847829
254,5349,1.0,1180446291
263,5349,4.0,1026158404
274,5349,3.0,1171409959
275,5349,4.0,1049077746
282,5349,4.0,1378495635
286,5349,3.5,1119563839
288,5349,4.0,1101506959
292,5349,4.0,1039915101
298,5349,2.5,1447598111
303,5349,3.5,1053303086
307,5349,4.0,1242822663
312,5349,3.0,1043175658
313,5349,4.0,1030474727
325,5349,4.0,1039397313
328,5349,4.0,1494211426
330,5349,3.0,1285905323
331,5349,2.0,1537157712
338,5349,3.0,1530148456
354,5349,4.0,1200870136
356,5349,3.5,1229143321
362,5349,4.0,1530640272
365,5349,3.0,1488332442
380,5349,4.0,1494528163
381,5349,3.5,1200824554
391,5349,3.0,1030826998
393,5349,5.0,1430507415
414,5349,5.0,1020450091
420,5349,3.5,1218207198
423,5349,1.0,1155285552
425,5349,3.0,1106482551
427,5349,3.5,1053070478
428,5349,3.0,1111489223
432,5349,2.5,1316391780
434,5349,3.5,1270604360
438,5349,4.0,1105650150
448,5349,4.0,1026288001
453,5349,4.0,1034602292
459,5349,4.0,1520233572
462,5349,1.5,1138343547
464,5349,4.0,1287400268
466,5349,3.5,1439915257
474,5349,4.5,1100291637
475,5349,5.0,1498030075
477,5349,4.0,1200940130
480,5349,4.0,1179163739
483,5349,4.5,1178293961
489,5349,3.0,1333101600
497,5349,3.0,1429191394
509,5349,2.5,1435993264
511,5349,3.5,1522156000
513,5349,4.0,1159980720
520,5349,4.0,1326609365
531,5349,5.0,1032961880
534,5349,3.5,1459787998
540,5349,4.0,1179108600
551,5349,2.0,1506129024
552,5349,4.0,1112151281
560,5349,3.5,1469648598
561,5349,3.5,1491091129
567,5349,2.5,1525285039
570,5349,4.0,1181478738
573,5349,5.0,1186589361
580,5349,3.5,1167793008
581,5349,4.5,1447007420
590,5349,3.0,1258420945
596,5349,3.5,1535708298
599,5349,3.5,1498501062
600,5349,3.5,1237715185
606,5349,4.0,1171408549
608,5349,3.0,1117408260
610,5349,4.5,1479542641
474,5353,3.0,1046887386
10,5377,3.5,1455301898
41,5377,4.0,1458938982
51,5377,5.0,1230931924
63,5377,2.5,1443290294
95,5377,4.0,1048382853
132,5377,3.5,1157968979
140,5377,3.5,1055093077
144,5377,3.0,1136812901
156,5377,3.5,1106882030
159,5377,2.0,1508641264
165,5377,4.0,1046741356
169,5377,4.5,1059428078
182,5377,3.5,1055154555
185,5377,3.0,1044311310
190,5377,4.0,1504310152
199,5377,4.0,1023654612
200,5377,3.5,1229877074
226,5377,4.0,1114838981
263,5377,4.0,1026158404
275,5377,4.0,1049076289
281,5377,3.5,1183000447
288,5377,4.0,1066059364
298,5377,2.0,1449592080
345,5377,3.5,1342827633
356,5377,3.5,1229140027
380,5377,4.0,1494613028
381,5377,5.0,1200824138
414,5377,5.0,1023465698
428,5377,3.5,1111489257
438,5377,3.0,1105653960
453,5377,4.0,1034602241
474,5377,5.0,1087831477
480,5377,4.0,1179160500
489,5377,4.0,1332773802
504,5377,4.0,1063644675
509,5377,3.5,1435993445
514,5377,4.5,1535943283
552,5377,3.5,1112151264
560,5377,2.5,1469650173
562,5377,4.5,1368896535
564,5377,4.0,1481817601
599,5377,2.5,1498518745
606,5377,4.0,1171927678
610,5377,3.5,1493847024
182,5379,5.0,1064782930
232,5379,4.0,1214862995
318,5379,4.0,1239011043
414,5379,4.0,1069256371
474,5379,4.5,1053021147
480,5379,4.0,1179160809
20,5388,4.0,1054037110
22,5388,3.0,1268727177
62,5388,4.5,1530310806
64,5388,3.5,1161529230
80,5388,4.0,1377306417
103,5388,4.0,1431968885
140,5388,3.0,1060354397
156,5388,3.5,1106853902
182,5388,3.0,1054780855
184,5388,3.5,1537094597
198,5388,3.0,1039796901
219,5388,2.5,1200978016
226,5388,3.0,1097545069
288,5388,4.0,1049300614
312,5388,3.0,1043175658
317,5388,3.0,1430517251
380,5388,4.0,1494528277
387,5388,3.0,1094877608
393,5388,3.0,1430507618
414,5388,3.0,1043699480
424,5388,5.0,1457902007
427,5388,3.0,1053070403
448,5388,3.5,1082885201
453,5388,1.0,1034602280
477,5388,4.0,1200941311
480,5388,3.0,1179163795
482,5388,4.0,1105396953
489,5388,2.0,1333022339
558,5388,3.0,1035415648
590,5388,3.5,1267237826
599,5388,2.5,1498518357
608,5388,4.0,1117336806
610,5388,3.0,1493847408
309,5398,4.0,1086565596
474,5398,4.0,1080055004
345,5404,4.5,1342827537
474,5404,4.0,1132423144
479,5404,5.0,1039362256
7,5445,4.0,1106636707
9,5445,4.0,1044656792
15,5445,4.0,1510571793
18,5445,4.0,1455209691
20,5445,4.5,1054037115
21,5445,4.5,1418932153
24,5445,3.0,1458941621
28,5445,3.5,1234516004
45,5445,4.0,1057007317
48,5445,4.5,1127128898
62,5445,4.0,1521489745
63,5445,4.0,1443200261
64,5445,4.0,1161519691
66,5445,3.5,1093747761
68,5445,3.0,1158531331
75,5445,2.0,1158967067
76,5445,3.5,1439168250
80,5445,4.5,1377308306
82,5445,3.0,1084467477
86,5445,4.0,1344082829
91,5445,3.5,1112712361
95,5445,4.0,1043340522
105,5445,3.5,1446749722
108,5445,5.0,1042839079
111,5445,2.0,1516140766
129,5445,4.0,1167375910
139,5445,1.5,1453924128
140,5445,3.0,1055092997
141,5445,4.0,1513130156
160,5445,4.5,1065992004
165,5445,4.0,1046741616
166,5445,4.0,1189980538
169,5445,4.0,1059429208
177,5445,5.0,1435524214
182,5445,3.0,1054779798
187,5445,3.5,1161863913
190,5445,3.5,1504310055
198,5445,5.0,1034135416
200,5445,3.5,1229885871
211,5445,3.5,1350912391
219,5445,3.5,1194740102
223,5445,4.0,1226209775
226,5445,3.0,1095663213
232,5445,4.5,1182907760
237,5445,3.5,1411233549
239,5445,4.0,1221148020
247,5445,4.0,1467646525
249,5445,4.0,1346847731
254,5445,3.5,1180446236
256,5445,4.0,1446580203
257,5445,4.0,1141625611
263,5445,4.0,1026158404
274,5445,3.5,1171934907
275,5445,4.0,1049077590
282,5445,4.0,1378498797
286,5445,2.0,1119563813
288,5445,4.0,1069088466
292,5445,4.0,1265679884
298,5445,3.0,1447598101
303,5445,3.5,1053303172
305,5445,3.5,1460135945
307,5445,3.0,1186161600
312,5445,4.0,1043175837
316,5445,3.5,1111493378
325,5445,4.0,1039396830
330,5445,3.5,1285905295
332,5445,3.5,1352672336
336,5445,5.0,1120568123
338,5445,2.0,1530148457
339,5445,5.0,1460184297
354,5445,3.5,1200870121
356,5445,3.5,1229143312
357,5445,4.0,1348610418
365,5445,1.0,1488333527
376,5445,5.0,1364994389
380,5445,4.0,1494528159
381,5445,3.0,1165975968
387,5445,3.0,1094877331
393,5445,0.5,1430506636
396,5445,2.0,1111688535
399,5445,0.5,1167220394
407,5445,5.0,1424349200
414,5445,5.0,1024928368
416,5445,1.0,1187496656
418,5445,2.0,1461865948
423,5445,3.5,1155285483
425,5445,4.0,1085492413
427,5445,3.5,1053070303
428,5445,3.5,1111487560
430,5445,5.0,1058063775
432,5445,4.0,1316391715
434,5445,3.0,1270604305
438,5445,2.0,1105649819
448,5445,4.0,1026715888
453,5445,4.0,1034602261
460,5445,4.0,1359177785
474,5445,4.5,1053021105
477,5445,4.0,1200940049
483,5445,4.5,1178293786
487,5445,3.0,1428574211
489,5445,4.0,1333101549
504,5445,3.5,1077909293
520,5445,3.5,1326610875
534,5445,4.5,1459787997
540,5445,4.0,1179108791
542,5445,3.5,1163386937
551,5445,4.0,1506129018
560,5445,3.5,1469647851
561,5445,3.0,1491091089
570,5445,4.5,1181478127
573,5445,4.5,1186722529
580,5445,4.5,1167674258
586,5445,4.0,1529900253
590,5445,3.0,1258420859
596,5445,3.5,1535708295
599,5445,2.5,1498517900
601,5445,4.0,1441639872
606,5445,4.0,1171762778
608,5445,4.5,1147794899
610,5445,4.0,1493844814
28,5446,3.0,1237619224
140,5446,3.0,1055092478
312,5446,4.0,1043177830
326,5446,4.5,1332786939
414,5446,3.5,1067618234
474,5446,4.5,1087831859
509,5446,3.0,1435994737
108,5450,5.0,1042839079
165,5450,3.0,1046741394
199,5450,2.0,1028066388
474,5450,4.0,1046870757
599,5450,2.0,1519233000
9,5451,4.0,1044656836
307,5451,1.5,1186257802
312,5451,4.0,1043175738
414,5451,3.0,1037024123
474,5451,2.5,1089387222
7,5459,3.0,1106712820
18,5459,2.5,1455050758
21,5459,4.5,1376823441
34,5459,2.0,1162048159
50,5459,2.0,1514238599
51,5459,3.5,1230929364
62,5459,3.0,1521822660
66,5459,2.0,1113188404
68,5459,3.5,1180916147
82,5459,4.0,1084466345
91,5459,2.5,1112712384
105,5459,4.0,1446573393
110,5459,2.5,1175329445
125,5459,3.0,1474569899
139,5459,2.0,1453924285
141,5459,3.0,1513130468
160,5459,1.5,1065992218
169,5459,3.0,1059494361
177,5459,2.5,1435526025
198,5459,2.0,1034135451
219,5459,2.5,1194932454
222,5459,3.0,1391352108
230,5459,4.0,1196305078
232,5459,3.0,1218167164
239,5459,3.5,1221158833
249,5459,3.5,1353800103
256,5459,3.5,1446580294
263,5459,2.0,1026158427
274,5459,3.0,1172026671
288,5459,2.5,1054569296
298,5459,2.0,1447598208
305,5459,3.0,1460303034
307,5459,1.5,1186162565
318,5459,4.0,1261343217
334,5459,3.0,1232308282
341,5459,3.0,1487285079
344,5459,4.5,1420497307
354,5459,3.0,1200870824
361,5459,4.0,1204046409
380,5459,4.0,1494528191
381,5459,2.5,1168664750
414,5459,3.0,1039442795
427,5459,2.0,1053070277
428,5459,1.5,1111525181
438,5459,2.0,1105649831
448,5459,2.0,1028529803
466,5459,4.0,1439915394
475,5459,4.5,1498029909
477,5459,3.0,1262795608
480,5459,3.0,1179166157
483,5459,3.0,1327277805
509,5459,3.0,1435993428
520,5459,4.0,1326610387
534,5459,3.5,1459787997
586,5459,4.5,1529901651
590,5459,2.5,1258422488
596,5459,2.5,1535708434
600,5459,2.5,1237761474
606,5459,2.0,1172011338
608,5459,4.0,1117491650
610,5459,3.0,1493844971
7,5464,3.0,1106636612
18,5464,4.0,1458669462
22,5464,2.0,1268727450
28,5464,3.0,1242288783
29,5464,4.5,1405816207
36,5464,1.5,1100803567
63,5464,4.0,1443290320
66,5464,5.0,1093747535
68,5464,2.0,1233381166
91,5464,2.5,1112713160
95,5464,4.0,1048382977
105,5464,3.5,1446572075
132,5464,2.5,1157978973
139,5464,2.5,1453924404
140,5464,4.0,1028042730
165,5464,3.0,1046741356
166,5464,4.0,1189037853
167,5464,3.5,1154719103
169,5464,4.5,1059428714
182,5464,4.0,1055157277
199,5464,4.5,1094309740
220,5464,4.5,1241227503
226,5464,4.0,1160003425
239,5464,3.5,1221159081
249,5464,4.0,1347317880
275,5464,2.0,1049079480
288,5464,4.0,1092252167
307,5464,2.5,1186162788
339,5464,5.0,1460183035
351,5464,4.0,1328889117
357,5464,4.0,1348610439
365,5464,1.5,1488594774
380,5464,5.0,1493420520
414,5464,4.0,1026826617
427,5464,4.5,1053070266
432,5464,3.5,1316391105
448,5464,4.0,1034790010
453,5464,4.0,1034602280
474,5464,3.0,1046875127
477,5464,4.0,1200941143
483,5464,3.5,1415576140
517,5464,3.0,1487958137
522,5464,4.0,1399611342
552,5464,3.0,1112151276
561,5464,3.0,1491094510
596,5464,3.0,1535708589
599,5464,3.0,1498525258
608,5464,4.0,1189471112
610,5464,3.5,1493845116
391,5470,4.0,1030824733
474,5470,4.5,1053020964
488,5470,4.5,1112382352
318,5475,4.0,1525674956
391,5475,4.0,1030824894
474,5475,3.5,1201833285
414,5483,3.5,1065800129
474,5483,4.5,1062075832
480,5483,3.5,1179162508
182,5498,4.5,1069633734
7,5502,1.5,1106635745
20,5502,3.0,1054037284
28,5502,3.0,1277002131
45,5502,5.0,1034343599
62,5502,4.0,1521489661
64,5502,4.5,1161521125
68,5502,3.5,1158532382
80,5502,4.0,1377308376
108,5502,2.0,1042839211
129,5502,4.0,1167376607
132,5502,2.0,1157968868
139,5502,2.5,1453924270
141,5502,3.5,1513130473
160,5502,4.0,1065992029
165,5502,4.0,1046741616
169,5502,4.0,1059428864
177,5502,4.0,1435524479
182,5502,2.0,1054779945
199,5502,3.0,1091369858
220,5502,1.0,1230061876
226,5502,2.5,1095713147
230,5502,4.0,1196304849
232,5502,4.0,1076952044
249,5502,3.0,1356439436
274,5502,3.5,1177013147
298,5502,1.5,1447598182
303,5502,4.0,1053303229
307,5502,3.0,1186162428
312,5502,3.0,1043175688
318,5502,3.5,1262804523
331,5502,4.0,1537157933
332,5502,2.0,1352673403
339,5502,4.5,1460183254
344,5502,1.0,1420497143
356,5502,3.5,1229143480
357,5502,3.5,1348611289
380,5502,3.0,1494528193
381,5502,4.0,1165975455
387,5502,2.0,1212603919
414,5502,3.0,1045422612
419,5502,4.0,1318338423
428,5502,3.0,1111523983
434,5502,2.5,1271039108
448,5502,2.5,1076235449
453,5502,4.0,1034602132
474,5502,4.5,1081177369
477,5502,3.5,1200943177
480,5502,4.0,1179165539
483,5502,3.5,1415579306
489,5502,3.5,1385824004
514,5502,3.5,1535944773
517,5502,1.0,1487953335
525,5502,3.5,1476479402
542,5502,1.0,1163387381
560,5502,3.5,1469648877
567,5502,2.0,1525288592
573,5502,3.0,1248842682
580,5502,4.5,1167792717
590,5502,3.0,1258422363
596,5502,2.5,1535708451
599,5502,2.0,1498510901
608,5502,4.0,1117491425
610,5502,4.0,1493844974
51,5505,4.0,1230930858
156,5505,2.0,1106882195
165,5505,3.0,1046741616
199,5505,3.5,1094260030
275,5505,3.0,1049076302
287,5505,4.0,1110231595
288,5505,3.0,1052234590
298,5505,1.5,1458478850
414,5505,4.0,1033391039
474,5505,4.5,1100119974
504,5505,3.5,1072066056
599,5505,2.5,1498514731
165,5527,3.0,1046741356
287,5527,2.5,1110230931
474,5527,4.0,1046809547
594,5527,4.5,1108975786
45,5528,5.0,1034343599
64,5528,3.5,1161559969
111,5528,3.0,1516141186
165,5528,3.0,1046741616
182,5528,3.5,1055153034
274,5528,3.5,1197014107
288,5528,4.0,1057599241
298,5528,0.5,1447598506
380,5528,4.0,1494267391
425,5528,3.0,1117290437
427,5528,4.5,1053070155
428,5528,4.0,1111525693
448,5528,4.0,1143893757
474,5528,4.0,1089386191
480,5528,2.5,1179164198
599,5528,2.5,1498517909
600,5528,3.0,1237713747
608,5528,4.5,1117408498
610,5528,4.0,1493848123
66,5548,4.5,1113188591
414,5548,3.0,1034002624
448,5548,3.0,1029240574
474,5548,2.0,1046887698
599,5548,2.5,1519141620
28,5577,2.0,1242289900
104,5577,1.5,1095373281
156,5577,4.0,1106882178
165,5577,3.0,1046741372
182,5577,4.0,1054781263
326,5577,4.5,1322250928
356,5577,4.5,1229140613
414,5577,5.0,1044888496
474,5577,4.0,1046809495
480,5577,4.5,1179162321
599,5577,3.0,1498525287
610,5577,4.0,1493847271
474,5601,4.0,1073917632
275,5603,5.0,1049078254
474,5603,4.0,1108868174
7,5618,5.0,1106713586
15,5618,3.0,1510578001
16,5618,4.5,1377476877
17,5618,5.0,1322628751
20,5618,5.0,1054037190
23,5618,4.0,1107163683
41,5618,3.5,1458939566
50,5618,4.0,1527106171
62,5618,5.0,1521488944
63,5618,4.0,1443200445
66,5618,4.5,1093747753
68,5618,2.5,1198454699
87,5618,5.0,1296109045
91,5618,4.0,1112712849
95,5618,4.5,1105400677
98,5618,4.0,1532458161
103,5618,4.0,1431954589
104,5618,4.0,1087721492
105,5618,4.0,1446571759
129,5618,4.5,1167377037
132,5618,3.5,1157920690
141,5618,4.5,1513130909
144,5618,4.0,1136813011
148,5618,3.0,1482548682
166,5618,4.5,1188774593
182,5618,4.5,1065660030
187,5618,5.0,1161849806
190,5618,4.0,1504310096
193,5618,5.0,1436558923
212,5618,4.0,1490115592
246,5618,5.0,1354126969
247,5618,3.5,1467644468
256,5618,0.5,1446580245
260,5618,4.5,1109410553
274,5618,4.0,1219088538
287,5618,4.5,1110230066
288,5618,4.0,1071523928
296,5618,4.5,1532994001
298,5618,4.0,1447517997
305,5618,5.0,1460135409
306,5618,3.5,1518380283
307,5618,4.0,1186162769
308,5618,4.0,1421373910
318,5618,4.5,1424546834
322,5618,3.0,1217677087
334,5618,3.5,1225477587
339,5618,5.0,1460183478
343,5618,3.0,1202061272
344,5618,4.5,1420497259
346,5618,4.0,1133799678
356,5618,4.0,1229143475
370,5618,4.0,1159163476
380,5618,5.0,1493420453
381,5618,5.0,1165975125
387,5618,4.5,1128876313
390,5618,4.5,1250335828
398,5618,5.0,1311207857
414,5618,5.0,1035828876
434,5618,5.0,1270607080
445,5618,4.5,1454621790
454,5618,3.0,1279547141
459,5618,5.0,1520233615
474,5618,4.5,1081177323
475,5618,5.0,1498029807
477,5618,4.0,1200939357
483,5618,5.0,1178210850
489,5618,4.0,1334170348
509,5618,4.0,1435993012
520,5618,4.0,1326611401
523,5618,5.0,1503125806
525,5618,4.5,1476478148
538,5618,5.0,1307846388
551,5618,3.0,1504925729
557,5618,5.0,1453467894
560,5618,4.0,1469649842
562,5618,4.0,1368892289
563,5618,4.0,1441846640
567,5618,2.0,1525288428
582,5618,3.5,1446794188
596,5618,4.5,1535708620
599,5618,2.5,1498532092
600,5618,5.0,1237746672
601,5618,5.0,1521397600
605,5618,3.0,1277175651
606,5618,4.5,1172441052
608,5618,3.5,1117407759
610,5618,4.0,1493844894
474,5629,2.0,1061580524
20,5630,3.5,1054037295
28,5630,2.5,1242290315
45,5630,5.0,1034343599
62,5630,5.0,1521489688
64,5630,3.5,1161529446
68,5630,2.5,1158533530
80,5630,4.5,1377309157
111,5630,0.5,1516141121
122,5630,4.5,1461562387
190,5630,4.0,1504310439
232,5630,4.0,1180747257
249,5630,4.0,1356277363
274,5630,3.0,1171759433
287,5630,1.0,1110230614
288,5630,4.0,1055953844
317,5630,5.0,1430517267
362,5630,4.5,1530643980
381,5630,2.0,1167542359
393,5630,2.0,1430507680
414,5630,3.0,1050071095
425,5630,4.0,1106483532
428,5630,3.0,1111523402
432,5630,4.5,1335139577
448,5630,3.0,1087807823
474,5630,3.5,1053021641
480,5630,3.0,1179178928
561,5630,2.5,1491094460
580,5630,4.0,1167861680
599,5630,2.5,1498518648
608,5630,4.5,1117162452
610,5630,4.0,1493847417
414,5633,3.5,1072068743
474,5633,4.0,1100119674
66,5644,4.0,1104645215
414,5644,2.5,1168281459
474,5644,4.0,1063631056
18,5669,3.5,1456919349
22,5669,4.5,1268726814
47,5669,4.0,1496205049
50,5669,2.5,1514238595
52,5669,4.5,1468051488
63,5669,5.0,1443200602
64,5669,3.5,1161520420
68,5669,3.5,1158531932
70,5669,4.5,1355198821
82,5669,3.0,1084465063
91,5669,3.0,1112713131
103,5669,3.0,1431957703
122,5669,4.5,1461562136
132,5669,3.0,1157921475
144,5669,3.5,1136812723
182,5669,4.0,1054781351
187,5669,4.0,1161849350
221,5669,5.0,1119984343
232,5669,3.0,1217540774
239,5669,4.5,1221158953
263,5669,3.5,1090948205
275,5669,5.0,1049077575
282,5669,4.0,1378491688
307,5669,2.5,1189456239
308,5669,3.0,1421375081
318,5669,3.5,1315335352
322,5669,4.0,1217677271
331,5669,2.5,1537157902
348,5669,4.0,1378851566
354,5669,4.0,1200870549
357,5669,2.5,1348610496
365,5669,0.5,1488332557
381,5669,3.5,1164876799
393,5669,5.0,1430506517
414,5669,4.0,1081119876
419,5669,4.5,1321766432
420,5669,4.0,1218207425
428,5669,4.5,1111488443
434,5669,4.0,1270606657
438,5669,3.5,1113763737
448,5669,4.0,1178981006
449,5669,4.5,1053199966
462,5669,4.5,1190436691
474,5669,4.0,1089386173
477,5669,4.0,1200940297
480,5669,3.5,1179160956
489,5669,4.0,1333023407
504,5669,3.5,1077909233
520,5669,3.5,1326687434
525,5669,4.0,1476477215
560,5669,4.0,1469649870
562,5669,4.0,1368897638
580,5669,4.0,1167790700
599,5669,4.5,1498539325
600,5669,3.5,1237850774
606,5669,4.0,1175637589
608,5669,3.5,1117336713
610,5669,4.0,1493844958
22,5673,0.5,1268727068
24,5673,4.0,1458941243
64,5673,5.0,1161529296
66,5673,5.0,1113190484
68,5673,3.0,1158533230
91,5673,3.0,1112712369
103,5673,4.5,1448753463
108,5673,5.0,1042840264
122,5673,4.5,1461562740
132,5673,2.0,1157982799
156,5673,3.0,1106882141
166,5673,4.5,1188774055
182,5673,4.0,1054781160
199,5673,4.5,1123439297
226,5673,4.0,1114839453
260,5673,3.0,1109408531
287,5673,5.0,1110231094
298,5673,3.0,1447598448
318,5673,4.0,1419078066
356,5673,3.5,1229139558
387,5673,2.5,1151743188
414,5673,5.0,1036431650
448,5673,1.5,1123436800
474,5673,4.5,1135721136
477,5673,4.5,1200946420
480,5673,3.5,1179163541
490,5673,2.5,1328146372
504,5673,2.0,1072065994
561,5673,3.5,1491092520
567,5673,3.5,1525282187
599,5673,3.5,1498798159
600,5673,3.0,1237762063
610,5673,5.0,1493845252
28,5682,2.5,1242108379
474,5682,4.0,1048279742
414,5685,4.0,1072057972
474,5685,4.5,1053021154
64,5690,5.0,1161530765
105,5690,5.0,1446572484
166,5690,5.0,1188774618
182,5690,4.5,1161623936
212,5690,4.0,1490115775
260,5690,5.0,1109410457
274,5690,3.0,1209600854
343,5690,5.0,1202060811
380,5690,4.0,1494804788
387,5690,4.0,1095310981
428,5690,3.5,1111525979
474,5690,4.5,1124123473
483,5690,3.5,1415579253
490,5690,4.0,1334940367
567,5690,4.0,1525283784
599,5690,2.5,1519117382
474,5694,1.5,1087832868
606,5694,3.0,1172968972
28,5747,3.5,1234338175
66,5747,5.0,1099187582
140,5747,3.0,1067987097
199,5747,4.5,1074006455
462,5747,4.5,1121921838
474,5747,4.5,1086613194
552,5747,5.0,1112151515
24,5791,4.0,1458944146
74,5791,4.0,1207502415
105,5791,4.0,1446773501
132,5791,3.5,1157924181
140,5791,3.0,1079472463
182,5791,4.5,1063275145
226,5791,4.0,1130136799
241,5791,4.0,1447540333
253,5791,4.0,1286642971
287,5791,4.5,1110231568
305,5791,3.5,1460303546
318,5791,4.0,1268585957
414,5791,3.0,1036679521
474,5791,4.0,1055769604
489,5791,3.0,1333234145
525,5791,3.5,1476479852
95,5792,4.0,1053153647
356,5792,5.0,1242881688
414,5792,3.5,1065799747
438,5792,4.0,1105654036
474,5792,2.5,1089387509
599,5792,3.0,1498525375
474,5802,4.0,1093142477
74,5812,4.0,1207500146
95,5812,4.0,1053153715
108,5812,5.0,1042839796
140,5812,2.5,1058313025
182,5812,3.5,1054780661
312,5812,4.0,1043177830
346,5812,3.5,1094646851
414,5812,3.5,1095465993
474,5812,4.5,1087831483
504,5812,4.5,1072066301
606,5812,3.5,1175636791
7,5816,4.5,1106635705
18,5816,3.5,1456923936
20,5816,4.5,1054037077
21,5816,4.0,1418932149
22,5816,0.5,1268726358
41,5816,1.0,1458939735
50,5816,2.5,1514238291
51,5816,5.0,1230931868
62,5816,4.5,1521490262
64,5816,3.5,1161520344
68,5816,5.0,1158531666
77,5816,5.0,1535107557
95,5816,3.0,1053153706
103,5816,2.5,1431957518
104,5816,4.5,1053336400
105,5816,3.5,1446573675
111,5816,4.0,1516143170
114,5816,4.0,1485388209
125,5816,3.0,1474289902
129,5816,4.0,1167376264
132,5816,3.0,1157921268
139,5816,3.0,1453924192
148,5816,4.0,1482548755
167,5816,4.5,1154721707
169,5816,4.5,1059494471
177,5816,5.0,1435525963
182,5816,3.5,1054781084
184,5816,2.5,1537094736
190,5816,5.0,1504310099
200,5816,4.0,1229886071
205,5816,3.5,1519900818
210,5816,4.5,1527266264
219,5816,2.5,1194931895
220,5816,4.5,1230061193
226,5816,2.5,1097545930
232,5816,3.0,1218167374
233,5816,3.5,1533296501
239,5816,4.0,1221158427
246,5816,3.0,1354134535
249,5816,3.5,1386513964
263,5816,3.0,1090948275
264,5816,4.0,1136978791
274,5816,3.0,1171944300
275,5816,2.0,1049077696
280,5816,4.0,1348532668
287,5816,1.5,1110231088
288,5816,3.0,1052234857
291,5816,5.0,1453051472
292,5816,3.5,1219625075
298,5816,3.0,1449592029
301,5816,4.5,1211378683
305,5816,3.0,1518198391
307,5816,3.0,1186162204
308,5816,5.0,1421375075
312,5816,3.0,1043177872
318,5816,3.0,1256504203
328,5816,4.0,1494211002
339,5816,2.5,1460183492
341,5816,4.0,1487285065
357,5816,4.0,1348627457
365,5816,2.5,1488332473
380,5816,3.0,1494528187
381,5816,4.0,1164876974
382,5816,4.0,1515162052
414,5816,3.0,1072057909
418,5816,4.5,1461868033
425,5816,3.5,1106482514
426,5816,5.0,1451080268
427,5816,2.0,1053069801
428,5816,2.0,1111525839
438,5816,4.0,1105649828
453,5816,4.0,1040621367
459,5816,4.0,1520233624
466,5816,5.0,1439915304
474,5816,4.5,1053021098
475,5816,4.5,1498030137
477,5816,3.5,1269832408
480,5816,3.5,1179162140
483,5816,3.5,1215895654
489,5816,3.0,1334170302
490,5816,2.5,1324376639
491,5816,5.0,1526672902
509,5816,3.5,1435993332
517,5816,4.0,1487954410
522,5816,3.0,1388124669
525,5816,3.5,1476479366
534,5816,4.0,1459787995
551,5816,4.0,1504925719
552,5816,3.5,1112151269
556,5816,4.5,1534320982
560,5816,3.0,1469649857
580,5816,3.0,1167792437
581,5816,5.0,1447007463
590,5816,3.5,1258421536
593,5816,2.0,1181007928
598,5816,5.0,1430616936
599,5816,3.0,1498525316
600,5816,4.0,1237713080
605,5816,3.5,1277175857
606,5816,4.0,1171322855
608,5816,3.0,1117162364
610,5816,4.0,1493844904
260,5820,3.5,1109410883
414,5820,3.0,1072572264
474,5820,4.0,1109686537
474,5875,2.5,1055172893
287,5876,3.5,1110230202
414,5876,4.0,1049060238
453,5876,5.0,1040621339
474,5876,4.0,1059658500
580,5876,3.0,1167790415
64,5878,3.5,1161531238
105,5878,3.5,1446572143
132,5878,3.5,1157920819
241,5878,4.0,1447536989
275,5878,4.0,1049077405
346,5878,4.5,1094651062
414,5878,4.0,1058144631
445,5878,4.5,1454621892
474,5878,4.0,1054557451
489,5878,4.5,1335695992
560,5878,4.0,1469657318
580,5878,4.0,1167790782
600,5878,4.5,1237742723
606,5878,4.0,1171325509
140,5899,3.0,1084272976
310,5899,5.0,1078648385
380,5899,5.0,1508437185
474,5899,3.0,1137442523
7,5952,4.5,1106636527
9,5952,5.0,1044656908
10,5952,4.0,1455356588
15,5952,3.5,1510571759
16,5952,3.5,1377477424
17,5952,5.0,1305696823
18,5952,3.5,1455209677
20,5952,5.0,1054037144
21,5952,2.0,1419025155
25,5952,5.0,1535470419
28,5952,3.5,1234338346
30,5952,5.0,1500370399
34,5952,1.0,1162049047
41,5952,2.0,1459367614
61,5952,4.5,1145531615
62,5952,5.0,1521488589
63,5952,3.5,1443200469
64,5952,4.5,1161519958
66,5952,5.0,1093747320
67,5952,2.0,1501274082
68,5952,4.0,1158531245
75,5952,4.0,1158982929
76,5952,3.0,1439168386
77,5952,5.0,1535107482
83,5952,3.5,1333843452
86,5952,4.0,1344082673
88,5952,5.0,1331421828
91,5952,4.0,1112713695
95,5952,4.5,1069614400
103,5952,3.5,1431970503
104,5952,4.0,1048586462
105,5952,4.0,1446571726
106,5952,5.0,1467360288
108,5952,3.0,1042839780
112,5952,5.0,1442535787
119,5952,4.5,1435944765
123,5952,3.5,1447269135
129,5952,4.5,1167375628
131,5952,3.5,1349840393
132,5952,3.0,1157920621
137,5952,4.5,1204859376
139,5952,4.0,1453923969
140,5952,4.0,1079472379
141,5952,3.5,1513129812
144,5952,4.5,1136812665
148,5952,3.0,1482548769
160,5952,1.5,1058457627
165,5952,5.0,1046741479
166,5952,4.5,1188774589
167,5952,4.5,1154721758
169,5952,4.5,1059494459
177,5952,2.0,1435523704
178,5952,4.0,1164355151
182,5952,3.0,1054780151
185,5952,4.0,1044311345
187,5952,4.5,1161850077
189,5952,4.0,1439465085
196,5952,3.0,1460954073
200,5952,4.5,1229886220
203,5952,5.0,1390094680
209,5952,5.0,1524522312
210,5952,4.0,1527266258
212,5952,3.0,1490121325
213,5952,4.0,1316196318
215,5952,4.0,1260908646
218,5952,4.0,1111625099
219,5952,3.5,1194681162
220,5952,4.5,1230059774
222,5952,3.5,1391350288
226,5952,4.0,1096420307
230,5952,3.5,1196304332
231,5952,3.0,1433089516
232,5952,4.0,1101397634
233,5952,4.0,1529333692
239,5952,5.0,1221147996
246,5952,5.0,1354126780
247,5952,4.0,1467644097
249,5952,4.5,1346757871
254,5952,4.0,1180445997
257,5952,3.0,1141625449
263,5952,4.0,1090948148
264,5952,4.5,1136978216
274,5952,3.5,1171409985
275,5952,4.0,1049077375
279,5952,5.0,1506394321
286,5952,4.5,1119563664
287,5952,4.0,1110229889
288,5952,3.5,1054568854
292,5952,3.5,1293562362
298,5952,4.0,1447518010
305,5952,5.0,1460135301
307,5952,3.0,1186161442
308,5952,4.0,1421373893
309,5952,4.0,1126452219
312,5952,5.0,1043177848
316,5952,3.0,1111493156
318,5952,3.5,1278433377
326,5952,4.0,1436898129
328,5952,4.0,1494212029
330,5952,4.0,1285904333
331,5952,4.5,1537157649
332,5952,4.0,1352672152
334,5952,3.5,1225479031
338,5952,3.0,1530148450
339,5952,4.0,1460186708
343,5952,5.0,1202060837
348,5952,5.0,1378850762
351,5952,4.0,1328288187
352,5952,5.0,1493675358
356,5952,3.5,1229142865
362,5952,5.0,1530639765
365,5952,3.0,1488332400
370,5952,4.5,1159163439
376,5952,3.5,1364933227
378,5952,4.5,1445345919
380,5952,5.0,1493423201
381,5952,4.0,1200824343
382,5952,5.0,1515160698
393,5952,5.0,1430505860
399,5952,5.0,1167220309
401,5952,3.0,1510450411
407,5952,5.0,1424349191
408,5952,5.0,1467371725
414,5952,5.0,1040398879
416,5952,2.5,1187496441
417,5952,5.0,1529284447
418,5952,5.0,1461865702
420,5952,4.5,1218041507
425,5952,4.5,1085490982
426,5952,2.0,1451080988
427,5952,4.5,1053069669
428,5952,3.5,1111487925
432,5952,4.0,1316391585
434,5952,5.0,1270604127
438,5952,4.0,1105650247
439,5952,4.0,1436944011
443,5952,5.0,1501722497
445,5952,4.0,1454621808
448,5952,4.0,1042547681
449,5952,2.0,1053199980
460,5952,5.0,1359177948
462,5952,4.0,1121921155
463,5952,5.0,1145460278
464,5952,5.0,1275549392
466,5952,4.0,1439885197
472,5952,4.0,1345843267
474,5952,5.0,1046809381
475,5952,5.0,1498029355
477,5952,4.0,1200939884
480,5952,4.5,1179160168
483,5952,4.5,1181494857
487,5952,4.0,1428574197
488,5952,5.0,1112382123
489,5952,4.0,1332772103
490,5952,3.5,1328145283
495,5952,0.5,1458635266
496,5952,4.0,1415520446
497,5952,2.0,1429127337
504,5952,4.0,1064450662
509,5952,5.0,1435992279
510,5952,3.0,1141158768
513,5952,3.0,1159980557
514,5952,2.0,1533871481
520,5952,3.5,1326609169
522,5952,2.5,1253345717
523,5952,5.0,1503125927
534,5952,4.0,1459787997
537,5952,4.5,1424138068
549,5952,3.5,1464282659
551,5952,2.0,1504320891
556,5952,4.0,1534320953
560,5952,4.0,1469647848
561,5952,5.0,1491090823
567,5952,3.0,1525287070
573,5952,4.5,1248840084
580,5952,4.5,1167673966
581,5952,4.5,1447007282
586,5952,5.0,1529899142
590,5952,5.0,1258416542
593,5952,4.0,1181007502
596,5952,3.5,1535708244
599,5952,3.0,1498523254
600,5952,5.0,1237764306
601,5952,5.0,1441639519
605,5952,5.0,1277175638
606,5952,4.5,1171310163
608,5952,4.5,1117407736
610,5952,5.0,1479545858
64,5954,4.5,1161565626
165,5954,3.0,1046741479
182,5954,4.0,1054781285
187,5954,3.5,1161849602
221,5954,4.5,1119984263
233,5954,4.0,1529334180
254,5954,3.5,1180564555
274,5954,3.5,1222410017
288,5954,3.0,1074527804
298,5954,3.0,1447598509
414,5954,4.0,1070049637
438,5954,3.0,1105665715
448,5954,4.0,1105617299
474,5954,4.0,1087831597
484,5954,4.0,1342294899
553,5954,4.5,1219559284
580,5954,4.0,1167790695
585,5954,4.0,1307418394
599,5954,3.5,1498500931
606,5954,4.0,1175637641
608,5954,4.0,1147794946
610,5954,5.0,1493845265
15,5971,2.0,1510577982
16,5971,4.0,1377477298
17,5971,4.0,1326943200
23,5971,4.0,1107163678
87,5971,5.0,1296109039
105,5971,4.0,1446571864
132,5971,3.5,1157920697
140,5971,1.0,1117729302
177,5971,4.0,1435530252
187,5971,3.5,1161954458
212,5971,4.0,1490115749
246,5971,5.0,1354126491
251,5971,5.0,1470677181
260,5971,4.5,1109409550
298,5971,3.0,1447518017
305,5971,3.5,1461792662
318,5971,4.5,1414922524
334,5971,3.5,1225478554
343,5971,4.0,1202060799
380,5971,5.0,1493494879
381,5971,4.0,1166979367
387,5971,3.5,1134964837
398,5971,5.0,1311207950
414,5971,5.0,1039531016
445,5971,2.0,1454622229
474,5971,4.0,1104847589
477,5971,4.0,1200939353
483,5971,5.0,1415579318
489,5971,4.5,1333232174
509,5971,4.0,1435992329
523,5971,5.0,1503125882
525,5971,4.0,1476478158
567,5971,2.0,1525288422
596,5971,5.0,1535708665
600,5971,4.5,1237746699
601,5971,4.5,1521467674
606,5971,3.5,1172014973
7,5989,4.0,1106636600
15,5989,5.0,1510571938
18,5989,4.0,1455209729
20,5989,4.5,1054037112
21,5989,3.5,1421521738
28,5989,3.5,1236314244
41,5989,4.0,1458939704
45,5989,5.0,1057007320
47,5989,2.0,1496206727
62,5989,4.5,1521490252
63,5989,4.0,1443200569
68,5989,3.5,1158531389
77,5989,2.0,1535107548
80,5989,4.5,1377308736
88,5989,4.0,1331421744
91,5989,2.5,1112713128
100,5989,4.5,1100185975
105,5989,4.5,1446571824
108,5989,5.0,1042839780
111,5989,4.0,1516140866
119,5989,4.5,1437850946
122,5989,4.5,1461561485
140,5989,4.0,1055896017
141,5989,3.0,1513130242
165,5989,4.0,1046741479
166,5989,4.0,1190828617
169,5989,5.0,1059429189
177,5989,4.5,1435524309
190,5989,4.0,1504310079
199,5989,4.0,1068349404
200,5989,4.5,1229886260
219,5989,3.5,1194686282
220,5989,4.0,1230060280
222,5989,4.5,1391353485
226,5989,4.5,1162428551
232,5989,4.0,1218165777
233,5989,3.5,1533296504
239,5989,4.0,1221158364
247,5989,3.5,1467645413
249,5989,3.5,1346757924
256,5989,4.5,1446999599
258,5989,5.0,1534892908
261,5989,5.0,1404881369
274,5989,4.0,1171409954
280,5989,4.5,1348532480
282,5989,5.0,1378491747
286,5989,3.5,1119563922
287,5989,2.5,1110230105
288,5989,3.5,1071523192
292,5989,2.0,1323631830
298,5989,3.0,1447518368
301,5989,4.0,1211378412
305,5989,5.0,1460135847
307,5989,3.5,1186087717
312,5989,4.0,1043177872
317,5989,5.0,1430364915
318,5989,4.0,1254132905
328,5989,3.5,1494211157
330,5989,4.0,1285905623
339,5989,5.0,1460183188
344,5989,4.0,1420497217
351,5989,4.0,1326106763
354,5989,4.0,1200870427
356,5989,3.5,1229143174
357,5989,4.5,1348610475
361,5989,2.5,1204046052
362,5989,3.5,1530640313
365,5989,5.0,1488333548
370,5989,3.5,1159163380
376,5989,4.5,1364994668
380,5989,4.0,1494528180
381,5989,4.0,1165975319
390,5989,2.0,1250340710
405,5989,3.5,1295921683
414,5989,4.0,1057178061
425,5989,3.5,1085491094
426,5989,4.0,1451080799
428,5989,3.0,1111524670
432,5989,4.0,1328050236
434,5989,3.5,1270606691
438,5989,3.5,1105650234
448,5989,4.0,1071155545
460,5989,4.0,1359177641
464,5989,5.0,1325594530
466,5989,3.5,1439915281
474,5989,4.0,1087831605
480,5989,5.0,1179161120
483,5989,4.5,1415579308
489,5989,3.5,1333101797
495,5989,5.0,1458635384
504,5989,4.0,1072066257
517,5989,2.0,1487953187
519,5989,4.0,1518379967
523,5989,5.0,1503127464
525,5989,3.5,1476476138
537,5989,5.0,1424139594
542,5989,4.5,1163386996
543,5989,5.0,1377068549
550,5989,4.0,1488728316
551,5989,4.0,1504925807
553,5989,5.0,1230773849
560,5989,4.0,1469650019
561,5989,3.0,1491092299
562,5989,4.0,1368893948
570,5989,3.5,1181476668
573,5989,4.0,1186589235
581,5989,3.5,1447007433
590,5989,3.5,1258417855
593,5989,2.0,1181008210
596,5989,3.0,1535708327
599,5989,3.0,1498523331
601,5989,4.5,1441639889
606,5989,3.0,1232574627
608,5989,4.0,1189471178
610,5989,3.5,1493844847
7,5991,4.5,1106712818
20,5991,5.0,1054037184
47,5991,2.0,1496212058
64,5991,3.5,1161521014
68,5991,3.5,1158532046
82,5991,3.5,1084465059
104,5991,5.0,1048586982
111,5991,2.5,1516141015
132,5991,4.0,1157924892
141,5991,3.5,1513132416
156,5991,4.5,1106882117
160,5991,5.0,1058457539
165,5991,4.0,1046741509
167,5991,3.5,1154723191
169,5991,5.0,1059427542
177,5991,4.0,1435524552
182,5991,4.0,1054781296
190,5991,3.5,1504310163
200,5991,5.0,1229887017
226,5991,3.5,1096419885
232,5991,4.0,1242616806
253,5991,5.0,1286645331
263,5991,5.0,1090948177
275,5991,4.0,1049077392
298,5991,2.5,1447598234
307,5991,3.0,1186087834
312,5991,4.0,1043177830
339,5991,2.5,1460182567
357,5991,4.5,1348626984
380,5991,4.0,1493420515
387,5991,2.5,1094877623
414,5991,5.0,1050934893
438,5991,3.0,1105653953
474,5991,4.0,1061831865
489,5991,4.0,1334170992
504,5991,3.5,1063644719
509,5991,3.0,1436393825
517,5991,2.5,1487953665
522,5991,1.5,1253342770
525,5991,4.5,1476478362
542,5991,4.5,1163387490
560,5991,4.0,1469649470
563,5991,3.5,1441846705
580,5991,2.0,1167790126
596,5991,3.5,1535827554
599,5991,2.0,1498510398
600,5991,4.0,1237713076
606,5991,4.0,1173570295
608,5991,4.0,1147794822
414,5994,4.0,1060054222
474,5994,4.0,1130961748
18,5995,4.5,1455735416
28,5995,3.0,1234337599
29,5995,5.0,1308084202
41,5995,4.0,1458939707
62,5995,4.5,1521488875
68,5995,4.0,1208744728
70,5995,4.0,1355198446
74,5995,5.0,1207499219
88,5995,4.5,1331421739
105,5995,4.0,1446572114
116,5995,3.5,1337199544
119,5995,4.5,1439148522
140,5995,3.0,1058312828
169,5995,4.5,1059428553
178,5995,4.5,1163673634
182,5995,4.5,1054780324
184,5995,4.5,1537094723
196,5995,3.0,1460954120
199,5995,5.0,1112634613
204,5995,4.0,1327183646
232,5995,4.5,1234812237
233,5995,4.0,1529334423
249,5995,3.5,1346757595
254,5995,4.5,1180563870
282,5995,4.0,1378498756
285,5995,4.0,1451152122
300,5995,4.5,1425351827
317,5995,2.0,1430517231
326,5995,5.0,1322867613
330,5995,3.5,1285904449
339,5995,5.0,1460518996
346,5995,4.0,1094650999
352,5995,5.0,1493932042
365,5995,1.0,1488332538
381,5995,5.0,1164876462
414,5995,4.5,1068840189
445,5995,3.5,1454621996
463,5995,3.0,1145460409
464,5995,4.0,1287403490
474,5995,4.5,1054300218
480,5995,5.0,1179163003
488,5995,4.5,1112382793
489,5995,3.5,1332773638
581,5995,5.0,1447007147
599,5995,4.0,1498499537
606,5995,4.5,1171233543
182,6002,3.0,1054784532
414,6002,3.5,1060644526
474,6002,3.5,1089387206
111,6003,4.0,1516468531
156,6003,3.5,1106882187
182,6003,3.0,1054780821
288,6003,4.0,1066059244
356,6003,4.5,1229139513
387,6003,3.5,1208707060
414,6003,3.5,1092414917
474,6003,3.5,1087831997
480,6003,3.5,1179161261
552,6003,3.0,1112151145
580,6003,3.5,1167860103
599,6003,3.0,1498527101
600,6003,3.0,1237759526
608,6003,4.5,1117408056
610,6003,4.0,1493847220
17,6016,4.5,1322628668
41,6016,4.0,1459367510
60,6016,4.0,1393542073
63,6016,4.5,1443200443
64,6016,3.5,1161528980
74,6016,5.0,1207499961
76,6016,3.0,1439165680
83,6016,5.0,1332839803
95,6016,5.0,1043535817
103,6016,5.0,1431954407
105,6016,5.0,1446571750
110,6016,4.5,1175329902
123,6016,3.5,1447291746
125,6016,4.0,1474412458
131,6016,4.0,1349840193
152,6016,4.5,1450572447
168,6016,4.5,1306801996
177,6016,3.5,1435523924
178,6016,5.0,1163673907
182,6016,4.0,1054780785
190,6016,5.0,1504310109
193,6016,4.0,1435857246
199,6016,4.0,1261363782
221,6016,5.0,1111178346
233,6016,3.5,1529334235
241,6016,3.5,1447537098
246,6016,3.5,1354145963
247,6016,4.0,1467644041
253,6016,4.5,1286645187
260,6016,4.0,1109410444
274,6016,4.0,1171408923
295,6016,4.0,1320064785
298,6016,2.5,1447517995
300,6016,5.0,1425351465
305,6016,5.0,1460135166
307,6016,3.5,1186174274
308,6016,1.0,1421373889
317,6016,3.0,1430361487
318,6016,4.0,1237233075
326,6016,5.0,1322252030
331,6016,5.0,1537157775
334,6016,4.0,1225478541
339,6016,5.0,1460519019
343,6016,5.0,1202061256
348,6016,5.0,1378850204
351,6016,4.0,1325979340
380,6016,4.0,1493423330
387,6016,3.5,1124381955
390,6016,4.5,1250335639
397,6016,4.0,1181967357
414,6016,4.0,1100799550
415,6016,4.5,1382469973
417,6016,5.0,1529284353
425,6016,4.5,1163190805
432,6016,4.0,1315243024
433,6016,3.5,1506823864
434,6016,5.0,1270603333
443,6016,4.0,1420236762
445,6016,2.0,1454621781
448,6016,5.0,1313254231
454,6016,4.0,1279547126
471,6016,4.0,1496671906
474,6016,4.0,1100119665
480,6016,3.5,1179160098
483,6016,4.0,1178213569
490,6016,4.0,1324372402
522,6016,4.5,1254133614
553,6016,5.0,1230774519
580,6016,4.5,1167673960
585,6016,5.0,1307417172
599,6016,3.0,1519117170
601,6016,4.0,1521467806
606,6016,4.0,1172927849
608,6016,3.0,1117336705
610,6016,5.0,1479542903
474,6020,3.5,1100292449
260,6027,4.5,1109410809
414,6027,4.0,1045422490
503,6027,4.0,1335219232
474,6031,4.0,1123505014
606,6031,3.0,1171813539
182,6041,4.0,1075765402
474,6041,4.0,1181348253
560,6041,3.5,1469653173
62,6058,3.5,1525555043
182,6058,2.5,1063274888
213,6058,4.0,1316196114
232,6058,3.0,1218167998
249,6058,3.0,1347887400
274,6058,3.0,1171829273
307,6058,2.0,1224508546
380,6058,3.0,1494528747
419,6058,3.5,1321658826
610,6058,3.0,1493848140
387,6063,3.5,1176617020
474,6063,2.5,1090873646
610,6063,4.0,1493848298
474,6090,3.5,1089387203
474,6101,4.0,1137900960
63,6104,5.0,1443348557
204,6104,4.0,1327170408
282,6104,4.5,1378497543
330,6104,4.0,1285904376
420,6104,4.0,1218041309
428,6104,4.0,1111525855
448,6104,4.0,1168120566
474,6104,4.0,1048709307
608,6104,4.0,1117415687
606,6107,4.0,1171324428
20,6156,3.0,1054036804
82,6156,4.5,1084467370
89,6156,4.0,1520408712
169,6156,3.5,1059494304
177,6156,3.0,1435525284
219,6156,3.0,1195927600
232,6156,3.0,1192670177
274,6156,2.5,1171785248
275,6156,4.0,1049077854
380,6156,3.0,1494267470
438,6156,3.0,1105664529
474,6156,3.5,1053021419
480,6156,3.0,1179165527
509,6156,3.0,1435994525
534,6156,4.0,1459787996
560,6156,2.0,1469649241
561,6156,1.5,1491091752
586,6156,4.0,1529901464
610,6156,3.5,1479542300
20,6157,2.0,1054036811
28,6157,1.5,1234516438
68,6157,2.0,1158533718
82,6157,3.0,1084467535
132,6157,3.0,1161799768
139,6157,2.0,1453924649
166,6157,2.5,1189037950
177,6157,3.0,1435524857
182,6157,2.5,1054782361
219,6157,1.5,1195349012
232,6157,4.0,1141776676
274,6157,2.5,1171758527
288,6157,3.5,1092077421
331,6157,1.0,1537158428
380,6157,3.0,1494267353
381,6157,2.5,1167542724
414,6157,3.0,1061156233
425,6157,3.5,1106482953
438,6157,4.0,1105665526
448,6157,1.5,1178982323
474,6157,3.0,1060009171
477,6157,3.5,1200941598
495,6157,2.0,1458636454
525,6157,2.0,1476481009
528,6157,2.5,1391736766
567,6157,0.5,1525289867
590,6157,2.0,1267236815
596,6157,1.5,1535709926
599,6157,2.5,1498514104
605,6157,2.5,1277176110
608,6157,4.0,1147794837
610,6157,2.5,1493847428
414,6159,5.0,1056125978
474,6159,3.5,1061688936
474,6163,4.5,1100120048
20,6170,4.0,1054036780
414,6170,3.0,1073681268
474,6170,3.5,1087831885
474,6178,4.0,1077028739
474,6181,4.0,1098104447
100,6183,4.5,1100184242
474,6183,4.0,1061160987
606,6183,3.0,1182353292
64,6188,5.0,1161529471
66,6188,3.5,1113190478
68,6188,4.5,1158533516
89,6188,3.0,1520408748
104,6188,2.0,1299097827
111,6188,4.5,1516141123
122,6188,4.5,1461562434
124,6188,4.0,1336409872
165,6188,4.0,1046741544
169,6188,4.5,1070250469
182,6188,3.0,1063274775
219,6188,2.5,1198814579
226,6188,5.0,1095663787
232,6188,4.0,1206994985
249,6188,4.5,1353800571
274,6188,3.0,1177013169
282,6188,3.0,1378498852
287,6188,3.5,1110230753
298,6188,3.0,1449592198
354,6188,2.5,1200953469
356,6188,3.5,1229141077
361,6188,4.5,1204045396
414,6188,4.0,1057951571
424,6188,4.5,1457846063
428,6188,4.0,1111523625
438,6188,3.5,1105650249
448,6188,3.5,1098963762
480,6188,4.0,1179164119
484,6188,4.0,1342297542
525,6188,1.0,1476479638
542,6188,1.0,1163388422
561,6188,3.5,1491092276
564,6188,4.5,1478451457
573,6188,4.5,1341797605
583,6188,3.0,1481474507
590,6188,2.5,1258420034
599,6188,3.0,1498523129
606,6188,1.5,1181774099
608,6188,3.5,1117336762
414,6195,4.0,1100799734
474,6195,4.0,1138498639
318,6197,3.0,1413657027
414,6197,3.5,1095465866
474,6197,3.5,1059745050
474,6201,5.0,1100119681
64,6214,4.0,1161530839
105,6214,4.5,1448647899
187,6214,4.0,1161849883
241,6214,4.0,1447540076
351,6214,4.0,1328625708
387,6214,3.5,1157086884
432,6214,3.5,1335141351
567,6214,3.0,1525283375
610,6214,4.5,1479544856
414,6216,4.0,1085415507
474,6216,3.5,1087831912
64,6218,4.0,1161528931
68,6218,2.0,1359323476
89,6218,2.5,1520408376
91,6218,1.5,1112716514
95,6218,4.5,1071803774
104,6218,4.0,1113078164
129,6218,4.5,1167377076
132,6218,3.0,1157979608
140,6218,3.0,1079472399
144,6218,3.5,1136813125
156,6218,4.5,1106882100
169,6218,4.0,1070250407
199,6218,3.5,1060288894
200,6218,4.0,1229878108
226,6218,2.5,1160003743
254,6218,1.5,1180443616
263,6218,4.0,1090948166
275,6218,5.0,1049077892
280,6218,3.0,1348452905
286,6218,3.0,1119564143
298,6218,1.5,1449592129
307,6218,1.0,1186086232
318,6218,2.5,1421145791
341,6218,3.0,1487285119
354,6218,3.5,1200941414
380,6218,4.0,1494528264
381,6218,4.5,1164384265
382,6218,3.5,1515161056
390,6218,2.0,1250338868
414,6218,5.0,1046700673
438,6218,3.5,1105650299
448,6218,2.0,1059305279
466,6218,4.0,1439915483
474,6218,4.0,1065446118
487,6218,2.0,1428574317
489,6218,2.5,1332774555
525,6218,3.5,1476479569
560,6218,3.5,1469650269
593,6218,5.0,1181007189
606,6218,4.0,1173570337
474,6228,4.0,1201833268
474,6232,4.0,1100292003
74,6235,5.0,1207500979
462,6235,4.5,1130434007
474,6235,3.5,1081177581
3,6238,0.5,1306464204
66,6238,3.0,1113190432
104,6238,4.0,1048587200
414,6238,1.5,1053624121
427,6238,2.5,1053069302
474,6238,3.5,1089387186
489,6238,4.0,1333830922
599,6238,2.5,1519243824
606,6238,4.0,1171822674
34,6242,3.5,1168811107
64,6242,3.0,1161531115
91,6242,4.5,1112711572
249,6242,4.0,1440669320
274,6242,3.0,1177986796
334,6242,2.0,1225476898
346,6242,4.5,1094651413
380,6242,3.0,1495234801
474,6242,3.5,1081177719
562,6242,3.5,1368892935
600,6242,3.5,1237762026
74,6244,4.0,1207501952
474,6244,3.0,1165539873
474,6245,3.5,1108868064
275,6254,5.0,1049076289
474,6254,4.5,1091795922
414,6268,4.0,1093392913
474,6268,3.5,1062387773
414,6269,4.0,1071505645
474,6269,4.5,1064007586
474,6273,3.5,1137521015
28,6281,1.5,1242290481
64,6281,4.0,1161529402
68,6281,2.0,1158533891
80,6281,3.5,1377307782
105,6281,4.0,1446750480
140,6281,3.0,1055092087
182,6281,2.5,1077069874
219,6281,2.5,1195335045
232,6281,3.5,1160773785
249,6281,4.0,1355842196
274,6281,4.0,1173041184
298,6281,1.5,1449592224
317,6281,4.0,1430598221
331,6281,3.0,1537158328
339,6281,4.0,1460185320
380,6281,3.5,1508777884
387,6281,3.5,1117430507
393,6281,3.0,1430507697
414,6281,2.5,1092323929
448,6281,3.0,1104484674
466,6281,4.0,1439915640
473,6281,2.0,1169351257
474,6281,3.5,1058207172
480,6281,3.5,1179164201
484,6281,2.5,1342297580
489,6281,1.5,1333022761
525,6281,3.5,1476480996
560,6281,3.0,1469650412
573,6281,4.5,1187045074
590,6281,2.5,1258420029
608,6281,4.0,1147211592
610,6281,3.5,1493845223
91,6283,4.5,1112711118
167,6283,5.0,1154721982
184,6283,4.0,1537094484
187,6283,3.5,1161849854
219,6283,3.5,1194686321
232,6283,2.5,1218169987
260,6283,3.5,1109408732
298,6283,4.5,1477826181
320,6283,3.5,1284251627
371,6283,4.5,1407692888
387,6283,3.5,1094876579
414,6283,4.0,1058144594
428,6283,3.5,1111489915
438,6283,4.5,1105654672
477,6283,4.5,1200945654
483,6283,4.5,1182705026
522,6283,4.0,1325711214
580,6283,2.0,1167674225
599,6283,4.0,1498500162
610,6283,4.5,1493845616
346,6286,3.5,1125857676
414,6286,4.0,1128977038
474,6286,4.0,1081177442
606,6286,4.0,1209754411
95,6288,4.0,1071803767
260,6288,4.5,1109409945
414,6288,3.5,1058630880
474,6288,3.5,1066136312
474,6289,3.5,1124370410
222,6290,2.0,1391354307
274,6290,3.5,1172030687
387,6290,1.0,1183962926
424,6290,4.5,1457902361
480,6290,2.5,1179166044
599,6290,2.5,1498511769
610,6290,3.0,1493848205
132,6291,3.5,1157924194
474,6291,4.0,1124651703
567,6291,3.0,1525287035
64,6296,4.0,1161563806
156,6296,4.0,1106882113
232,6296,2.5,1218169594
287,6296,5.0,1110231591
357,6296,4.5,1348610640
369,6296,3.0,1237082209
414,6296,3.5,1095465901
448,6296,4.0,1111752338
474,6296,4.0,1065446100
480,6296,3.0,1179163658
514,6296,4.0,1533945149
525,6296,4.0,1476476997
608,6296,2.5,1117503042
610,6296,4.5,1493847225
20,6297,4.0,1054036670
68,6297,3.5,1268849058
111,6297,3.5,1516141385
140,6297,3.0,1067987036
156,6297,4.0,1106882124
177,6297,3.5,1435525391
232,6297,4.0,1101397722
274,6297,3.5,1171785553
288,6297,4.0,1079983926
292,6297,4.5,1265679933
298,6297,2.0,1447598932
307,6297,2.5,1186172398
380,6297,4.0,1494528673
381,6297,3.5,1168666075
401,6297,3.5,1510449784
414,6297,3.5,1095465832
438,6297,2.5,1105653985
474,6297,3.5,1087831902
509,6297,3.5,1436000468
590,6297,2.5,1258419279
140,6299,3.0,1087314647
156,6299,4.5,1106854139
263,6299,3.5,1090948238
414,6299,4.0,1095465986
474,6299,3.5,1117827663
477,6299,4.5,1200946958
480,6299,3.0,1179163385
514,6299,2.5,1533946273
599,6299,3.0,1498521628
74,6305,4.0,1207501486
182,6305,4.5,1077804792
288,6305,3.5,1054568322
332,6305,3.5,1352672403
387,6305,3.5,1118521045
474,6305,4.5,1100291665
489,6305,3.0,1333658969
580,6305,2.5,1167860802
599,6305,2.5,1519135714
606,6305,4.5,1171409905
414,6308,2.5,1053624011
474,6308,2.0,1049825634
599,6308,2.0,1519346342
606,6308,4.0,1171405616
51,6323,4.5,1230929957
64,6323,3.5,1161529340
68,6323,2.5,1158533404
80,6323,4.0,1377309132
132,6323,3.0,1157924990
182,6323,3.5,1063274549
226,6323,4.0,1139535404
274,6323,4.0,1171784745
307,6323,3.0,1186174191
357,6323,3.5,1348610043
380,6323,5.0,1494071332
414,6323,3.5,1086207088
424,6323,4.5,1457901999
425,6323,4.0,1106483560
474,6323,3.0,1089386843
477,6323,4.0,1200941710
510,6323,1.5,1141159141
518,6323,4.5,1056907754
562,6323,4.5,1368893132
570,6323,4.0,1181554615
608,6323,4.0,1117336923
610,6323,3.0,1493849089
91,6327,3.5,1112712880
289,6327,3.5,1143425037
474,6327,3.5,1138486464
64,6331,4.5,1161620595
169,6331,5.0,1085699639
223,6331,4.0,1226209441
232,6331,3.0,1182907455
260,6331,4.5,1109410611
263,6331,3.5,1090948190
287,6331,4.0,1110230760
357,6331,4.5,1348612791
414,6331,4.0,1069081966
448,6331,3.5,1113580318
474,6331,4.0,1075129585
525,6331,4.5,1476477299
608,6331,2.0,1117503528
